id,title,vote_count,vote_average,score
278,The Shawshank Redemption,8358.0,8.5,8.074000353958844
155,The Dark Knight,12269.0,8.3,8.019103278958022
550,Fight Club,9678.0,8.3,7.957204444193479
238,The Godfather,6024.0,8.5,7.951309175723531
680,Pulp Fiction,8670.0,8.3,7.925061232341055
27205,Inception,14075.0,8.1,7.876255388881098
157336,Interstellar,11187.0,8.1,7.827549813227962
13,Forrest Gump,8147.0,8.2,7.826225022573173
122,The Lord of the Rings: The Return of the King,8226.0,8.1,7.7492722160115965
1891,The Empire Strikes Back,5998.0,8.2,7.726788602876313
11,Star Wars,6778.0,8.1,7.691939104940163
77338,The Intouchables,5410.0,8.2,7.68963904893954
120,The Lord of the Rings: The Fellowship of the Ring,8892.0,8.0,7.6895184533838306
424,Schindler's List,4436.0,8.3,7.681429721622283
244786,Whiplash,4376.0,8.3,7.675680882690342
121,The Lord of the Rings: The Two Towers,7641.0,8.0,7.649562233588766
807,Se7en,5915.0,8.1,7.647891730980771
118340,Guardians of the Galaxy,10014.0,7.9,7.635521231244111
129,Spirited Away,3968.0,8.3,7.633563768649662
603,The Matrix,9079.0,7.9,7.613360754784699
101,Leon: The Professional,4293.0,8.2,7.600187039691934
637,Life Is Beautiful,3643.0,8.3,7.595717592256567
105,Back to the Future,6239.0,8.0,7.590502646921151
497,The Green Mile,4166.0,8.2,7.587990937264101
205596,The Imitation Game,5895.0,8.0,7.572838951291821
240,The Godfather: Part II,3418.0,8.3,7.566895296356772
68718,Django Unchained,10297.0,7.8,7.558373589180268
274,The Silence of the Lambs,4549.0,8.1,7.55472767098933
8587,The Lion King,5520.0,8.0,7.551761787196589
106646,The Wolf of Wall Street,6768.0,7.9,7.5384933227024025
150540,Inside Out,6737.0,7.9,7.5372222814697505
16869,Inglourious Basterds,6598.0,7.9,7.531411450239368
77,Memento,4168.0,8.1,7.521476963580809
12445,Harry Potter and the Deathly Hallows: Part 2,6141.0,7.9,7.510921729800657
510,One Flew Over the Cuckoo's Nest,3001.0,8.3,7.506728465071436
210577,Gone Girl,6023.0,7.9,7.505255739527545
694,The Shining,3890.0,8.1,7.494537139273313
120467,The Grand Budapest Hotel,4644.0,8.0,7.493365059913401
500,Reservoir Dogs,3821.0,8.1,7.487457442378721
1124,The Prestige,4510.0,8.0,7.483063148370582
98,Gladiator,5566.0,7.9,7.481661794100761
769,GoodFellas,3211.0,8.2,7.477525207118705
14160,Up,7048.0,7.8,7.4723691512995485
73,American History X,3120.0,8.2,7.464881776671836
857,Saving Private Ryan,5148.0,7.9,7.457468852801239
11324,Shutter Island,6559.0,7.8,7.4538239015858085
10681,WALL·E,6439.0,7.8,7.448947580934824
177572,Big Hero 6,6289.0,7.8,7.442655529618975
1892,Return of the Jedi,4763.0,7.9,7.432571039479276
629,The Usual Suspects,3334.0,8.1,7.432357519852365
348,Alien,4564.0,7.9,7.418570578436731
1422,The Departed,4455.0,7.9,7.410540554190119
539,Psycho (1960),2405.0,8.3,7.401311496138132
152601,Her,4215.0,7.9,7.391879521617284
185,A Clockwork Orange,3432.0,8.0,7.381963188092184
49026,The Dark Knight Rises,9263.0,7.6,7.373021303506118
264644,Room,2838.0,8.1,7.365022416780308
78,Blade Runner,3833.0,7.9,7.359052925291897
37165,The Truman Show,4702.0,7.8,7.359035674784496
673,Harry Potter and the Prisoner of Azkaban,6037.0,7.7,7.357186134521553
207,Dead Poets Society,2786.0,8.1,7.357168075012016
76203,12 Years a Slave,3787.0,7.9,7.354811613292208
38,Eternal Sunshine of the Spotless Mind,3758.0,7.9,7.352103391533794
103,Taxi Driver,2632.0,8.1,7.3328902035473025
111,Scarface (1983),3017.0,8.0,7.331641863193619
286217,The Martian,7442.0,7.6,7.329613366443294
862,Toy Story,5415.0,7.7,7.328736281710313
14,American Beauty,3438.0,7.9,7.3203294692059035
24,Kill Bill: Vol. 1,5091.0,7.7,7.3119617337458385
269149,Zootopia,4961.0,7.7,7.3047972211995145
12,Finding Nemo,6292.0,7.6,7.292472123532118
146233,Prisoners,3183.0,7.9,7.292243322586138
389,12 Angry Men (1957),2130.0,8.2,7.2920134430586385
429,"The Good, the Bad and the Ugly",2371.0,8.1,7.287907524147589
207703,Kingsman: The Secret Service,6069.0,7.6,7.284056472871316
752,V for Vendetta,4562.0,7.7,7.281056315480351
62,2001: A Space Odyssey,3075.0,7.9,7.279510372477855
100402,Captain America: The Winter Soldier,5881.0,7.6,7.276595380526786
4935,Howl's Moving Castle,2049.0,8.2,7.274200945665294
128,Princess Mononoke,2041.0,8.2,7.272403692013908
152532,Dallas Buyers Club,2973.0,7.9,7.2669850274799295
140607,Star Wars: The Force Awakens,7993.0,7.5,7.2650526404484
280,Terminator 2: Judgment Day,4274.0,7.7,7.262067217180606
597,Titanic (1997),7770.0,7.5,7.259733500637537
489,Good Will Hunting,2880.0,7.9,7.255115877096486
194,Amélie,3403.0,7.8,7.254564056685673
266856,The Theory of Everything,3403.0,7.8,7.254564056685673
272,Batman Begins,7511.0,7.5,7.253245194126204
393,Kill Bill: Vol. 2,4061.0,7.7,7.24687743665145
24428,The Avengers (2012),12000.0,7.4,7.246688517686833
22,Pirates of the Caribbean: The Curse of the Black Pearl,7191.0,7.5,7.244728101716083
671,Harry Potter and the Philosopher's Stone,7188.0,7.5,7.244645471178061
293660,Deadpool,11444.0,7.4,7.2403855378498685
85,Raiders of the Lost Ark,3949.0,7.7,7.23845976407247
640,Catch Me If You Can,3917.0,7.7,7.235996964224267
137113,Edge of Tomorrow,4979.0,7.6,7.235270400640989
329,Jurassic Park,4956.0,7.6,7.234078126564958
13223,Gran Torino,3181.0,7.8,7.231547913324535
264660,Ex Machina,4862.0,7.6,7.22912322828668
598,City of God,1852.0,8.2,7.227816222130167
5915,Into the Wild,3139.0,7.8,7.22697324071024
10193,Toy Story 3,4710.0,7.6,7.220820771081483
57158,The Hobbit: The Desolation of Smaug,4633.0,7.6,7.216471446175633
600,Full Metal Jacket,2595.0,7.9,7.215801665173897
127585,X-Men: Days of Future Past,6155.0,7.5,7.21261355498269
585,"Monsters, Inc.",6150.0,7.5,7.212438957053775
115,The Big Lebowski,3001.0,7.8,7.211409676262257
141,Donnie Darko,3574.0,7.7,7.2078479637429975
641,Requiem for a Dream,2525.0,7.9,7.20540114324905
1726,Iron Man,8951.0,7.4,7.2043125927145635
273248,The Hateful Eight,4405.0,7.6,7.202987223433444
674,Harry Potter and the Goblet of Fire,5758.0,7.5,7.19805714435595
423,The Pianist,1927.0,8.1,7.197921609854058
12444,Harry Potter and the Deathly Hallows: Part 1,5708.0,7.5,7.1961186184560395
197,Braveheart,3404.0,7.7,7.192591470492021
28,Apocalypse Now,2112.0,8.0,7.187350038670479
679,Aliens,3282.0,7.7,7.181046446648088
314365,Spotlight,2751.0,7.8,7.180950329563483
627,Trainspotting,2737.0,7.8,7.179151121478261
745,The Sixth Sense,3223.0,7.7,7.175272630253862
11036,The Notebook,3163.0,7.7,7.169267682240859
222935,The Fault in Our Stars,3868.0,7.6,7.167143636816838
670,Oldboy (2003),2000.0,8.0,7.1650417271301645
453,A Beautiful Mind,3087.0,7.7,7.161461209147507
6977,No Country for Old Men,3083.0,7.7,7.161043975751212
84892,The Perks of Being a Wallflower,3056.0,7.7,7.1582106513117765
101299,The Hunger Games: Catching Fire,6656.0,7.4,7.152904033860623
107,Snatch,2953.0,7.7,7.147122859278299
567,Rear Window,1531.0,8.2,7.141392706795916
2062,Ratatouille,4510.0,7.5,7.140875423122287
242582,Nightcrawler,3475.0,7.6,7.136520039713176
76341,Mad Max: Fury Road,9629.0,7.3,7.133407521135945
672,Harry Potter and the Chamber of Secrets,5966.0,7.4,7.131713718654071
10191,How to Train Your Dragon,4319.0,7.5,7.130156040382362
675,Harry Potter and the Order of the Phoenix,5633.0,7.4,7.120130688595767
89,Indiana Jones and the Last Crusade,3221.0,7.6,7.114311961932241
767,Harry Potter and the Half-Blood Prince,5435.0,7.4,7.112756837318241
562,Die Hard,4005.0,7.5,7.111071084331789
50014,The Help,1966.0,7.9,7.109433382667783
82702,How to Train Your Dragon 2,3163.0,7.6,7.108939050459133
9806,The Incredibles,5290.0,7.4,7.107105474881745
1402,The Pursuit of Happyness,2607.0,7.7,7.106308365697247
8392,My Neighbor Totoro,1730.0,8.0,7.105870679301491
1417,Pan's Labyrinth,3122.0,7.6,7.1050686751323475
2108,The Breakfast Club,2189.0,7.8,7.099453494326406
70,Million Dollar Baby,2519.0,7.7,7.094948193523459
162,Edward Scissorhands,3731.0,7.5,7.092732168510264
122906,About Time,2140.0,7.8,7.091319090179911
12405,Slumdog Millionaire,2918.0,7.6,7.084867194470675
99861,Avengers: Age of Ultron,6908.0,7.3,7.082973536190646
194662,Birdman,4657.0,7.4,7.079585271466274
19995,Avatar,12114.0,7.2,7.077227409889757
190859,American Sniper,4600.0,7.4,7.07685117322805
13475,Star Trek,4574.0,7.4,7.075588484224365
45269,The King's Speech,2817.0,7.6,7.074242537621318
281957,The Revenant (2015),6558.0,7.3,7.074179868441552
54138,Star Trek Into Darkness,4479.0,7.4,7.070889699510548
96721,Rush (2013),2310.0,7.7,7.066142437750933
8358,Cast Away,3304.0,7.5,7.060431838075152
296096,Me Before You,2674.0,7.6,7.0584276222098925
218,The Terminator,4208.0,7.4,7.056705602717056
49047,Gravity,5879.0,7.3,7.054914529505112
75656,Now You See Me,5635.0,7.3,7.047163234318397
228150,Fury (2014),4028.0,7.4,7.046588789136243
137106,The Lego Movie,3127.0,7.5,7.045489584997881
935,Dr. Strangelove or: How I Learned to Stop Worrying and Love the Bomb,1472.0,8.0,7.04092456104526
109445,Frozen,5440.0,7.3,7.040606918211519
165,Back to the Future Part II,3926.0,7.4,7.040586750573134
109424,Captain Phillips,2495.0,7.6,7.037238001421811
10020,Beauty and the Beast (1991),3029.0,7.5,7.036771155443821
64690,Drive,3832.0,7.4,7.034872080211219
31011,Mr. Nobody,1616.0,7.9,7.034568106875016
311,Once Upon a Time in America,1104.0,8.3,7.034096639270313
275,Fargo,2080.0,7.7,7.031097007080545
7345,There Will Be Blood,1581.0,7.9,7.0262942664075485
762,Monty Python and the Holy Grail,1742.0,7.8,7.017520374312776
812,Aladdin,3495.0,7.4,7.012800472579075
38757,Tangled,3419.0,7.4,7.007449057475467
44214,Black Swan,4562.0,7.3,7.006317722145561
119450,Dawn of the Planet of the Apes,4511.0,7.3,7.004045243038517
949,Heat,1886.0,7.7,6.998376680140878
578,Jaws,2628.0,7.5,6.997315603310297
289,Casablanca,1462.0,7.9,6.996940102091988
1091,The Thing (1982),1629.0,7.8,6.993680689846105
18785,The Hangover,6324.0,7.2,6.9926417928003755
168259,Furious 7,4253.0,7.3,6.991988251068571
9479,The Nightmare Before Christmas,2135.0,7.6,6.989172349518906
138843,The Conjuring,3169.0,7.4,6.988752416122217
808,Shrek,4183.0,7.3,6.988545652544682
335,Once Upon a Time in the West,1160.0,8.1,6.9843707447969
10674,Mulan,2089.0,7.6,6.982432505692012
87827,Life of Pi,5912.0,7.2,6.981952088614758
747,Shaun of the Dead,2479.0,7.5,6.980886387129649
235,Stand by Me,1568.0,7.8,6.980197643773822
587,Big Fish,2064.0,7.6,6.978706788113929
18,The Fifth Element,3962.0,7.3,6.977153401568155
28178,Hachi: A Dog's Tale,1769.0,7.7,6.977048804116633
36557,Casino Royale (2006),3930.0,7.3,6.975434403714625
15,Citizen Kane,1244.0,8.0,6.975138613578638
863,Toy Story 2,3914.0,7.3,6.974568021856157
64682,The Great Gatsby (2013),3885.0,7.3,6.972985858155511
2501,The Bourne Identity (2002),3640.0,7.3,6.958979011111061
426,Vertigo,1162.0,8.0,6.949216365028676
12477,Grave of the Fireflies,974.0,8.2,6.948316768317985
17654,District 9,3451.0,7.3,6.9473258652862
4922,The Curious Case of Benjamin Button,3398.0,7.3,6.943913689355455
4348,Pride & Prejudice,1406.0,7.8,6.942099569587835
17431,Moon,1831.0,7.6,6.9416924262914925
601,E.T. the Extra-Terrestrial,3359.0,7.3,6.941360371874114
271110,Captain America: Civil War,7462.0,7.1,6.939169875612921
8681,Taken,4444.0,7.2,6.932887590279618
11321,Seven Pounds,2092.0,7.5,6.932732174308109
380,Rain Man,1762.0,7.6,6.929869465923479
1585,It's a Wonderful Life,1103.0,8.0,6.929738762658765
9552,The Exorcist,2046.0,7.5,6.926407735092455
1018,Mulholland Drive,1517.0,7.7,6.926399309027013
524,Casino,1343.0,7.8,6.926309760471147
63,Twelve Monkeys,2470.0,7.4,6.925573246871881
20352,Despicable Me,6595.0,7.1,6.923096040277432
85350,Boyhood,2008.0,7.5,6.921075843541314
14574,The Boy in the Striped Pyjamas,1492.0,7.7,6.920984894694695
83666,Moonrise Kingdom,1701.0,7.6,6.919057907299678
346,Seven Samurai,892.0,8.2,6.913781185620456
137,Groundhog Day,2358.0,7.4,6.913600197074035
1372,Blood Diamond,2344.0,7.4,6.912060939794689
2503,The Bourne Ultimatum,2938.0,7.3,6.91127093625977
161,Ocean's Eleven (2001),3857.0,7.2,6.906477567539682
4638,Hot Fuzz,2252.0,7.4,6.901698310138555
782,Gattaca,1846.0,7.5,6.897187176251535
1366,Rocky,1843.0,7.5,6.8967261868248935
19908,Zombieland,3655.0,7.2,6.896138936626251
277216,Straight Outta Compton,1381.0,7.7,6.896000229591504
49538,X-Men: First Class,5252.0,7.1,6.890692379872301
318846,The Big Short,2679.0,7.3,6.8901148351221835
11216,Cinema Paradiso,834.0,8.2,6.88817996005584
2118,L.A. Confidential,1340.0,7.7,6.886361494935516
9693,Children of Men,2120.0,7.4,6.8860372134441405
2493,The Princess Bride,1518.0,7.6,6.884423628623164
122917,The Hobbit: The Battle of the Five Armies,4884.0,7.1,6.879631817374437
3082,Modern Times,881.0,8.1,6.879248887892302
773,Little Miss Sunshine,1728.0,7.5,6.878507331925239
293863,The Age of Adaline,2052.0,7.4,6.877578865815103
59436,Midnight in Paris,2049.0,7.4,6.877199286647869
59440,Warrior,1297.0,7.7,6.876001123678087
322,Mystic River,1473.0,7.6,6.8753604735796205
23483,Kick-Ass,4747.0,7.1,6.875209573031107
10386,The Iron Giant,1470.0,7.6,6.874748093523772
49051,The Hobbit: An Unexpected Journey,8427.0,7.0,6.873737097312228
82690,Wreck-It Ralph,4656.0,7.1,6.872172743949214
100,"Lock, Stock and Two Smoking Barrels",1671.0,7.5,6.86906303592549
620,Ghostbusters (1984),2431.0,7.3,6.867580441947863
117,The Untouchables,1424.0,7.6,6.8652269566074615
279,Amadeus,1107.0,7.8,6.861611256720286
583,Life of Brian,1230.0,7.7,6.859321740390252
19913,(500) Days of Summer,2993.0,7.2,6.856486264324449
114150,Pitch Perfect,2310.0,7.3,6.855661680566911
1895,Star Wars: Episode III - Revenge of the Sith,4200.0,7.1,6.855629741415889
582,The Lives of Others,977.0,7.9,6.853665252818892
2649,The Game,1556.0,7.5,6.849107384481281
213,North by Northwest,1062.0,7.8,6.84817135683404
2502,The Bourne Supremacy,2873.0,7.2,6.848163618571703
425,Ice Age,3954.0,7.1,6.845666933700928
142,Brokeback Mountain,1531.0,7.5,6.844601003781474
103663,The Hunt,946.0,7.9,6.842945849932984
51876,Limitless,3888.0,7.1,6.842854245528985
703,Annie Hall,1044.0,7.8,6.842686981099158
829,Chinatown,939.0,7.9,6.840494872258472
187,Sin City,2755.0,7.2,6.839576830081948
106,Predator,2129.0,7.3,6.836553533447704
1359,American Psycho,2128.0,7.3,6.836443397522479
102899,Ant-Man,6029.0,7.0,6.836398299977767
1954,The Butterfly Effect,2119.0,7.3,6.835449813549747
307081,Southpaw,2112.0,7.3,6.834674076409479
33,Unforgiven,1133.0,7.7,6.833941391744258
10528,Sherlock Holmes,5883.0,7.0,6.833398676948206
239,Some Like It Hot,835.0,8.0,6.831339129180504
1949,Zodiac,2080.0,7.3,6.831094603205498
296098,Bridge of Spies,2633.0,7.2,6.830246871832868
1933,The Others,1708.0,7.4,6.8301355600271165
630,The Wizard of Oz,1689.0,7.4,6.827262764060206
306819,The Danish Girl,1689.0,7.4,6.827262764060206
198663,The Maze Runner,5540.0,7.0,6.825899381833834
914,The Great Dictator,756.0,8.1,6.825441913505074
938,For a Few Dollars More,988.0,7.8,6.825212925440347
245891,John Wick,5499.0,7.0,6.824957546177862
37799,The Social Network,3492.0,7.1,6.824578826910636
68734,Argo,3473.0,7.1,6.823636444521329
58,Pirates of the Caribbean: Dead Man's Chest,5380.0,7.0,6.822165295290815
206487,Predestination,1971.0,7.3,6.818477639715305
65754,The Girl with the Dragon Tattoo (2011),2479.0,7.2,6.817756719113987
312221,Creed,1963.0,7.3,6.817524825833788
273481,Sicario,2465.0,7.2,6.816579279113018
616,The Last Samurai,1946.0,7.3,6.815487523343488
153,Lost in Translation,1943.0,7.3,6.815126212009773
1271,300,5092.0,7.0,6.815024086141804
613,Downfall,1059.0,7.7,6.813524265950306
177677,Mission: Impossible - Rogue Nation,3274.0,7.1,6.813364337471346
11778,The Deer Hunter,943.0,7.8,6.810702126930552
82693,Silver Linings Playbook,4840.0,7.0,6.808287920375829
9377,Ferris Bueller's Day Off,1340.0,7.5,6.807997776167697
9340,The Goonies,1563.0,7.4,6.807453298728974
193756,Lone Survivor,1549.0,7.4,6.805167333417302
93456,Despicable Me 2,4729.0,7.0,6.8051626160575
70160,The Hunger Games,9634.0,6.9,6.8045033481109884
203833,The Book Thief,1528.0,7.4,6.801705121912642
14756,Ip Man,1309.0,7.5,6.801667771612067
102651,Maleficent,4607.0,7.0,6.801607907133254
4982,American Gangster,1527.0,7.4,6.801539249117596
176,Saw,2255.0,7.2,6.798005050716782
156022,The Equalizer,2997.0,7.1,6.797725404938934
61791,Rise of the Planet of the Apes,4452.0,7.0,6.79690015915687
196,Back to the Future Part III,2978.0,7.1,6.796589921728113
770,Gone with the Wind,995.0,7.7,6.795073739281847
9444,Anastasia (1997),1481.0,7.4,6.793808392312364
4951,10 Things I Hate About You,1768.0,7.3,6.793074752687721
76,Before Sunrise,984.0,7.7,6.791824930108101
22538,Scott Pilgrim vs. the World,2185.0,7.2,6.791407166462612
11970,Hercules (1997),1741.0,7.3,6.7894926640245785
140420,Paperman,734.0,8.0,6.789392844437433
10515,Castle in the Sky,877.0,7.8,6.7886207053229555
87,Indiana Jones and the Temple of Doom,2841.0,7.1,6.788142938783103
1578,Raging Bull,968.0,7.7,6.7870575287011645
1700,Misery,1085.0,7.6,6.786524903902025
792,Platoon,1236.0,7.5,6.786294122228838
581,Dances with Wolves,1084.0,7.6,6.78626779645845
947,Lawrence of Arabia,870.0,7.8,6.786220781574166
37724,Skyfall,7718.0,6.9,6.785828871815505
164,Breakfast at Tiffany's,1082.0,7.6,6.785753093693675
308369,Me and Earl and the Dying Girl,962.0,7.7,6.7852568236179795
45612,Source Code,2752.0,7.1,6.782398823374562
8321,In Bruges,1414.0,7.4,6.782184059475584
58574,Sherlock Holmes: A Game of Shadows,3971.0,7.0,6.7807554176789955
9323,Ghost in the Shell,854.0,7.8,6.780692238996819
388,Inside Man,1671.0,7.3,6.7799656072740815
10315,Fantastic Mr. Fox,1206.0,7.5,6.779778144708445
20453,3 Idiots,850.0,7.8,6.7793006688184825
2034,Training Day,1665.0,7.3,6.779132430233973
180,Minority Report,2663.0,7.1,6.776439134843233
568,Apollo 13,1637.0,7.3,6.775208704611231
186,Lucky Number Slevin,1356.0,7.4,6.771755117101446
4133,Blow,1352.0,7.4,6.77102288629051
824,Moulin Rouge!,1348.0,7.4,6.770288946631285
9800,Philadelphia,1019.0,7.6,6.769199888544415
872,Singin' in the Rain,747.0,7.9,6.768535699112016
3933,Corpse Bride,1957.0,7.2,6.768330545239528
9509,Man on Fire,1583.0,7.3,6.7674721179936155
62211,Monsters University,3622.0,7.0,6.767336085831113
184,Jackie Brown,1580.0,7.3,6.767035613766502
1955,The Elephant Man,740.0,7.9,6.765727049984827
82695,Les Misérables (2012),1925.0,7.2,6.764881457847093
9428,The Royal Tenenbaums,1317.0,7.4,6.764542308425121
10144,The Little Mermaid,1921.0,7.2,6.764446442621057
51497,Fast Five,2491.0,7.1,6.764263882695001
771,Home Alone,2487.0,7.1,6.763969825508209
369557,Sing Street,669.0,8.0,6.760767563835179
12162,The Hurt Locker,1881.0,7.2,6.760047966928317
3034,Young Frankenstein,880.0,7.7,6.759915537291073
19,Metropolis (1927),666.0,8.0,6.759413680003173
265195,Wild Tales,878.0,7.7,6.75927990486814
16320,Serenity,1287.0,7.4,6.7588802906502075
149,Akira,792.0,7.8,6.758687301173319
187017,22 Jump Street,3375.0,7.0,6.756801069598202
975,Paths of Glory,565.0,8.2,6.754763604077473
855,Black Hawk Down,1832.0,7.2,6.754537249863806
525,The Blues Brothers,1092.0,7.5,6.753893344663286
244267,I Origins,1089.0,7.5,6.753187016079368
203801,The Man from U.N.C.L.E.,2306.0,7.1,6.750102485118323
116745,The Secret Life of Walter Mitty (2013),3213.0,7.0,6.749357540616238
350,The Devil Wears Prada,3198.0,7.0,6.7486452116076725
406,La Haine,695.0,7.9,6.747333103156711
328387,Nerve,2262.0,7.1,6.746556730179922
10229,A Walk to Remember,1057.0,7.5,6.745568783246375
227306,Unbroken,1437.0,7.3,6.745365158618892
433,Mary Poppins,1217.0,7.4,6.74526820079307
14836,Coraline,1432.0,7.3,6.74457551918584
6479,I Am Legend,4977.0,6.9,6.741483501314975
595,To Kill a Mockingbird,676.0,7.9,6.739386416518702
44264,True Grit (2010),1701.0,7.2,6.73910313402841
391,A Fistful of Dollars,909.0,7.6,6.738624598807178
599,Sunset Boulevard,533.0,8.2,6.737064235674128
157350,Divergent,4784.0,6.9,6.737026347016617
9366,Donnie Brasco,1175.0,7.4,6.736819918771321
81,Nausicaä of the Valley of the Wind,808.0,7.7,6.736478122753065
5925,The Great Escape,731.0,7.8,6.736089932088693
6075,Carlito's Way,805.0,7.7,6.735476176226525
285,Pirates of the Caribbean: At World's End,4627.0,6.9,6.733211369490561
13183,Watchmen,2892.0,7.0,6.73317551355197
13310,Let the Right One In,997.0,7.5,6.730857503243379
621,Grease,1633.0,7.2,6.730662140509491
607,Men in Black,4521.0,6.9,6.730533028519337
22881,The Blind Side,1626.0,7.2,6.729775629623907
68,Brazil,877.0,7.6,6.729302827103845
10376,The Legend of 1900,554.0,8.1,6.72769490484053
9277,The Sting,639.0,7.9,6.723592561321361
37247,The Graduate,855.0,7.6,6.722776195371203
81188,Rise of the Guardians,1981.0,7.1,6.722099999902662
594,The Terminal,1974.0,7.1,6.7214474758210425
628,Interview with the Vampire,1558.0,7.2,6.72098626825677
871,Planet of the Apes (1968),958.0,7.5,6.720983556215446
44115,127 Hours,2668.0,7.0,6.720587199655581
3131,Gangs of New York,1964.0,7.1,6.720511379864913
198277,Begin Again,1285.0,7.3,6.7203114443319265
12429,Ponyo,953.0,7.5,6.7196993008802375
793,Blue Velvet,758.0,7.7,6.719502455858882
4553,The Machinist,1280.0,7.3,6.719448799715684
11688,The Emperor's New Groove,1544.0,7.2,6.719135748176634
68721,Iron Man 3,8951.0,6.8,6.7174460943622
1587,What's Eating Gilbert Grape,943.0,7.5,6.717118045156127
257211,The Intern,1926.0,7.1,6.716911592657101
387,Das Boot,623.0,7.9,6.716628866462464
1368,First Blood,1523.0,7.2,6.7163330034013
22803,Law Abiding Citizen,1522.0,7.2,6.716198724192372
180299,The Raid 2,832.0,7.6,6.715847454319173
4347,Atonement,1075.0,7.4,6.715799614765595
140823,Saving Mr. Banks,1256.0,7.3,6.71527210977524
45317,The Fighter,1512.0,7.2,6.714851819931991
1579,Apocalypto,1252.0,7.3,6.714570144991585
1542,Office Space,1068.0,7.4,6.714278179324548
948,Halloween (1978),1066.0,7.4,6.713842239897238
50646,"Crazy, Stupid, Love.",2522.0,7.0,6.711722638143551
399106,Piper,487.0,8.2,6.710848280879922
856,Who Framed Roger Rabbit,1466.0,7.2,6.7085582127792875
149870,The Wind Rises,720.0,7.7,6.706195465849288
170,28 Days Later,1816.0,7.1,6.706095302713
152742,The Best Offer,719.0,7.7,6.705840402509767
205587,The Judge,1433.0,7.2,6.703941699883208
805,Rosemary's Baby,892.0,7.5,6.703683438350145
15472,The Girl with the Dragon Tattoo (2009),1020.0,7.4,6.703660379878615
9325,The Jungle Book (1967),1791.0,7.1,6.703551323216449
290250,The Nice Guys,2382.0,7.0,6.702677527673935
1813,The Devil's Advocate,1414.0,7.2,6.701244149059006
25376,The Secret in Their Eyes,638.0,7.8,6.69968615854034
861,Total Recall (1990),1745.0,7.1,6.69878351209943
7326,Juno,2313.0,7.0,6.698007488044416
284,The Apartment,498.0,8.1,6.697884751296462
7735,The Wave,870.0,7.5,6.697744705708473
13363,The Man from Earth,696.0,7.7,6.697603341056112
3580,Changeling,1151.0,7.3,6.6962695165832695
16859,Kiki's Delivery Service,768.0,7.6,6.6959785089642425
37135,Tarzan,1715.0,7.1,6.69561179847026
134,"O Brother, Where Art Thou?",1144.0,7.3,6.694958667040344
251516,Kung Fury,762.0,7.6,6.694069914884045
490,The Seventh Seal,569.0,7.9,6.692505330264714
15121,The Sound of Music,966.0,7.4,6.691315351402588
492,Being John Malkovich,1124.0,7.3,6.691181820753981
334,Magnolia,844.0,7.5,6.690610986714791
686,Contact,1338.0,7.2,6.690154038123645
44826,Hugo,2197.0,7.0,6.689816807445659
9502,Kung Fu Panda,3231.0,6.9,6.68937045059824
1491,The Illusionist (2006),1657.0,7.1,6.6893354191532435
3558,"Girl, Interrupted",747.0,7.6,6.689262984702493
1878,Fear and Loathing in Las Vegas,1321.0,7.2,6.687605520400098
4147,Road to Perdition,1102.0,7.3,6.686972452302744
8363,Superbad,2152.0,7.0,6.686518506741505
268,Batman (1989),2145.0,7.0,6.685999122972985
901,City Lights,444.0,8.2,6.68547791937428
80,Before Sunset,734.0,7.6,6.685055525011004
338766,Hell or High Water,1304.0,7.2,6.685031396623684
696,Manhattan,600.0,7.8,6.684084402546583
24238,Mary and Max,596.0,7.8,6.682416336106696
94329,The Raid,1076.0,7.3,6.681922081973642
74643,The Artist,1075.0,7.3,6.6817261746159895
242,The Godfather: Part III,1589.0,7.1,6.6817241975509925
4995,Boogie Nights,812.0,7.5,6.681654936843553
80278,The Impossible,2071.0,7.0,6.680401352607165
205,Hotel Rwanda,805.0,7.5,6.679669316488921
866,Finding Neverland,1269.0,7.2,6.6796494407514935
521,Dial M for Murder,539.0,7.9,6.678673512134525
557,Spider-Man,5398.0,6.8,6.678222239330928
259693,The Conjuring 2,2018.0,7.0,6.6762678887260005
5503,The Fugitive,1240.0,7.2,6.675104141509575
167073,Brooklyn,1235.0,7.2,6.674312431440811
12163,The Wrestler,1031.0,7.3,6.672981563382477
290098,The Handmaiden,453.0,8.1,6.672974987506549
652,Troy,2841.0,6.9,6.6726774290746125
2270,Stardust,1215.0,7.2,6.671121563181449
110420,Wolf Children,483.0,8.0,6.670833217427072
377,A Nightmare on Elm Street (1984),1212.0,7.2,6.670639588877327
5548,RoboCop (1987),1494.0,7.1,6.670605910716354
258480,Carol,1014.0,7.3,6.669536351461632
212778,Chef,1203.0,7.2,6.66918838075655
76338,Thor: The Dark World,4873.0,6.8,6.669027102827536
968,Dog Day Afternoon,685.0,7.6,6.668841025915374
4011,Beetlejuice,1475.0,7.1,6.668310945190428
9023,Spirit: Stallion of the Cimarron,870.0,7.4,6.66825268041991
508,Love Actually,1917.0,7.0,6.668087415305349
293310,Citizenfour,516.0,7.9,6.667852614497473
319,True Romance,762.0,7.5,6.667257339011845
765,Evil Dead II,760.0,7.5,6.666670890193389
77016,End of Watch,1186.0,7.2,6.666425387591579
3176,Battle Royale,992.0,7.3,6.665021238823781
548,Rashomon,471.0,8.0,6.664580644310831
1640,Crash (2004),1172.0,7.2,6.664128290596324
8810,Mad Max 2: The Road Warrior,981.0,7.3,6.662739343865374
9495,The Crow,980.0,7.3,6.662531085346073
832,M,465.0,8.0,6.661432246057767
639,When Harry Met Sally...,974.0,7.3,6.661278670117294
238713,Spy,2590.0,6.9,6.660459318537611
10637,Remember the Titans,835.0,7.4,6.6594665413145036
273895,Selma,835.0,7.4,6.6594665413145036
114,Pretty Woman,1807.0,7.0,6.658694347651684
46738,Incendies,496.0,7.9,6.658286067122698
571,The Birds,959.0,7.3,6.6581259956908525
1580,Rope,539.0,7.8,6.658092745033205
127380,Finding Dory,4333.0,6.8,6.657998580154954
132363,The Butler,1134.0,7.2,6.6577924344201715
116,Match Point,1134.0,7.2,6.6577924344201715
252,Willy Wonka & the Chocolate Factory,826.0,7.4,6.657173039661631
840,Close Encounters of the Third Kind,1122.0,7.2,6.655760394323682
88,Dirty Dancing,1371.0,7.1,6.655301292283202
11544,Lilo & Stitch,1371.0,7.1,6.655301292283202
152584,Blue Is the Warmest Color,1114.0,7.2,6.654397218054357
36657,X-Men,4172.0,6.8,6.654341764506228
110416,Song of the Sea,420.0,8.1,6.654137880599498
13885,Sweeney Todd: The Demon Barber of Fleet Street,1745.0,7.0,6.653162000707125
786,Almost Famous,807.0,7.4,6.652284242749169
8844,Jumanji,2413.0,6.9,6.651022600875753
56292,Mission: Impossible - Ghost Protocol,4026.0,6.8,6.65085891541934
10625,Mean Girls,2401.0,6.9,6.650355838517438
63311,The Skin I Live In,797.0,7.4,6.6496852550808025
7347,Elite Squad,519.0,7.8,6.64930529429374
764,The Evil Dead,913.0,7.3,6.648260744283972
35,The Simpsons Movie,2335.0,6.9,6.646623856352782
553,Dogville,619.0,7.6,6.6460705069025785
11545,Rushmore,688.0,7.5,6.644994307919115
246741,What We Do in the Shadows,779.0,7.4,6.644961260114628
10112,The Aristocats,1287.0,7.1,6.644206773074953
71,Billy Elliot,774.0,7.4,6.643638464095276
826,The Bridge on the River Kwai,554.0,7.7,6.643562707949929
788,Mrs. Doubtfire,1638.0,7.0,6.64318024572808
2292,Clerks,769.0,7.4,6.642311024975768
804,Roman Holiday,502.0,7.8,6.64172892372227
345,Eyes Wide Shut,1266.0,7.1,6.641346103380121
169813,Short Term 12,460.0,7.9,6.640686625565351
4771,Gone Baby Gone,1034.0,7.2,6.640380222741121
996,Double Indemnity,425.0,8.0,6.640057484023519
36658,X2,3572.0,6.8,6.638878970020031
158999,Blackfish,456.0,7.9,6.638700287704692
853,Enemy at the Gates,1023.0,7.2,6.638396363010914
46838,Tucker and Dale vs Evil,860.0,7.3,6.636511503462547
665,Ben-Hur (1959),660.0,7.5,6.636256864032085
12092,Alice in Wonderland (1951),1557.0,7.0,6.6352333671358465
658,Goldfinger,1005.0,7.2,6.6351195301721955
766,Army of Darkness,852.0,7.3,6.6347011356280685
2567,The Aviator,1526.0,7.0,6.632097504015507
1572,Die Hard: With a Vengeance,2094.0,6.9,6.631994152925818
1427,Perfume: The Story of a Murderer,1198.0,7.1,6.631831478394945
783,Gandhi,730.0,7.4,6.631794869874807
4232,Scream,1520.0,7.0,6.631484324672485
23168,The Town,1516.0,7.0,6.6310744016476075
9016,Treasure Planet,980.0,7.2,6.630504418243669
3175,Barry Lyndon,521.0,7.7,6.630158978298204
60243,A Separation,474.0,7.8,6.629030323461585
1669,The Hunt for Red October,971.0,7.2,6.628824462742658
10098,The Kid (1921),404.0,8.0,6.6285601540307635
5156,Bicycle Thieves,404.0,8.0,6.6285601540307635
11005,Awakenings,568.0,7.6,6.627697650863768
1538,Collateral,1476.0,7.0,6.62692444905151
1092,The Third Man,431.0,7.9,6.626142294591575
11621,Porco Rosso,563.0,7.6,6.625858224561462
9741,Unbreakable,1994.0,6.9,6.625415627242532
146,"Crouching Tiger, Hidden Dragon",949.0,7.2,6.624675875998189
36685,The Rocky Horror Picture Show,703.0,7.4,6.624341793637944
11423,Memories of Murder,427.0,7.9,6.624109772673853
422,8½,427.0,7.9,6.624109772673853
2898,As Good as It Gets,946.0,7.2,6.624105485749835
408,Snow White and the Seven Dwarfs,1973.0,6.9,6.623992892733617
51739,The Secret World of Arrietty,701.0,7.4,6.6237839567790555
142061,"Batman: The Dark Knight Returns, Part 2",426.0,7.9,6.623600628346422
470,21 Grams,943.0,7.2,6.623533963381702
138832,We're the Millers,3053.0,6.8,6.622587789595595
71859,We Need to Talk About Kevin,687.0,7.4,6.619856518767854
60308,Moneyball,1409.0,7.0,6.619760098197084
813,Airplane!,1104.0,7.1,6.618009703231745
228326,The Book of Life (2014),778.0,7.3,6.617474761491529
10775,Infernal Affairs,490.0,7.7,6.617254030080241
10693,Peter Pan (1953),1380.0,7.0,6.616573070305847
55,Amores perros,537.0,7.6,6.6161799020251495
168672,American Hustle,2868.0,6.8,6.615954485110948
2832,Identity,1090.0,7.1,6.6158810058848605
5924,Papillon,445.0,7.8,6.615581296502787
6114,Dracula (1992),1087.0,7.1,6.615422407870257
5236,Kiss Kiss Bang Bang,900.0,7.2,6.61521568972792
941,Lethal Weapon,1367.0,7.0,6.6151269947648546
49797,I Saw the Devil,534.0,7.6,6.615050783146087
10331,Night of the Living Dead (1968),591.0,7.5,6.613943351468471
1830,Lord of War,1356.0,7.0,6.613894845560824
9475,Scent of a Woman,763.0,7.3,6.613873615295631
642,Butch Cassidy and the Sundance Kid,659.0,7.4,6.611881193378745
14069,The Girl Who Leapt Through Time,435.0,7.8,6.610871784570156
963,The Maltese Falcon (1941),435.0,7.8,6.610871784570156
72570,The Vow,1328.0,7.0,6.610722573572005
13042,Presto,371.0,8.0,6.610094858974975
2668,Sleepy Hollow,1774.0,6.9,6.609741173239071
179144,The Great Beauty,745.0,7.3,6.609501759183248
72190,World War Z,5683.0,6.7,6.609486341481616
129670,Nebraska,648.0,7.4,6.608703236717943
2252,Eastern Promises,867.0,7.2,6.608667264325732
509,Notting Hill,1309.0,7.0,6.608540106701106
654,On the Waterfront,368.0,8.0,6.608391509060526
705,All About Eve,367.0,8.0,6.607822797607109
9426,The Fly (1986),1038.0,7.1,6.607807050980521
638,Lost Highway,572.0,7.5,6.607595163786916
1592,Primal Fear,644.0,7.4,6.607541252447628
76492,Hotel Transylvania,2622.0,6.8,6.606325459565651
69,Walk the Line,732.0,7.3,6.606309498605848
40807,50/50,1287.0,7.0,6.605982267216536
819,Sleepers,729.0,7.3,6.60556862692633
147,The 400 Blows,363.0,8.0,6.605543295853257
37136,The Naked Gun: From the Files of Police Squad!,1020.0,7.1,6.60494911034201
2011,Persepolis,461.0,7.7,6.604896591670325
8374,The Boondock Saints,848.0,7.2,6.60482999866962
82992,Fast & Furious 6,5282.0,6.7,6.604556129096872
86829,Inside Llewyn Davis,845.0,7.2,6.604219557464132
11969,Tombstone,632.0,7.4,6.604034733164223
320007,Victoria,388.0,7.9,6.603947403555467
984,Dirty Harry,630.0,7.4,6.603447294084656
9470,Kung Fu Hustle,841.0,7.2,6.603403685309477
234200,Pride,457.0,7.7,6.603169946039422
2666,Dark City,838.0,7.2,6.602790313269493
333371,10 Cloverfield Lane,2537.0,6.8,6.602759829455531
37094,Falling Down,837.0,7.2,6.60258557555142
8055,The Reader,835.0,7.2,6.602175678692504
756,Fantasia,831.0,7.2,6.601354195229982
5528,The Chorus,553.0,7.5,6.60115535600931
797,Persona,353.0,8.0,6.59981174894869
755,From Dusk Till Dawn,1644.0,6.9,6.599608478793945
68726,Pacific Rim,4903.0,6.7,6.599375907690119
5123,August Rush,821.0,7.2,6.5992905753648685
49519,The Croods,2447.0,6.8,6.59883851038883
927,Gremlins,1629.0,6.9,6.598393613989057
62177,Brave,4760.0,6.7,6.59727220149339
1272,Sunshine (2007),1210.0,7.0,6.59676043544878
9487,A Bug's Life,2379.0,6.8,6.595770751994239
154,Star Trek II: The Wrath of Khan,688.0,7.3,6.595282427285433
338,"Good bye, Lenin!",602.0,7.4,6.595131152558666
7299,Equilibrium,1584.0,6.9,6.594689336536993
8329,[REC],954.0,7.1,6.5941798627547294
923,Dawn of the Dead (1978),597.0,7.4,6.59362782069322
8741,The Thin Red Line,793.0,7.2,6.593436013367693
283587,Beasts of No Nation,476.0,7.6,6.59270016808025
225574,Non-Stop,2302.0,6.8,6.592182018189325
558,Spider-Man 2,4432.0,6.7,6.592097911471175
14784,The Fall,430.0,7.7,6.5913711407018925
205220,Philomena,588.0,7.4,6.59090762368287
9571,Dazed and Confused,588.0,7.4,6.59090762368287
1904,Memoirs of a Geisha,670.0,7.3,6.590669646577107
239571,The Best of Me,777.0,7.2,6.590039025745887
11886,Robin Hood (1973),1155.0,7.0,6.589904633643399
10774,Network,391.0,7.8,6.589697077886932
22954,Invictus,1150.0,7.0,6.589269801267733
11878,Yojimbo,334.0,8.0,6.58879098349374
1265,Bridge to Terabithia,1146.0,7.0,6.5887605184843885
9473,"South Park: Bigger, Longer & Uncut",916.0,7.1,6.587764146465967
7350,The Bucket List,1138.0,7.0,6.587738154602997
1541,Thelma & Louise,766.0,7.2,6.587681440153451
820,JFK,513.0,7.5,6.587289378740321
64688,21 Jump Street,4151.0,6.7,6.587231801668239
7485,Shooter,1495.0,6.9,6.58708848923893
6145,Fracture,908.0,7.1,6.586392675447954
160588,Blue Jasmine,1126.0,7.0,6.586195041907926
40662,Batman: Under the Red Hood,459.0,7.6,6.585955609446707
9802,The Rock,1474.0,6.9,6.585239520703643
2757,Adaptation.,649.0,7.3,6.585211159825102
4977,Paprika,416.0,7.7,6.585152745289254
881,A Few Good Men,899.0,7.1,6.5848409656438385
1523,The Last King of Scotland,568.0,7.4,6.584796538682647
79,Hero (2002),647.0,7.3,6.58468691930718
843,In the Mood for Love,379.0,7.8,6.583790640153201
11645,Ran,349.0,7.9,6.583137567510535
985,Eraserhead,500.0,7.5,6.582690360125085
522,Ed Wood,639.0,7.3,6.582582244838895
123025,"Batman: The Dark Knight Returns, Part 1",410.0,7.7,6.5824663124178056
2048,"I, Robot",3889.0,6.7,6.582281974988016
192,The Name of the Rose,739.0,7.2,6.581816631939096
9421,The Dinner Game,408.0,7.7,6.58156795538685
4538,The Darjeeling Limited,876.0,7.1,6.580832556235631
921,Cinderella Man,630.0,7.3,6.580199632688689
103731,Mud,1080.0,7.0,6.580171203533194
118,Charlie and the Chocolate Factory,3759.0,6.7,6.579661068275069
10895,Pinocchio,1412.0,6.9,6.579650909836829
10009,Brother Bear,1410.0,6.9,6.579467326066195
14306,Marley & Me,1392.0,6.9,6.577805554401623
644,A.I. Artificial Intelligence,2011.0,6.8,6.577399380242905
251,Ghost,1381.0,6.9,6.576781517966083
254470,Pitch Perfect 2,1997.0,6.8,6.576634983162588
331781,Amy,482.0,7.5,6.57624543593931
24480,Partly Cloudy,335.0,7.9,6.575503424337859
3112,The Night of the Hunter,335.0,7.9,6.575503424337859
1443,The Virgin Suicides,841.0,7.1,6.574611682707584
47931,Elite Squad: The Enemy Within,477.0,7.5,6.574439075697496
49530,In Time,3512.0,6.7,6.574345620866552
16,Dancer in the Dark,392.0,7.7,6.5743287666031724
604,The Matrix Reloaded,3500.0,6.7,6.57407539397391
34584,The NeverEnding Story,1031.0,7.0,6.573558557548246
903,Cool Hand Luke,390.0,7.7,6.573417273468983
8424,Love Me If You Dare,531.0,7.4,6.573244219385555
308639,Dope,698.0,7.2,6.572692811103409
1398,Stalker,356.0,7.8,6.572307311153643
891,All the President's Men,424.0,7.6,6.57178138325634
57212,War Horse,1016.0,7.0,6.5714924319206425
2756,The Abyss,822.0,7.1,6.571171796414381
291805,Now You See Me 2,3362.0,6.7,6.570882127657313
6023,P.S. I Love You,1011.0,7.0,6.570799267087696
602,Independence Day,3334.0,6.7,6.570214352663898
51828,One Day,1006.0,7.0,6.57010385605882
58496,Senna,282.0,8.1,6.569661506215082
37472,Ip Man 2,684.0,7.2,6.5695153655473915
609,Poltergeist (1982),811.0,7.1,6.569159616944158
1278,The Dreamers,680.0,7.2,6.568601603146693
18947,The Boat That Rocked,678.0,7.2,6.568143727988076
132344,Before Midnight,583.0,7.3,6.5674954447528915
11031,This Is Spinal Tap,413.0,7.6,6.567244427126381
113833,The Normal Heart,320.0,7.9,6.567225148275887
37257,Witness for the Prosecution,278.0,8.1,6.56706545711517
10734,Escape from Alcatraz,581.0,7.3,6.5669448860762945
9539,Martyrs,581.0,7.3,6.5669448860762945
104,Run Lola Run,672.0,7.2,6.566766109342363
303,Notorious,345.0,7.8,6.566738281038666
1637,Speed,1814.0,6.8,6.566137725087563
189197,The Pacific,318.0,7.9,6.566113553078552
7340,Carrie (1976),977.0,7.0,6.566025612000429
653,Nosferatu,373.0,7.7,6.565609569948314
1213,The Talented Mr. Ripley,790.0,7.1,6.565275351349228
775,A Trip to the Moon,314.0,7.9,6.563884790661758
809,Shrek 2,3082.0,6.7,6.563878378249443
49018,Insidious,1775.0,6.8,6.563771772553396
228970,Wild,961.0,7.0,6.563742249824797
421,The Life Aquatic with Steve Zissou,781.0,7.1,6.563593210159113
35690,The Last Song,959.0,7.0,6.563455138980475
10340,Lady and the Tramp,1241.0,6.9,6.563155721888229
11224,Cinderella (1950),1760.0,6.8,6.562848994024587
220289,Coherence,653.0,7.2,6.562363744160967
239563,St. Vincent,770.0,7.1,6.56152283184081
593,Solaris (1972),364.0,7.7,6.561432105650571
278927,The Jungle Book (2016),2977.0,6.7,6.561052016453537
12104,Pink Floyd: The Wall,363.0,7.7,6.560966042941819
1621,Trading Places,763.0,7.1,6.5601969765928745
5176,3:10 to Yuma (2007),1210.0,6.9,6.55998176100084
614,Wild Strawberries,306.0,7.9,6.559404846960209
1429,25th Hour,640.0,7.2,6.559316161916475
110415,Snowpiercer,2910.0,6.7,6.559186363511602
439,La Dolce Vita,305.0,7.9,6.558842740772224
97367,The Place Beyond the Pines,1689.0,6.8,6.558381510660718
4476,Legends of the Fall,636.0,7.2,6.558372574828224
315465,The Boy and the Beast,304.0,7.9,6.558280163008751
50348,The Lincoln Lawyer,923.0,7.0,6.5582217468172015
12102,Kramer vs. Kramer,483.0,7.4,6.557760391191679
65,8 Mile,1676.0,6.8,6.557545226801398
379,Miller's Crossing,431.0,7.5,6.55748302220463
9361,The Last of the Mohicans,747.0,7.1,6.557141794019956
62215,Melancholia,915.0,7.0,6.557041685038052
9040,Serpico,429.0,7.5,6.55673169836175
237791,The Way He Looks,262.0,8.1,6.556592580800066
1262,Stranger Than Fiction,743.0,7.1,6.556372587047136
297,Meet Joe Black,1174.0,6.9,6.55621997713693
12230,One Hundred and One Dalmatians,1643.0,6.8,6.555396122592223
4808,Charade,351.0,7.7,6.5553433820542235
475,Bonnie and Clyde,384.0,7.6,6.555089183873339
37797,Whisper of the Heart,349.0,7.7,6.55440087058388
76025,Shame (2011),897.0,7.0,6.554363356658564
11072,Blazing Saddles,619.0,7.2,6.554331126773269
966,The Magnificent Seven,472.0,7.4,6.554129976921457
462,Erin Brockovich,730.0,7.1,6.55385754002908
285783,The Walk,1151.0,6.9,6.553772727713123
10501,The Road to El Dorado,892.0,7.0,6.553613618871352
754,Face/Off,1612.0,6.8,6.553342270237873
411,"The Chronicles of Narnia: The Lion, the Witch and the Wardrobe",2709.0,6.7,6.553276186764263
82507,Sinister,1611.0,6.8,6.553275442529623
6978,Big Trouble in Little China,727.0,7.1,6.553273836229614
321697,Steve Jobs,1608.0,6.8,6.553074741958191
244,King Kong (1933),346.0,7.7,6.55298418953594
223,Rebecca,346.0,7.7,6.55298418953594
845,Strangers on a Train,379.0,7.6,6.552964474513396
84199,The First Time,725.0,7.1,6.552884006704118
873,The Color Purple,345.0,7.7,6.552511183572739
10948,The Fox and the Hound,884.0,7.0,6.552408777005251
954,Mission: Impossible,2677.0,6.7,6.552289175754362
86837,Amour,413.0,7.5,6.550677708981212
137182,The Broken Circle Breakdown,341.0,7.7,6.5506152521137215
167,K-PAX,710.0,7.1,6.549942470153484
256591,Focus,2588.0,6.7,6.5494728937980735
10312,Patch Adams,863.0,7.0,6.54921490157995
5723,Once,457.0,7.4,6.549128676010451
228194,The Hundred-Foot Journey,516.0,7.3,6.548589916833805
228161,Home (2015),1539.0,6.8,6.548366789981822
431,Cube,1101.0,6.9,6.548330528491398
1646,Freedom Writers,368.0,7.6,6.548259561921083
13929,Geri's Game,309.0,7.8,6.5481537891562045
84334,Searching for Sugar Man,286.0,7.9,6.548072442192233
3090,The Treasure of the Sierra Madre,285.0,7.9,6.547500790547248
49020,Submarine,452.0,7.4,6.547448407197896
11474,The Warriors,451.0,7.4,6.547111556769085
147773,The Way Way Back,695.0,7.1,6.546969132634719
7214,Coach Carter,510.0,7.3,6.5468491648891725
290,Barton Fink,450.0,7.4,6.546774440050086
1771,Captain America: The First Avenger,7174.0,6.6,6.54654628505716
175,The Big Blue,364.0,7.6,6.546538183925495
1164,Babel,1083.0,6.9,6.546329216271112
3114,The Searchers,332.0,7.7,6.546326414148185
321741,Concussion,844.0,7.0,6.54628567335444
7984,In the Name of the Father,363.0,7.6,6.546106958638005
152603,Only Lovers Left Alive,585.0,7.2,6.54609354569681
1607,A Bronx Tale,447.0,7.4,6.545761488990568
10138,Iron Man 2,6969.0,6.6,6.545335314550828
21575,A Prophet,398.0,7.5,6.54493109005618
11906,Suspiria,396.0,7.5,6.544159613322043
150689,Cinderella (2015),2426.0,6.7,6.544061073603727
10195,Thor,6678.0,6.6,6.5435189735731205
11615,The Life of David Gale,497.0,7.3,6.543049727237515
814,An American Werewolf in London,571.0,7.2,6.542640183558617
1584,School of Rock,1454.0,6.8,6.542314405864461
3170,Bambi,1450.0,6.8,6.542022406720977
9388,Thank You for Smoking,670.0,7.1,6.541941487883312
1051,The French Connection,435.0,7.4,6.541685518441605
1924,Superman,1042.0,6.9,6.541684522367339
5825,National Lampoon's Christmas Vacation,668.0,7.1,6.54153532437079
269,Breathless (1960),322.0,7.7,6.5415233433688105
13930,For the Birds,389.0,7.5,6.541449601897452
10110,Empire of the Sun,491.0,7.3,6.54128318116055
221,Rebel Without a Cause,351.0,7.6,6.540904582407994
9008,The Insider,489.0,7.3,6.540692498726995
9461,Enter the Dragon,489.0,7.3,6.540692498726995
8885,Waltz with Bashir,294.0,7.8,6.540243895029261
9392,The Descent,1029.0,6.9,6.540186234775314
801,"Good Morning, Vietnam",658.0,7.1,6.539495606057347
2280,Big,1022.0,6.9,6.539374262836188
37735,Easy A,2282.0,6.7,6.538913099555179
43949,Flipped,426.0,7.4,6.538602922885419
6537,The Orphanage,652.0,7.1,6.538264607553109
8923,Green Street Hooligans,652.0,7.1,6.538264607553109
1251,Letters from Iwo Jima,553.0,7.2,6.5381461837880375
404,The Straight Story,315.0,7.7,6.538137328380431
4512,The Assassination of Jesse James by the Coward Robert Ford,792.0,7.0,6.538070646983657
288,High Noon,343.0,7.6,6.5374077032562425
131631,The Hunger Games: Mockingjay - Part 1,5767.0,6.6,6.536961748781975
378,Raising Arizona,548.0,7.2,6.536886925019393
592,The Conversation,377.0,7.5,6.536767941799676
2277,Bicentennial Man,998.0,6.9,6.536562320572042
34653,A Single Man,475.0,7.3,6.536531828256801
108,Three Colors: Blue,311.0,7.7,6.53619356097146
272693,The DUFF,1372.0,6.8,6.5361931646184654
967,Spartacus,472.0,7.3,6.535634316740028
10950,I Am Sam,542.0,7.2,6.535369474858298
51608,The Man from Nowhere,338.0,7.6,6.535210403277452
962,The Gold Rush,308.0,7.7,6.534731461967258
23169,Remember Me,980.0,6.9,6.534424416936458
1430,Bowling for Columbine,467.0,7.3,6.534133765721633
401,Garden State,631.0,7.1,6.533913201868243
318224,Going Clear: Scientology and the Prison of Belief,306.0,7.7,6.5337546866467076
10494,Perfect Blue,261.0,7.9,6.533634633206482
10139,Milk,628.0,7.1,6.533286063112212
10882,Sleeping Beauty,1332.0,6.8,6.5331004248610665
11362,The Count of Monte Cristo,463.0,7.3,6.5329290763108645
72113,Carnage,760.0,7.0,6.532865717567111
83389,From Up on Poppy Hill,332.0,7.6,6.532561618028862
17578,The Adventures of Tintin,2095.0,6.7,6.531697863352786
961,The General (1926),240.0,8.0,6.5316114548178685
183011,Justice League: The Flashpoint Paradox,458.0,7.3,6.531417874506872
13597,Labyrinth,618.0,7.1,6.5311855277543005
646,Dr. No,953.0,6.9,6.531169981240943
30497,The Texas Chain Saw Massacre,617.0,7.1,6.530974617477044
1367,Rocky II,948.0,6.9,6.5305609387885255
10024,My Sister's Keeper,614.0,7.1,6.530340947161125
304357,Woman in Gold,454.0,7.3,6.530204619114313
6844,The Ten Commandments,358.0,7.5,6.529261057283666
9078,The Sword in the Stone,935.0,6.9,6.528967974462169
241,Natural Born Killers,927.0,6.9,6.527980842582921
43539,The Next Three Days,927.0,6.9,6.527980842582921
59967,Looper,4777.0,6.6,6.527860345285399
473,Pi,600.0,7.1,6.527365060767819
2109,Rush Hour,1254.0,6.8,6.526856129997364
11104,Chungking Express,249.0,7.9,6.526594385712323
38055,Megamind,1968.0,6.7,6.52641756805413
9665,Glory,391.0,7.4,6.5264015842508805
1885,The Karate Kid (1984),913.0,6.9,6.526240663761412
68722,The Master,720.0,7.0,6.526192251506175
4543,The Meaning of Life,506.0,7.2,6.52611689885911
46705,Blue Valentine,911.0,6.9,6.525990736924628
247,The Killing,290.0,7.7,6.525881134456302
87093,Big Eyes,1236.0,6.8,6.525373420770734
763,Braindead,388.0,7.4,6.52533965218287
49444,Kung Fu Panda 2,1925.0,6.7,6.524553863245413
39452,Exit Through the Gift Shop,314.0,7.6,6.524535597905016
44639,Inside Job,287.0,7.7,6.524392992925374
3083,Mr. Smith Goes to Washington,245.0,7.9,6.52423148652862
612,Munich,706.0,7.0,6.523811265315139
1407,La Vie en Rose,433.0,7.3,6.523771660639772
10830,Matilda,892.0,6.9,6.523599654975593
615,The Passion of the Christ,888.0,6.9,6.523092368336634
11360,Dumbo,1206.0,6.8,6.522866140569612
1923,Twin Peaks: Fire Walk with Me,429.0,7.3,6.52253412567198
3078,It Happened One Night,283.0,7.7,6.522402926259427
11327,Midnight Express,309.0,7.6,6.522284683482163
623,A Fish Called Wanda,576.0,7.1,6.5221905512546225
655,"Paris, Texas",282.0,7.7,6.521904356402428
23128,The Cove,241.0,7.9,6.521860442751767
902,The City of Lost Children,308.0,7.6,6.521833369461134
18240,The Proposal,1858.0,6.7,6.521568835207332
650,Boyz n the Hood,377.0,7.4,6.5214237142004166
1598,Cape Fear (1991),692.0,7.0,6.521406228324722
262,The King of Comedy,306.0,7.6,6.520929606489957
10545,The Hunchback of Notre Dame (1996),1182.0,6.8,6.52082711096268
320,Insomnia (2002),1181.0,6.8,6.520741500055111
794,The Omen (1976),485.0,7.2,6.520599619721521
234,The Cabinet of Dr. Caligari,279.0,7.7,6.520406110602053
2609,"Planes, Trains and Automobiles",567.0,7.1,6.520225918360647
131634,The Hunger Games: Mockingjay - Part 2,4117.0,6.6,6.5201771830666235
3782,Ikiru,208.0,8.1,6.520165211042511
1858,Transformers,4113.0,6.6,6.520125625849509
107985,The World's End,1820.0,6.7,6.519830252850604
1089,Point Break,861.0,6.9,6.51963208983652
1677,Ray,481.0,7.2,6.51953845042063
2787,Pitch Black,1812.0,6.7,6.519459909455341
219,Volver,419.0,7.3,6.519422955483188
253412,Everest (2015),1805.0,6.7,6.5191346078082635
8337,They Live,562.0,7.1,6.5191286718540145
11798,This Is England,370.0,7.4,6.518913445011006
925,Do the Right Thing,301.0,7.6,6.518663556397536
920,Cars,3991.0,6.6,6.518520494256205
13809,RockNRolla,851.0,6.9,6.518334326619259
59,A History of Violence,850.0,6.9,6.518204063074357
9504,Glengarry Glen Ross,330.0,7.5,6.517982528519145
9837,The Prince of Egypt,847.0,6.9,6.517812738381153
199,Star Trek: First Contact,671.0,7.0,6.517752774352393
10778,The Man Who Wasn't There,366.0,7.4,6.517472554469516
1633,Fried Green Tomatoes,298.0,7.6,6.517299352217126
10474,The Basketball Diaries,472.0,7.2,6.517138656558598
36955,True Lies,1138.0,6.8,6.517009895928997
112949,Safe Haven,840.0,6.9,6.51689652035299
979,Irreversible,550.0,7.1,6.516478257991489
13413,BURN·E,250.0,7.8,6.5164539988432
2024,The Patriot,1130.0,6.8,6.516304613655886
802,Lolita (1962),409.0,7.3,6.516286785433501
376570,Hush (2016),834.0,6.9,6.5161076870243875
4550,Sympathy for Lady Vengeance,362.0,7.4,6.516026943469241
746,The Last Emperor,362.0,7.4,6.516026943469241
18148,Tokyo Story,190.0,8.2,6.516007839205583
744,Top Gun,1736.0,6.7,6.51586420016109
12144,The Land Before Time,660.0,7.0,6.515816710014676
11113,My Fair Lady,361.0,7.4,6.515664800427995
9603,Clueless,828.0,6.9,6.51531559848165
97630,Zero Dark Thirty,1723.0,6.7,6.515234750550155
7979,The Kite Runner,405.0,7.3,6.515025249845959
20766,The Road,1113.0,6.8,6.514794154184912
1480,Touch of Evil,292.0,7.6,6.514560591329799
38142,5 Centimeters per Second,403.0,7.3,6.514392957814179
110,Three Colors: Red,246.0,7.8,6.514246649586068
702,A Streetcar Named Desire,291.0,7.6,6.514102783527579
343,Harold and Maude,266.0,7.7,6.513869432257598
576,The Wild Bunch,266.0,7.7,6.513869432257598
575,The Experiment,319.0,7.5,6.5134796450966945
978,Seven Years in Tibet,644.0,7.0,6.512972703098336
8619,Master and Commander: The Far Side of the World,808.0,6.9,6.512651532957536
157354,Fruitvale Station,397.0,7.3,6.512489955229098
688,The Bridges of Madison County,397.0,7.3,6.512489955229098
1360,Frida,397.0,7.3,6.512489955229098
850,A Christmas Story,352.0,7.4,6.512392111106196
7549,Fearless (2006),396.0,7.3,6.512171891437514
10795,Tell No One,350.0,7.4,6.5116615546018295
243,High Fidelity,636.0,7.0,6.511538133840724
157386,The Spectacular Now,1074.0,6.8,6.511267456555974
10377,My Cousin Vinny,393.0,7.3,6.511216156656913
9799,The Fast and the Furious (2001),3485.0,6.6,6.511111868858608
140300,Kung Fu Panda 3,1630.0,6.7,6.5106031064043215
80767,Jiro Dreams of Sushi,239.0,7.8,6.510365464802912
82633,Lawless,1055.0,6.8,6.509517534443839
1654,The Dirty Dozen,309.0,7.5,6.509350130645143
2640,Heathers,387.0,7.3,6.509297713615888
6615,Lars and the Real Girl,517.0,7.1,6.50906332220671
210479,Locke,780.0,6.9,6.508859243904514
10669,Deliverance,441.0,7.2,6.508741543705632
14301,Dr. Horrible's Sing-Along Blog,236.0,7.8,6.5086949176816065
10234,Funny Games (1997),385.0,7.3,6.508656157165344
953,Madagascar,3322.0,6.6,6.508429732708507
563,Starship Troopers,1584.0,6.7,6.508225274527413
924,Dawn of the Dead (2004),1039.0,6.8,6.508027379279794
657,From Russia with Love,773.0,6.9,6.507899540687609
32085,Vincent,217.0,7.9,6.5074607608370725
879,Hook,1563.0,6.7,6.507119777818723
99,All About My Mother,337.0,7.4,6.506883466602417
1632,Mississippi Burning,336.0,7.4,6.506513791512537
1883,Malcolm X,377.0,7.3,6.506079486601157
3133,Badlands,301.0,7.5,6.506021543755524
2291,Jacob's Ladder,376.0,7.3,6.5057562224820185
13855,The Chaser,250.0,7.7,6.505724154855131
8470,John Q,604.0,7.0,6.505714336930537
18533,Bronson,756.0,6.9,6.505549108624875
40619,Day & Night,272.0,7.6,6.505330468166719
159824,Hotel Transylvania 2,1528.0,6.7,6.5052486854320914
8699,Anchorman: The Legend of Ron Burgundy,1523.0,6.7,6.504978418963548
198184,Chappie,3124.0,6.6,6.504945665235967
11774,Lemony Snicket's A Series of Unfortunate Events,1521.0,6.7,6.504870102224334
2657,Pleasantville,498.0,7.1,6.504708002329259
10530,Pocahontas,1509.0,6.7,6.504217666616897
83542,Cloud Atlas,3031.0,6.6,6.503216035102028
10242,What Ever Happened to Baby Jane?,210.0,7.9,6.503203997731267
90,Beverly Hills Cop,985.0,6.8,6.50288324266455
531,The Wrong Trousers,266.0,7.6,6.50253074217469
77877,The Lucky One,981.0,6.8,6.502494975286991
392,Chocolat (2000),979.0,6.8,6.502300460813258
10322,Being There,243.0,7.7,6.5021253124710885
301,Rio Bravo,265.0,7.6,6.5020627282478145
2013,The Diving Bell and the Butterfly,290.0,7.5,6.501408044306721
64685,Extremely Loud & Incredibly Close,726.0,6.9,6.501331810832237
72976,Lincoln,1456.0,6.7,6.501283104852929
926,Galaxy Quest,722.0,6.9,6.500762681205844
892,Delicatessen,320.0,7.4,6.500557092691396
1103,Escape from New York,720.0,6.9,6.500477506600016
64720,Take Shelter,479.0,7.1,6.500288006645192
5876,The Mist,1438.0,6.7,6.500266346765791
121986,Frances Ha,358.0,7.3,6.49989212026691
39514,RED,2858.0,6.6,6.499825230025559
26022,My Name Is Khan,237.0,7.7,6.499023282593373
2164,Stargate,942.0,6.8,6.498655502111125
564,The Mummy (1999),2796.0,6.6,6.498551460659915
70670,Headhunters,404.0,7.2,6.498444813544844
454,Romeo + Juliet,1406.0,6.7,6.498432850329097
4836,Layer Cake,565.0,7.0,6.498426055163505
14048,Man on Wire,282.0,7.5,6.4980257814961
10400,The Hurricane,401.0,7.2,6.4975964830426705
39254,Real Steel,2749.0,6.6,6.4975640656052995
409,The English Patient,559.0,7.0,6.497285660813851
687,Dead Man Walking,350.0,7.3,6.497257966050625
10673,Wall Street,557.0,7.0,6.496904376118134
1574,Chicago,695.0,6.9,6.496878140004221
837,Videodrome,464.0,7.1,6.496751899449562
9316,Ong-Bak: The Thai Warrior,556.0,7.0,6.496713516798389
11978,Men of Honor,556.0,7.0,6.496713516798389
34647,Enter the Void,397.0,7.2,6.496462179133497
922,Dead Man,397.0,7.2,6.496462179133497
25237,Come and See,174.0,8.1,6.496333989043552
43923,It's Kind of a Funny Story,691.0,6.9,6.496296214152084
827,Diabolique (1955),198.0,7.9,6.4958458239227
15584,Dear Zachary: A Letter to a Son About His Father,146.0,8.4,6.495838628273193
1991,Death Proof,1359.0,6.7,6.495678039693718
3116,Midnight Cowboy,307.0,7.4,6.495658474037878
188927,Star Trek Beyond,2636.0,6.6,6.495109573809033
9081,Waking Life,250.0,7.6,6.494994310867063
191720,Jodorowsky's Dune,172.0,8.1,6.494909742491935
103332,Ruby Sparks,546.0,7.0,6.494796928580024
596,The Grapes of Wrath,211.0,7.8,6.49460354639111
254320,The Lobster,1340.0,6.7,6.494542901096423
136,Freaks,228.0,7.7,6.494339996362449
8068,Desperado,898.0,6.8,6.494203057339686
64,Talk to Her,273.0,7.5,6.494193244482338
10747,The Outlaw Josey Wales,303.0,7.4,6.494140453893164
9550,House of Flying Daggers,452.0,7.1,6.49389284725398
181886,Enemy,1326.0,6.7,6.493698379190744
14337,Primer,671.0,6.9,6.49336120053244
10601,Peter Pan (2003),671.0,6.9,6.49336120053244
277,Underworld (2003),2556.0,6.6,6.493299538304924
854,The Mask,2550.0,6.6,6.493161264075144
1280,3-Iron,225.0,7.7,6.492770773598002
780,The Passion of Joan of Arc,159.0,8.2,6.492691661093242
910,The Big Sleep (1946),244.0,7.6,6.492141394868527
37686,Super 8,2496.0,6.6,6.491900478502762
21208,Orphan,1296.0,6.7,6.491865103039061
10198,The Princess and the Frog,1293.0,6.7,6.491679981797748
990,The Hustler,243.0,7.6,6.491664476034661
245168,Suffragette,440.0,7.1,6.491006565449598
9559,A Perfect World,376.0,7.2,6.490446464547207
113,"Spring, Summer, Fall, Winter... and Spring",240.0,7.6,6.490231252658339
1645,A Time to Kill,522.0,7.0,6.490137010551592
9798,Enemy of the State,1266.0,6.7,6.489998952346782
839,Duel,374.0,7.2,6.489868169524527
254,King Kong (2005),2403.0,6.6,6.4896579249388715
11202,Patton,327.0,7.3,6.489587234718093
1581,The Holiday,1259.0,6.7,6.489558691985419
10865,Atlantis: The Lost Empire,1257.0,6.7,6.489432564049421
1381,The Fountain,852.0,6.8,6.489405342725734
1548,Ghost World,433.0,7.1,6.489310171155301
11687,The Visitors,433.0,7.1,6.489310171155301
860,WarGames,517.0,7.0,6.489155353243118
5511,Le Samouraï,187.0,7.9,6.4890323979817435
20126,Deep Red,237.0,7.6,6.488794317790507
22947,Up in the Air,1246.0,6.7,6.488736148951341
80274,Ender's Game,2354.0,6.6,6.48843852425145
10634,Friday,513.0,7.0,6.488367301569531
1832,Dogma,842.0,6.8,6.48834237225302
16642,Days of Heaven,236.0,7.6,6.488314512232439
828,The Day the Earth Stood Still (1951),323.0,7.3,6.488238204958369
37495,Four Lions,428.0,7.1,6.488092663172996
9322,La Femme Nikita,511.0,7.0,6.487972363266259
396,Who's Afraid of Virginia Woolf?,199.0,7.8,6.487729873233162
4960,"Synecdoche, New York",286.0,7.4,6.487631604473769
1391,Y Tu Mamá También,321.0,7.3,6.487562004458533
22970,The Cabin in the Woods,2314.0,6.6,6.487422932578822
8963,Crimson Tide,508.0,7.0,6.487378811261699
86838,Seven Psychopaths,1224.0,6.7,6.487329407105046
1934,Shakespeare in Love,831.0,6.8,6.487164669473785
13377,How the Grinch Stole Christmas!,364.0,7.2,6.486962497025191
15370,The Cat Returns,364.0,7.2,6.486962497025191
4584,Sense and Sensibility,364.0,7.2,6.486962497025191
626,Un chien andalou,256.0,7.5,6.4868734324813095
144,Wings of Desire,256.0,7.5,6.4868734324813095
54186,Confessions,233.0,7.6,6.486872606240824
21032,Balto,423.0,7.1,6.486870290898626
6620,Sabrina (1954),284.0,7.4,6.486859702872191
11901,High Plains Drifter,284.0,7.4,6.486859702872191
11660,Following,363.0,7.2,6.486670621422753
309,The Celebration,213.0,7.7,6.486452820429889
4148,Revolutionary Road,824.0,6.8,6.486410576836624
26466,Triangle,623.0,6.9,6.486139956197753
4688,Across the Universe,419.0,7.1,6.485888871167775
226,Boys Don't Cry,360.0,7.2,6.485793559132243
504,Monster,500.0,7.0,6.485789257390536
203,Mean Streets,359.0,7.2,6.485500725560063
2253,Valkyrie,1195.0,6.7,6.485446188370727
62320,Home (2009),181.0,7.9,6.485288040250653
89708,Samsara (2011),169.0,8.0,6.485254005026663
20504,The Book of Eli,2207.0,6.6,6.484613068639642
11153,National Lampoon's Vacation,412.0,7.1,6.484163805294935
1824,50 First Dates,2161.0,6.6,6.48336150971002
93,Anatomy of a Murder,207.0,7.7,6.483268980347063
109410,42,795.0,6.8,6.483247358947012
11368,Blood Simple,308.0,7.3,6.48313909194276
84287,The Imposter,273.0,7.4,6.482590787991549
5143,Hannah and Her Sisters,224.0,7.6,6.482524357995926
11697,The Man Who Shot Liberty Valance,272.0,7.4,6.4822007247623095
204,The Wages of Fear,176.0,7.9,6.482152527584704
9533,Red Dragon,1142.0,6.7,6.481916849921542
177,The Fisher King,346.0,7.2,6.481671920115713
4518,Elizabeth,346.0,7.2,6.481671920115713
44896,Rango,2094.0,6.6,6.48148923552144
4689,Sympathy for Mr. Vengeance,302.0,7.3,6.4810814646003125
16804,Departures,202.0,7.7,6.480602990689855
10559,Frequency,473.0,7.0,6.480350964415564
9820,The Parent Trap (1998),768.0,6.8,6.4802443844185165
11171,Mysterious Skin,266.0,7.4,6.479853362008872
42297,Burlesque,581.0,6.9,6.479607656891229
28874,Summer Wars,265.0,7.4,6.479460967016232
238636,The Purge: Anarchy,2008.0,6.6,6.478996072506932
42188,Never Let Me Go,755.0,6.8,6.478778107058225
3035,Frankenstein,295.0,7.3,6.478667759154809
995,Stagecoach (1939),216.0,7.6,6.478630629850264
9762,Step Up,1092.0,6.7,6.478479167264526
200481,The Blue Umbrella,183.0,7.8,6.478451576307348
1900,Traffic,573.0,6.9,6.478339959141603
1817,Phone Booth,1087.0,6.7,6.478129428821014
590,The Hours,461.0,7.0,6.47789684748016
49049,Dredd,1971.0,6.6,6.477890863773859
11499,Frost/Nixon,333.0,7.2,6.477801858556835
76726,Chronicle,1965.0,6.6,6.477709735498514
13958,The King of Kong,148.0,8.1,6.4776193337394075
328425,The Gift (2015),1077.0,6.7,6.477426628424497
981,The Philadelphia Story,196.0,7.7,6.477388340958595
9654,The Italian Job (2003),1949.0,6.6,6.477224089304835
13466,October Sky,259.0,7.4,6.477099550911612
82881,Tangled Ever After,383.0,7.1,6.476912643214321
2323,Field of Dreams,383.0,7.1,6.476912643214321
250658,The Internet's Own Boy: The Story of Aaron Swartz,180.0,7.8,6.476697269676193
942,Lethal Weapon 2,1066.0,6.7,6.476648387483817
14002,Baraka,156.0,8.0,6.476447145331834
24253,The Girl Who Played with Fire,561.0,6.9,6.476424012042907
1573,Die Hard 2,1920.0,6.6,6.476333952825589
33613,The Girl Who Kicked the Hornet's Nest,451.0,7.0,6.475833973253014
270303,It Follows,1894.0,6.6,6.475524854264576
5038,Vicky Cristina Barcelona,1050.0,6.7,6.475506635762461
2652,Hard Candy,726.0,6.8,6.475458220782521
15196,Clue,377.0,7.1,6.475391031402639
9833,The Phantom of the Opera (2004),448.0,7.0,6.475211928481462
662,La Jetée,165.0,7.9,6.475205236020719
10647,Pay It Forward,447.0,7.0,6.475004252005268
14537,Harakiri,136.0,8.2,6.474971003228735
14359,Doubt,445.0,7.0,6.474588405554451
9732,The Lion King 2: Simba's Pride,1034.0,6.7,6.4743531510154995
907,Doctor Zhivago,252.0,7.4,6.474329207146257
340,Everything is Illuminated,251.0,7.4,6.47393208546074
10843,After Hours,251.0,7.4,6.47393208546074
4032,My Girl,441.0,7.0,6.473754733177856
135397,Jurassic World,8842.0,6.5,6.473753495905466
561,Constantine,1837.0,6.6,6.473713474668993
676,Pearl Harbor,1833.0,6.6,6.473584378692474
8051,Punch-Drunk Love,542.0,6.9,6.473354562293222
38684,Jane Eyre (2011),438.0,7.0,6.473127740663919
982,The Manchurian Candidate (1962),188.0,7.7,6.473075682711133
11549,Invasion of the Body Snatchers (1956),277.0,7.3,6.472395254292502
532,A Close Shave,223.0,7.5,6.472355889013966
451,Leaving Las Vegas,365.0,7.1,6.4723254032208075
574,The Man Who Knew Too Much (1956),276.0,7.3,6.472043971478476
105864,The Good Dinosaur,1782.0,6.6,6.471914963840732
58857,13 Assassins,362.0,7.1,6.471554288418973
276907,Legend (2015),994.0,6.7,6.471416904830825
7857,Amarcord,171.0,7.8,6.471406292722945
551,The Poseidon Adventure,274.0,7.3,6.4713405104631425
643,Battleship Potemkin,201.0,7.6,6.471256272432414
900,Bringing Up Baby,201.0,7.6,6.471256272432414
10360,Hunger,311.0,7.2,6.471156650956613
156700,The Kings of Summer,427.0,7.0,6.470815929557715
1597,Meet the Parents,1743.0,6.6,6.470608298461846
21734,Shadow of a Doubt,219.0,7.5,6.470567865592864
11481,Repulsion,218.0,7.5,6.4701198871188295
4108,The Transporter,1724.0,6.6,6.469962011752182
9549,The Right Stuff,241.0,7.4,6.46994204726716
10925,The Return of the Living Dead,270.0,7.3,6.469929996214692
2134,The Time Machine (1960),217.0,7.5,6.469671518581037
4816,Ghost Dog: The Way of the Samurai,306.0,7.2,6.469629285862953
364,Batman Returns,1706.0,6.6,6.4693437564164125
8469,Animal House,420.0,7.0,6.469334184525576
3777,Throne of Blood,181.0,7.7,6.469277071410121
11482,The Tenant,181.0,7.7,6.469277071410121
17295,The Battle of Algiers,167.0,7.8,6.469041142261606
2841,A Very Long Engagement,352.0,7.1,6.468970165753701
7270,Matchstick Men,515.0,6.9,6.468915391281032
8195,Ronin,670.0,6.8,6.46884924984262
631,Sunrise: A Song of Two Humans,155.0,7.9,6.468830172757652
65057,The Descendants,956.0,6.7,6.468555804477911
171372,Frank,667.0,6.8,6.468487593368905
12498,Sling Blade,236.0,7.4,6.467934106783271
1245,The Remains of the Day,213.0,7.5,6.467874133585431
123678,The Act of Killing,213.0,7.5,6.467874133585431
2196,Death at a Funeral (2007),508.0,6.9,6.467749374835185
13398,Tokyo Godfathers,178.0,7.7,6.467641885163407
533,The Curse of the Were-Rabbit,660.0,6.8,6.467640648407713
9462,The Way of the Dragon,235.0,7.4,6.467531477830931
1930,The Amazing Spider-Man,6734.0,6.5,6.467476216067111
624,Easy Rider,411.0,7.0,6.4674168468274
9390,Jerry Maguire,941.0,6.7,6.467406608717363
992,"Sherlock, Jr.",134.0,8.1,6.467360145714544
1807,Elephant,410.0,7.0,6.467202953715823
212,Arsenic and Old Lace,234.0,7.4,6.467128500877164
30018,Mother (2009),192.0,7.6,6.466784918068054
11046,Where Eagles Dare,233.0,7.4,6.466725175470595
336,"Duck, You Sucker",176.0,7.7,6.466549344890053
2000,Aguirre: The Wrath of God,210.0,7.5,6.466521974106296
49521,Man of Steel,6462.0,6.5,6.466440566217868
7445,Brothers,650.0,6.8,6.466423192587672
488,The African Queen,232.0,7.4,6.466321501159071
1653,The Motorcycle Diaries,295.0,7.2,6.46624644502188
957,Spaceballs,924.0,6.7,6.466090312623285
136400,2 Guns,1611.0,6.6,6.465980843578134
2355,Reign Over Me,340.0,7.1,6.465841027543839
10161,My Left Foot: The Story of Christy Brown,208.0,7.5,6.465618564481179
8009,Highlander,642.0,6.8,6.465442787194737
10633,In the Heat of the Night,207.0,7.5,6.465166267126397
1725,West Side Story,399.0,7.0,6.464838740032963
12493,High and Low,123.0,8.2,6.4647913001224335
895,Andrei Rublev,139.0,8.0,6.464774778433364
168,Star Trek IV: The Voyage Home,490.0,6.9,6.464721879649299
5708,Control (2007),206.0,7.5,6.4647135740522375
157832,Calvary,334.0,7.1,6.464264791981902
85889,Filth,628.0,6.8,6.463713138944483
9675,Sideways,484.0,6.9,6.463703268240298
847,Willow,484.0,6.9,6.463703268240298
18320,The Young Victoria,330.0,7.1,6.463209607919133
9281,Witness,390.0,7.0,6.462888720259404
7551,Déjà Vu,1519.0,6.6,6.462554910350161
55787,Water for Elephants,879.0,6.7,6.462532991299182
40096,A Dog's Will,120.0,8.2,6.4624250526624305
4523,Enchanted,1512.0,6.6,6.462287057059457
2907,The Addams Family,871.0,6.7,6.461889220286591
291270,Anomalisa,472.0,6.9,6.461651676014308
209276,Starred Up,324.0,7.1,6.461620247760858
213121,Toy Story of Terror!,246.0,7.3,6.461365031322563
271714,Love & Mercy,246.0,7.3,6.461365031322563
11293,Paper Moon,154.0,7.8,6.461295908415459
11010,The Postman (1994),181.0,7.6,6.461271586989856
82703,Mr. Peabody & Sherman,861.0,6.7,6.461079581293363
74534,The Best Exotic Marigold Hotel,468.0,6.9,6.4609635175748
154400,The Drop,859.0,6.7,6.460916992328796
1433,The Devil's Backbone,277.0,7.2,6.46064277757471
14919,Batman: Mask of the Phantasm,218.0,7.4,6.460633170697672
14202,The Painted Veil,319.0,7.1,6.460289707832475
11644,Blow Out,243.0,7.3,6.460281966725377
188166,Blue Ruin,464.0,6.9,6.460273195072511
9003,Hellraiser,464.0,6.9,6.460273195072511
10835,The Killer,179.0,7.6,6.460263394322457
260,The 39 Steps,217.0,7.4,6.460224208017028
405,La Strada,196.0,7.5,6.460164763990735
18491,The End of Evangelion,124.0,8.1,6.4599523558178324
13932,Jack-Jack Attack,216.0,7.4,6.459814889089359
228203,"McFarland, USA",216.0,7.4,6.459814889089359
2288,Closer,845.0,6.7,6.459772643841677
12159,What Dreams May Come,596.0,6.8,6.459691696259165
2359,Sicko,241.0,7.3,6.459558368170238
9631,The Negotiator,593.0,6.8,6.459309749379792
1535,Spy Game,592.0,6.8,6.459182243157512
74306,God Bless America,373.0,7.0,6.459166307753813
37950,Charlie St. Cloud,589.0,6.8,6.45879915120355
15144,Sixteen Candles,455.0,6.9,6.458712004025607
16307,The Wicker Man (1973),313.0,7.1,6.45868572038894
2056,The Station Agent,213.0,7.4,6.458584790163202
9289,The Longest Day,237.0,7.3,6.458107423381909
10220,Rounders,451.0,6.9,6.458014577373996
1902,Open Your Eyes,211.0,7.4,6.457762934417911
246,Zatoichi,236.0,7.3,6.457743904058686
1075,"Black Cat, White Cat",160.0,7.7,6.457738786403587
250766,Life Itself,160.0,7.7,6.457738786403587
1879,Guess Who's Coming to Dinner,174.0,7.6,6.4577350848974975
634,Bridget Jones's Diary,1397.0,6.6,6.457732206274095
10784,Cabaret,210.0,7.4,6.457351468200054
24420,The Time Traveler's Wife,815.0,6.7,6.457283198191579
1939,Laura,173.0,7.6,6.457228076346441
11787,Harvey,159.0,7.7,6.45718394542295
1396,Mirror,147.0,7.8,6.457087942973446
2654,In the Mouth of Madness,307.0,7.1,6.457073669161362
39013,Winter's Bone,575.0,6.8,6.456999941469601
11030,Zelig,209.0,7.4,6.456939642458209
1850,Man on the Moon,444.0,6.9,6.456788761506652
77174,ParaNorman,808.0,6.7,6.456694885508653
9662,The Triplets of Belleville,233.0,7.3,6.456651460085481
11639,The Dark Crystal,233.0,7.3,6.456651460085481
229,Bride of Frankenstein,208.0,7.4,6.4565274567209565
80215,Indie Game: The Movie,208.0,7.4,6.4565274567209565
37903,The White Ribbon,263.0,7.2,6.456224842444232
19101,A Little Princess,207.0,7.4,6.456114910516066
403,Driving Miss Daisy,358.0,7.0,6.455838714741776
3063,Duck Soup,170.0,7.6,6.455704346587575
10907,The Adventures of Robin Hood,170.0,7.6,6.455704346587575
11704,The Secret of NIMH,186.0,7.5,6.455575804675617
12140,Ghost in the Shell 2: Innocence,230.0,7.3,6.455556178534044
7453,The Hitchhiker's Guide to the Galaxy,1340.0,6.6,6.455361041712514
84332,Safety Not Guaranteed,562.0,6.8,6.45531217267727
1267,Meet the Robinsons,787.0,6.7,6.454912710233772
45958,Biutiful,299.0,7.1,6.454911618405058
381,To Catch a Thief,299.0,7.1,6.454911618405058
102382,The Amazing Spider-Man 2,4274.0,6.5,6.454884283729761
55931,The Animatrix,433.0,6.9,6.454848681670831
261,Cat on a Hot Tin Roof,168.0,7.6,6.454686267312313
1052,Blow-Up,227.0,7.3,6.454458048334257
940,The Lady Vanishes,183.0,7.5,6.454191208203767
9576,Tootsie,429.0,6.9,6.454138980292438
1985,The Constant Gardener,428.0,6.9,6.4539612012220005
11416,The Mission,295.0,7.1,6.4538251308889505
4547,Panic Room,1303.0,6.6,6.453779096529571
22971,Dear John,1302.0,6.6,6.4537358608509034
11562,Crimes and Misdemeanors,201.0,7.4,6.4536320369165106
5544,Hiroshima Mon Amour,123.0,8.0,6.453624455663866
25793,Precious,426.0,6.9,6.453605217424416
138,Dracula (1931),254.0,7.2,6.453356753402906
12244,9 (2009),1291.0,6.6,6.453258575358493
1547,The Lost Boys,545.0,6.8,6.45307986613258
24684,An Education,423.0,6.9,6.453070175035345
18570,"Food, Inc.",223.0,7.3,6.452989424262235
3432,Mr. Brooks,543.0,6.8,6.452815339447841
625,The Killing Fields,180.0,7.5,6.452802935730752
530,A Grand Day Out,199.0,7.4,6.452801507099636
9343,Fitzcarraldo,151.0,7.7,6.4527273110579415
158011,The Call,1275.0,6.6,6.452558754856172
26317,Man with a Movie Camera,114.0,8.1,6.45247703667117
713,The Piano,290.0,7.1,6.452461864007558
3509,A Scanner Darkly,540.0,6.8,6.452417792173405
298382,The Dressmaker,419.0,6.9,6.452354786852363
43347,Love & Other Drugs,1268.0,6.6,6.452250480026498
10404,Raise the Red Lantern,139.0,7.8,6.4522463302934785
1628,Jules and Jim,163.0,7.6,6.452133125840841
33511,Nowhere Boy,250.0,7.2,6.45207493491479
483,Wild at Heart,341.0,7.0,6.452017594169526
10683,Happiness,197.0,7.4,6.451969518261145
55420,Another Earth,535.0,6.8,6.451753186334238
12149,Frailty,338.0,7.0,6.45133770119511
25364,Ace in the Hole,128.0,7.9,6.451329058450016
109,Three Colors: White,218.0,7.3,6.451146454276514
821,Judgment at Nuremberg,161.0,7.6,6.451108679178345
11686,Love and Death,176.0,7.5,6.4509461621954
28978,The Circus,119.0,8.0,6.450811521228183
12207,The Legend of Drunken Master,246.0,7.2,6.450788707669862
9659,Mad Max,1235.0,6.6,6.450779648140911
2295,Clerks II,407.0,6.9,6.450194814775012
88273,A Royal Affair,244.0,7.2,6.450143933649482
2028,Say Anything...,244.0,7.2,6.450143933649482
321640,The Jinx: The Life and Deaths of Robert Durst,85.0,8.6,6.450039028432395
176241,Prison Break: The Final Break,174.0,7.5,6.450015304068287
7304,Running Scared (2006),332.0,7.0,6.449972841312928
11934,The Hudsucker Proxy,280.0,7.1,6.449718000213866
26428,Agora,404.0,6.9,6.449651560862624
13342,Fast Times at Ridgemont High,330.0,7.0,6.449516377769129
1777,Fahrenheit 9/11,403.0,6.9,6.449470184500177
7249,Futurama: Bender's Big Score,191.0,7.4,6.449464759067665
1059,The Hidden Fortress,117.0,8.0,6.449401212865434
501,Grizzly Man,213.0,7.3,6.449295446740972
9013,Midnight Run,241.0,7.2,6.449174689073317
1023,Adam's Apples,190.0,7.4,6.449046011852558
12776,Johnny Stecchino,190.0,7.4,6.449046011852558
710,GoldenEye,1194.0,6.6,6.448910946900446
3085,His Girl Friday,171.0,7.5,6.448615915326735
635,Angel Heart,326.0,7.0,6.448601174008069
1040,The Leopard,133.0,7.8,6.448592148310948
648,Beauty and the Beast (1946),133.0,7.8,6.448592148310948
1495,Kingdom of Heaven,1187.0,6.6,6.448587212722789
803,Night and Fog,97.0,8.3,6.448522930983584
864,Cool Runnings,510.0,6.8,6.448391665709652
8327,The Holy Mountain,143.0,7.7,6.448238599430808
830,Forbidden Planet,238.0,7.2,6.448202935613241
249688,The End of the Tour,210.0,7.3,6.4481809622938115
15371,Lupin the Third: The Castle of Cagliostro,170.0,7.5,6.448148623127054
307,"Rome, Open City",123.0,7.9,6.448041033434583
1948,Crank,1172.0,6.6,6.447888803519339
398,Capote,394.0,6.9,6.447831198934786
6037,Murder by Death,187.0,7.4,6.447787553587293
10189,Pineapple Express,1169.0,6.6,6.447748347806126
1712,Giant,169.0,7.5,6.447680915362597
11528,The Sandlot,272.0,7.1,6.447506109655696
19426,Nights of Cabiria,122.0,7.9,6.447381636551563
12093,Lilya 4-ever,141.0,7.7,6.447111368830777
11963,Three Days of the Condor,234.0,7.2,6.446903344758838
313922,Green Room,696.0,6.7,6.446878364021223
10849,The Purple Rose of Cairo,206.0,7.3,6.4466904326886905
506,Marnie,233.0,7.2,6.446577744700367
11314,Koyaanisqatsi,140.0,7.7,6.446546991871309
17529,True Grit (1969),205.0,7.3,6.446316984881382
8832,Il Divo,166.0,7.5,6.4462752931297285
143,All Quiet on the Western Front,166.0,7.5,6.4462752931297285
17979,A Christmas Carol (2009),1137.0,6.6,6.446233853371894
212716,What If,688.0,6.7,6.4461467853843875
11656,The Virgin Spring,129.0,7.8,6.446144998576117
859,Dangerous Liaisons,267.0,7.1,6.446116020624519
24804,Black Dynamite,204.0,7.3,6.445943210054823
339,Night on Earth,165.0,7.5,6.445805917550375
14139,Timecrimes,313.0,7.0,6.445605630959574
994,Straw Dogs,230.0,7.2,6.445599253059467
205601,Belle,230.0,7.2,6.445599253059467
11439,The Ghost Writer,681.0,6.7,6.445503176299721
79120,Weekend,164.0,7.5,6.445336123623394
21348,Kirikou and the Sorceress,229.0,7.2,6.445272524136389
294254,Maze Runner: The Scorch Trials,3148.0,6.5,6.445167225127385
4203,Women on the Verge of a Nervous Breakdown,149.0,7.6,6.444923392002832
220,East of Eden,163.0,7.5,6.444865910789235
11450,Quiz Show,262.0,7.1,6.4447199959882635
209274,Ida,262.0,7.1,6.4447199959882635
9829,United 93,377.0,6.9,6.44470257620412
10518,Marathon Man,227.0,7.2,6.4446182165216905
7980,The Lovely Bones,1101.0,6.6,6.44449362442186
887,The Best Years of Our Lives,148.0,7.6,6.444404943829401
983,The Man Who Would Be King,148.0,7.6,6.444404943829401
11167,Peeping Tom,148.0,7.6,6.444404943829401
787,Mr. & Mrs. Smith (2005),3048.0,6.5,6.444097932820077
950,Ice Age: The Meltdown,3034.0,6.5,6.443944894769153
9427,The Full Monty,372.0,6.9,6.443774136750225
711,Finding Forrester,305.0,7.0,6.443745988219759
11953,Kagemusha,135.0,7.7,6.44371746296969
1913,The Sea Inside,224.0,7.2,6.443634625145821
1667,March of the Penguins,371.0,6.9,6.443587994289852
41402,Let Me In,656.0,6.7,6.443177687678764
2786,Pierrot le Fou,134.0,7.7,6.44315002353473
69735,Batman: Year One,255.0,7.1,6.442755517079473
14696,Ugetsu,101.0,8.1,6.442656637981024
49948,Fantasia 2000,300.0,7.0,6.4425773628037195
33320,Millennium Actress,123.0,7.8,6.442457611205299
13446,Withnail & I,173.0,7.4,6.441870434143995
11712,Sanjuro,122.0,7.8,6.441841092942489
632,Stalag 17,143.0,7.6,6.44180570620334
8393,The Gods Must Be Crazy,251.0,7.1,6.441627660226394
10648,Magnum Force,251.0,7.1,6.441627660226394
13187,A Charlie Brown Christmas,156.0,7.5,6.441562644336731
8390,"Definitely, Maybe",638.0,6.7,6.441476846374921
8271,Disturbia,1038.0,6.6,6.44135152731914
7972,Before the Devil Knows You're Dead,359.0,6.9,6.441342378730485
10437,The Muppet Christmas Carol,217.0,7.2,6.441329586889011
9667,The Jacket,459.0,6.8,6.441328893678377
1730,INLAND EMPIRE,249.0,7.1,6.441062278968941
10911,The Guns of Navarone,191.0,7.3,6.441054181996394
11661,Joyeux Noël,216.0,7.2,6.440999148328454
591,The Da Vinci Code,2773.0,6.5,6.440930154772811
232672,Blended,1028.0,6.6,6.440841067135802
84329,Robot & Frank,454.0,6.8,6.440621162455737
11329,Runaway Jury,354.0,6.9,6.440400170342329
22843,Evangelion: 2.0 You Can (Not) Advance,129.0,7.7,6.440305119900728
16306,Fantastic Planet,140.0,7.6,6.440240543527878
2100,The Last Castle,290.0,7.0,6.440225318932767
606,Out of Africa,290.0,7.0,6.440225318932767
11782,Hard Boiled,169.0,7.4,6.440166297429784
14580,The Big Heat,111.0,7.9,6.44008854360196
145,Breaking the Waves,213.0,7.2,6.440006103318744
2639,Deconstructing Harry,188.0,7.3,6.4399179852310295
9769,Lolita (1997),288.0,7.0,6.439752526279995
11194,Touching the Void,139.0,7.6,6.439717882153593
993,Sleuth,152.0,7.5,6.439665760704637
8292,Four Brothers,617.0,6.7,6.439463836780331
10238,Cries and Whispers,118.0,7.8,6.4393694099523255
29264,The Exterminating Angel,118.0,7.8,6.4393694099523255
38810,Dogtooth,346.0,6.9,6.4388845584635765
11527,Excalibur,241.0,7.1,6.438791009976395
14285,The Thin Blue Line,109.0,7.9,6.438754651593099
15383,Army of Shadows,117.0,7.8,6.438750082889786
11319,The Rescuers,609.0,6.7,6.438688705481588
1374,Rocky IV,984.0,6.6,6.438555457695038
1643,Last Tango in Paris,240.0,7.1,6.438505999958927
256917,The Water Diviner,439.0,6.8,6.438481111020351
13012,Felon,239.0,7.1,6.438220744131918
11713,Fist of Fury,164.0,7.4,6.438027582880507
95,Armageddon,2540.0,6.5,6.437951058908584
158,Knockin' on Heaven's Door,135.0,7.6,6.437622517259854
9952,Rescue Dawn,339.0,6.9,6.437550174499148
20334,The Shop Around the Corner,107.0,7.9,6.437418319854004
303867,World of Tomorrow,100.0,8.0,6.437309110119367
1675,Day for Night,100.0,8.0,6.437309110119367
16305,Sullivan's Travels,100.0,8.0,6.437309110119367
9563,Any Given Sunday,430.0,6.8,6.437184802328618
11836,The SpongeBob SquarePants Movie,593.0,6.7,6.437124523318698
25300,I'm Not Scared,235.0,7.1,6.437077256357465
1555,The Spanish Apartment,276.0,7.0,6.436898913221722
46146,Troll Hunter,590.0,6.7,6.4368291520832654
6404,Nosferatu the Vampyre,146.0,7.5,6.436807652734658
87502,Flight,2449.0,6.5,6.436704312170528
9994,The Great Mouse Detective,334.0,6.9,6.436592304979272
10227,PlayTime,99.0,8.0,6.436591934007074
28971,Limelight,99.0,8.0,6.436591934007074
25188,The Last Picture Show,133.0,7.6,6.436571994217996
13804,Fast & Furious,2426.0,6.5,6.4363812280661605
21334,Children of Heaven,113.0,7.8,6.4362671262932185
11236,The Secret Garden,232.0,7.1,6.4362170438827455
20532,Sansho the Bailiff,68.0,8.7,6.436188921811361
916,Bullitt,273.0,7.0,6.436180962028397
666,Central Station,132.0,7.6,6.436046020300963
8367,Robin Hood: Prince of Thieves,937.0,6.6,6.436040370110447
6471,The Jerk,272.0,7.0,6.435941237953491
11850,Invasion of the Body Snatchers (1978),231.0,7.1,6.435929810080146
13813,Defiance,580.0,6.7,6.435839769395934
838,American Graffiti,330.0,6.9,6.435823147619127
9476,A Knight's Tale,933.0,6.6,6.4358226968933145
30197,The Producers (1967),177.0,7.3,6.435726088129872
13007,Religulous,200.0,7.2,6.435672709754474
169607,Finding Vivian Maier,112.0,7.8,6.435644971192188
5919,The Towering Inferno,230.0,7.1,6.4356423275848895
2009,"4 Months, 3 Weeks and 2 Days",158.0,7.4,6.435448510737377
11902,Underground,143.0,7.5,6.435372812975872
38251,Mediterraneo,157.0,7.4,6.435017320281952
8355,Ice Age: Dawn of the Dinosaurs,2330.0,6.5,6.434996313927531
2055,Open Range,268.0,7.0,6.434980299667673
2977,Becoming Jane,325.0,6.9,6.434858102914703
9474,My Name Is Nobody,227.0,7.1,6.434778384709125
1791,The Piano Teacher,197.0,7.2,6.434665668813419
50544,Friends with Benefits,2306.0,6.5,6.434640612547957
18079,Nine Queens,156.0,7.4,6.434585744137711
198,To Be or Not to Be,119.0,7.7,6.434576499968037
11299,Cowboy Bebop: The Movie,174.0,7.3,6.434575742409865
8193,Napoleon Dynamite,567.0,6.7,6.434542395815831
8416,The Conformist,129.0,7.6,6.43446524122534
84175,Beasts of the Southern Wild,411.0,6.8,6.434417388789302
92060,Michael Jackson's Thriller,90.0,8.1,6.434255164683386
1487,Hellboy,2278.0,6.5,6.434220675915216
9454,Ever After: A Cinderella Story,408.0,6.8,6.43397656488463
11336,The Dead Zone,320.0,6.9,6.433889037106905
704,A Hard Day's Night,172.0,7.3,6.43380714252302
1694,Re-Animator,263.0,7.0,6.4337745127316905
1371,Rocky III,894.0,6.6,6.433669696734886
11971,Much Ado About Nothing,194.0,7.2,6.433655970713831
10086,Man Bites Dog,194.0,7.2,6.433655970713831
17814,Assault on Precinct 13 (1976),223.0,7.1,6.433622959510503
140,Bad Education,223.0,7.1,6.433622959510503
2112,Payback,557.0,6.7,6.433535711562492
12169,The First Day of the Rest of Your Life,139.0,7.5,6.43345365808365
46195,Rio,2213.0,6.5,6.43322470436523
9036,Eight Below,553.0,6.7,6.433130896752583
16608,The Proposition,221.0,7.1,6.433043740457078
9362,Tremors,882.0,6.6,6.432995828628004
197082,Venus in Fur,192.0,7.2,6.432981357250254
266,Contempt,138.0,7.5,6.432972787756583
9702,Bound by Honor,116.0,7.7,6.432847739978012
2293,Mallrats,400.0,6.8,6.432795820320859
13448,Angels & Demons,2183.0,6.5,6.432754781220684
16672,Woman in the Dunes,88.0,8.1,6.432718464265649
11589,Kelly's Heroes,191.0,7.2,6.432643604925125
1786,Au Revoir les Enfants,137.0,7.5,6.432491483617003
38408,Life As We Know It,873.0,6.6,6.432486833371616
1255,The Host (2006),546.0,6.7,6.432419503267281
2289,Cold Mountain,545.0,6.7,6.432317565898289
15244,A Man Escaped,93.0,8.0,6.432275015349968
2440,Joint Security Area,115.0,7.7,6.432270436504118
9912,The World's Fastest Indian,168.0,7.3,6.432265839811701
468,My Own Private Idaho,218.0,7.1,6.432173021434197
2671,Ringu,310.0,6.9,6.431938741230868
8879,Pale Rider,255.0,7.0,6.431834512347037
11016,Key Largo,124.0,7.6,6.431821046123874
9386,In the Line of Fire,392.0,6.8,6.43160743324287
15764,Sophie's Choice,149.0,7.4,6.431553868236036
127373,What Maisie Knew,149.0,7.4,6.431553868236036
833,Umberto D.,92.0,8.0,6.431553210066859
49517,Tinker Tailor Soldier Spy (2011),856.0,6.6,6.43151688366788
4174,Spellbound (1945),166.0,7.3,6.431493129679963
26388,Buried,853.0,6.6,6.431344548868789
851,Brief Encounter,123.0,7.6,6.4312907667467325
14534,Rudy,187.0,7.2,6.431289615829512
11220,Fallen Angels,113.0,7.7,6.4311142500306495
13008,An American Crime,165.0,7.3,6.431106258315203
796,Cruel Intentions,848.0,6.6,6.431056539423389
3683,Flags of Our Fathers,532.0,6.7,6.430985277131918
10590,We Were Soldiers,531.0,6.7,6.430882243859405
50839,Margin Call,531.0,6.7,6.430882243859405
956,Mission: Impossible III,2062.0,6.5,6.430790326924447
167581,Free Fall,164.0,7.3,6.430719042137621
16619,Ordinary People,147.0,7.4,6.430684117112963
3001,How to Steal a Million,133.0,7.5,6.430561917171519
298,Ocean's Thirteen,2040.0,6.5,6.4304207562239135
649,Belle de Jour,163.0,7.3,6.430331480686022
10867,Malena,301.0,6.9,6.430169467903448
70667,Kon-Tiki,248.0,7.0,6.43012607427338
9764,Dersu Uzala,90.0,8.0,6.4301076036796765
4481,Manon of the Spring,103.0,7.8,6.430019924691227
1090,The Thirteenth Floor,381.0,6.8,6.4299607853084035
318044,"What Happened, Miss Simone?",111.0,7.7,6.429955952716728
9905,Shallow Grave,247.0,7.0,6.429881172609946
1024,Heavenly Creatures,299.0,6.9,6.429774478070037
1073,Arlington Road,246.0,7.0,6.42963606036446
37056,Letters to Juliet,823.0,6.6,6.429601610294601
51999,Perfect Sense,298.0,6.9,6.429576733995548
67913,The Guard,378.0,6.8,6.429509141603658
11013,Secretary,378.0,6.8,6.429509141603658
249397,Nymphomaniac: Vol. II,820.0,6.6,6.429425333059092
10794,The Party,160.0,7.3,6.42916672006282
177945,"Like Father, Like Son",119.0,7.6,6.429164826214654
5967,The Umbrellas of Cherbourg,119.0,7.6,6.429164826214654
31417,Eyes Without a Face,130.0,7.5,6.429110158422007
12289,Red Cliff,207.0,7.1,6.428960840685067
36647,Blade,1950.0,6.5,6.428866858051517
31442,Ivan's Childhood,109.0,7.7,6.428795538776452
776,The Rules of the Game,109.0,7.7,6.428795538776452
11837,Watership Down,159.0,7.3,6.428777772886717
11659,The Best of Youth,88.0,8.0,6.428659330060524
5910,Fireworks,118.0,7.6,6.428632132034266
11075,Audition,372.0,6.8,6.42860253863444
227,The Outsiders,293.0,6.9,6.428585513645341
9516,Menace II Society,179.0,7.2,6.428567252309575
11421,CRAZY,142.0,7.4,6.428502889176046
293,A River Runs Through It,241.0,7.0,6.428407330879473
8764,Top Secret!,241.0,7.0,6.428407330879473
11178,My Sassy Girl,158.0,7.3,6.428388478118239
11230,Drunken Master,178.0,7.2,6.428225600480397
12225,Cashback,369.0,6.8,6.428147571246743
11040,Little Big Man,128.0,7.5,6.428140127541255
17483,Shelter,100.0,7.8,6.428134587767937
5165,L'Avventura,117.0,7.6,6.428098952914138
6418,Hotel Chevalier,204.0,7.1,6.428079421442988
2721,Z,87.0,8.0,6.42793419073108
41201,The Illusionist (2010),177.0,7.2,6.427883645895883
15283,Pom Poko,177.0,7.2,6.427883645895883
8467,Dumb and Dumber,1894.0,6.5,6.427864465985912
242224,The Babadook,1890.0,6.5,6.427791784431721
60670,The Crimson Rivers,366.0,6.8,6.427691487808301
9270,Brick,366.0,6.8,6.427691487808301
4593,The Discreet Charm of the Bourgeoisie,140.0,7.4,6.427627646841016
11657,Le Cercle Rouge,116.0,7.6,6.427565288191769
19265,Whatever Works,365.0,6.8,6.427539211274142
10536,The Italian Job (1969),202.0,7.1,6.427490521091485
83899,You're Next,787.0,6.6,6.427461935019695
67660,Think Like a Man,287.0,6.9,6.427390521390276
9441,Stepmom,286.0,6.9,6.427190766755305
11881,Miracle on 34th Street (1947),139.0,7.4,6.427189434013706
16372,The Innocents,126.0,7.5,6.427168337725113
777,Grand Illusion,126.0,7.5,6.427168337725113
11943,Jeremiah Johnson,126.0,7.5,6.427168337725113
11287,A League of Their Own,362.0,6.8,6.427081633368706
16391,Black Narcissus,106.0,7.7,6.427050936482863
1715,The Cider House Rules,285.0,6.9,6.426990843191067
10997,Farewell My Concubine,98.0,7.8,6.4268748109941525
2759,"The Adventures of Priscilla, Queen of the Desert",174.0,7.2,6.426855961580653
1600,The Double Life of Veronique,154.0,7.3,6.426827813784872
25,Jarhead,776.0,6.6,6.426797386020314
4552,A Tale of Two Sisters,234.0,7.0,6.426678188640513
9433,The Edge,359.0,6.8,6.426622929787292
308,Broken Flowers,359.0,6.8,6.426622929787292
39513,Paul,1825.0,6.5,6.426589839717464
80379,Louis C.K.: Live at the Beacon Theater,80.0,8.1,6.426543204520805
16995,State of Play,489.0,6.7,6.426482412894262
1635,The Island (2005),1813.0,6.5,6.426363553244895
14433,Zulu (1964),137.0,7.4,6.426311822370696
1946,eXistenZ,487.0,6.7,6.426269305831713
103328,Holy Motors,232.0,7.0,6.4261822247906375
9464,Buffalo '66,172.0,7.2,6.426169317526905
22794,Cloudy with a Chance of Meatballs,1799.0,6.5,6.426097782803263
931,Don't Look Now,197.0,7.1,6.4260137440895555
4480,Jean de Florette,113.0,7.6,6.425961373768081
3767,Gilda,113.0,7.6,6.425961373768081
15251,Eddie Murphy: Delirious,104.0,7.7,6.4258852055242635
14811,Fiddler on the Roof,136.0,7.4,6.425872422484584
11797,Fright Night (1985),279.0,6.9,6.425787742260207
15067,"The Good, The Bad, The Weird",196.0,7.1,6.425717610055016
55347,Beginners,353.0,6.8,6.425702128940058
768,From Hell,758.0,6.6,6.425698830002189
10787,The Invisible Man,151.0,7.3,6.425653642889673
9434,Grosse Pointe Blank,278.0,6.9,6.425586630168033
11044,Arizona Dream,170.0,7.2,6.4254814527454895
22584,To Have and Have Not,112.0,7.6,6.425425759987553
4909,The Day of the Jackal,150.0,7.3,6.425261550530153
244063,Boys (2014),122.0,7.5,6.425219462115268
9696,Ichi the Killer,228.0,7.0,6.425187718366825
445,Caché,228.0,7.0,6.425187718366825
8408,Day of the Dead,276.0,6.9,6.425183893802803
11658,Tae Guk Gi: The Brotherhood of War,134.0,7.4,6.424992431899869
678,Out of the Past,111.0,7.6,6.424889657274112
9737,Bad Boys (1995),1729.0,6.5,6.424739624989751
11356,The Odd Couple,121.0,7.5,6.424731136375072
250734,Far from the Madding Crowd (2015),346.0,6.8,6.424622104579531
565,The Ring,1720.0,6.5,6.424561374387745
12481,The Big Boss,148.0,7.3,6.424476309883397
147538,It's Such a Beautiful Day,94.0,7.8,6.424348303597007
1165,The Queen,344.0,6.8,6.424312380455337
7446,Tropic Thunder,1707.0,6.5,6.42430240552548
15265,The Red Balloon,101.0,7.7,6.424132600291026
15137,Evangelion: 1.0: You Are (Not) Alone,132.0,7.4,6.424110849976136
11663,The Commitments,132.0,7.4,6.424110849976136
24226,The Verdict,132.0,7.4,6.424110849976136
55721,Bridesmaids,1697.0,6.5,6.424101985624568
10141,Dirty Rotten Scoundrels,223.0,7.0,6.423939727134637
37719,A Night at the Opera,109.0,7.6,6.423815982368128
8333,The Taking of Pelham One Two Three,109.0,7.6,6.423815982368128
11898,Kind Hearts and Coronets,109.0,7.6,6.423815982368128
1648,Bill & Ted's Excellent Adventure,464.0,6.7,6.423794490695459
9299,Thesis,165.0,7.2,6.423756428697617
38050,The Adjustment Bureau,1677.0,6.5,6.423697945036456
11454,Manhunter,340.0,6.8,6.423691396353113
10654,Hair,146.0,7.3,6.42368965817054
9587,Little Women (1994),222.0,7.0,6.423689478313914
22494,Frequently Asked Questions About Time Travel,189.0,7.1,6.423637362923253
7862,The Counterfeiters,145.0,7.3,6.423295801975197
6003,Romeo and Juliet,145.0,7.3,6.423295801975197
97,Tron,717.0,6.6,6.423143779690274
2517,Nobody Knows,92.0,7.8,6.423081560167
15794,White Heat,92.0,7.8,6.423081560167
8489,Ali,457.0,6.7,6.423032379276183
11826,Sexy Beast,219.0,7.0,6.422937425609393
17663,Anne of Green Gables,71.0,8.2,6.422841997538164
281,Strange Days,334.0,6.8,6.422756061477957
13156,Secondhand Lions,264.0,6.9,6.422753042771695
573,Frenzy,162.0,7.2,6.422717721003909
11282,Harold & Kumar Go to White Castle,709.0,6.6,6.422636474158631
6415,Three Kings,709.0,6.6,6.422636474158631
57214,Project X,1624.0,6.5,6.422606135235281
8848,The Bank Job,708.0,6.6,6.422572856258079
3110,Shane,143.0,7.3,6.422507026520936
496,Borat: Cultural Learnings of America for Make Benefit Glorious Nation of Kazakhstan,1617.0,6.5,6.422459593612225
544,There's Something About Mary,1616.0,6.5,6.422438613781224
25538,Yi Yi,98.0,7.7,6.422375166833359
527,Once Were Warriors,106.0,7.6,6.422201786227825
45523,Louis C.K.: Hilarious,70.0,8.2,6.422015393197382
20530,Late Spring,70.0,8.2,6.422015393197382
136795,The Heat,1595.0,6.5,6.421995399829852
9787,Lords of Dogtown,215.0,7.0,6.421931630146502
11929,Dolores Claiborne,183.0,7.1,6.421844050732324
1626,Vivre Sa Vie,105.0,7.6,6.421662735808469
221902,"Two Days, One Night",327.0,6.8,6.4216589437274205
252171,A Girl Walks Home Alone at Night,258.0,6.9,6.421528259631178
14282,Ninja Scroll,126.0,7.4,6.421456512887741
170687,The Boxtrolls,689.0,6.6,6.421355385472729
2255,Chasing Amy,441.0,6.7,6.421274517386189
11831,Amistad,324.0,6.8,6.421186794486039
11253,Hellboy II: The Golden Army,1555.0,6.5,6.421137015531084
24469,Fish Tank,256.0,6.9,6.421118600400144
21191,Sin Nombre,139.0,7.3,6.420925209943763
11371,The Score,436.0,6.7,6.420720600411262
11381,Tommy Boy,321.0,6.8,6.420713465338601
152747,All Is Lost,679.0,6.6,6.420707876041506
5902,A Bridge Too Far,210.0,7.0,6.420669444575084
21641,The Damned United,156.0,7.2,6.42063194373967
4024,Last Year at Marienbad,103.0,7.6,6.4205831533496935
8740,The Vanishing,124.0,7.4,6.420568522246291
54102,Generation Kill,88.0,7.8,6.420541061650275
5961,Fanny & Alexander,138.0,7.3,6.420528864313765
11206,Wait Until Dark,112.0,7.5,6.420316154385235
12877,Dead Man's Shoes,155.0,7.2,6.420283225398651
282848,Doctor Who: The Time of the Doctor,61.0,8.4,6.420239610735754
7452,"The Cook, the Thief, His Wife & Her Lover",137.0,7.3,6.420132161124389
38199,Unthinkable,430.0,6.7,6.42005298695381
3989,Team America: World Police,667.0,6.6,6.419924641731634
2742,Naked Lunch,207.0,7.0,6.4199094840747355
29845,A Woman Under the Influence,87.0,7.8,6.419904471540513
7863,Shine,136.0,7.3,6.419735099891565
9387,Conan the Barbarian,663.0,6.6,6.419662040724299
11561,Sleeper,206.0,7.0,6.41965572064337
11051,The Last Temptation of Christ,206.0,7.0,6.41965572064337
11772,The Haunting (1963),153.0,7.2,6.419584851700537
31225,Paris is Burning,67.0,8.2,6.419530960015238
33602,Temple Grandin,93.0,7.7,6.419435327368192
267480,The Look of Silence,75.0,8.0,6.419180024875154
9314,Nineteen Eighty-Four,311.0,6.8,6.419127122944735
712,Four Weddings and a Funeral,654.0,6.6,6.419068378940622
936,The Pink Panther (1963),246.0,6.9,6.419059736711758
174,Star Trek VI: The Undiscovered Country,421.0,6.7,6.419045560528884
34433,Dragon Ball Z: Broly - The Legendary Super Saiyan,134.0,7.3,6.418939901354915
11093,House of Sand and Fog,202.0,7.0,6.41863844282509
2457,Children of Paradise,79.0,7.9,6.41844970685042
1440,Little Children,243.0,6.9,6.418438620979666
13510,Eden Lake,415.0,6.7,6.418369905050087
976,Sweet Smell of Success,108.0,7.5,6.4183422814071225
14275,Hoop Dreams,91.0,7.7,6.418255599900833
1554,Down by Law,149.0,7.2,6.41818434446924
12101,Soylent Green,305.0,6.8,6.4181689320969895
10779,The Frighteners,413.0,6.7,6.418143963819857
17809,Fist of Legend,118.0,7.4,6.417894854116206
11602,Through a Glass Darkly,98.0,7.6,6.417875522672565
90125,Marley,107.0,7.5,6.417847684951514
4176,Murder on the Orient Express,240.0,6.9,6.417815898879163
8065,21,1406.0,6.5,6.417766174100235
934,Rififi,90.0,7.7,6.417664920668547
759,Gentlemen Prefer Blondes,169.0,7.1,6.417622443631345
10440,Manhattan Murder Mystery,169.0,7.1,6.417622443631345
9430,Go,198.0,7.0,6.4176175923987415
22536,Thirst (2009),198.0,7.0,6.4176175923987415
1714,Fahrenheit 451,198.0,7.0,6.4176175923987415
1259,Notes on a Scandal,239.0,6.9,6.417607966797349
14092,Ghost in the Shell 2.0,117.0,7.4,6.41744782293849
651,M*A*S*H,238.0,6.9,6.417399855305211
12761,Autumn Sonata,83.0,7.8,6.417352224787773
11524,Thief,130.0,7.3,6.417345186363815
13989,24: Redemption,168.0,7.1,6.417318888144627
245,About a Boy,627.0,6.6,6.417263708086486
15789,A Goofy Movie,404.0,6.7,6.4171227257411445
10514,The Andromeda Strain,196.0,7.0,6.417105821571086
270946,Penguins of Madagascar,1375.0,6.5,6.417028320121771
8088,Broken Embraces,167.0,7.1,6.4170150624645474
2604,Born on the Fourth of July,403.0,6.7,6.4170087978431765
11101,Stalingrad,116.0,7.4,6.417000384619283
3021,1408,1372.0,6.5,6.416956211591916
11322,Public Enemies,1371.0,6.5,6.416932147554938
21450,Naked,105.0,7.5,6.416857133849613
9918,Glory Road,145.0,7.2,6.416778801593166
19833,In the Loop,194.0,7.0,6.416593150511099
28580,The Lost Weekend,115.0,7.4,6.416552538602115
9056,Police Story,128.0,7.3,6.4165456620868735
38985,Sorcerer,104.0,7.5,6.41636117795953
8326,Holes,396.0,6.7,6.416208725783926
8094,The Magdalene Sisters,114.0,7.4,6.416104284329504
9647,Scrooged,395.0,6.7,6.416094060326356
8092,This Boy’s Life,192.0,7.0,6.416079576841354
2300,Space Jam,1335.0,6.5,6.4160564560549105
17057,In a Lonely Place,103.0,7.5,6.4158647676789275
16023,South Park: Imaginationland,75.0,7.9,6.415699665702087
10707,The Squid and the Whale,229.0,6.9,6.415518739948771
10776,Little Shop of Horrors,389.0,6.7,6.415404116974711
16958,The Asphalt Jungle,102.0,7.5,6.415367902383059
469,Stranger Than Paradise,112.0,7.4,6.415206548782917
2260,Capturing the Friedmans,112.0,7.4,6.415206548782917
152780,The Past,161.0,7.1,6.415186414067566
1908,Inherit the Wind,93.0,7.6,6.415155431374267
4497,Viridiana,93.0,7.6,6.415155431374267
10122,Flight of the Navigator,227.0,6.9,6.415098721083992
30588,Monsieur Verdoux,74.0,7.9,6.4150105594859275
76543,Tyrannosaur,124.0,7.3,6.414942260307499
13685,Bottle Rocket,285.0,6.8,6.414939848455449
1701,Con Air,1289.0,6.5,6.4149102820180515
48138,Unknown,1288.0,6.5,6.414885017474937
27327,Phantom of the Paradise,101.0,7.5,6.414870581446028
2487,Lady Snowblood,79.0,7.8,6.414790520671953
50456,Hanna,1284.0,6.5,6.414783809094878
11610,"Play It Again, Sam",111.0,7.4,6.414757066388879
36040,Walkabout,111.0,7.4,6.414757066388879
7305,Alive,383.0,6.7,6.414710812076865
18094,Anvil! The Story of Anvil,85.0,7.7,6.414703339386459
391698,The Beatles: Eight Days a Week - The Touring Years,92.0,7.6,6.41460991026714
9344,Kids,280.0,6.8,6.414124025765255
3780,Red Beard,64.0,8.1,6.414054429723041
10653,The Seven Year Itch,184.0,7.0,6.414016208222228
24803,Julie & Julia,579.0,6.6,6.413964908931989
6968,The Baader Meinhof Complex,157.0,7.1,6.41396186530978
4415,Les Misérables (1998),157.0,7.1,6.41396186530978
25196,Crazy Heart,279.0,6.8,6.413960446217476
11426,From Here to Eternity,137.0,7.2,6.413952499878082
4944,Burn After Reading,1251.0,6.5,6.4139395651705104
1567,I Stand Alone,99.0,7.5,6.413874570139156
21634,Prayers for Bobby,99.0,7.5,6.413874570139156
13041,El Topo,109.0,7.4,6.413856869551481
24128,Stop Making Sense,47.0,8.7,6.413837652321265
11020,Picnic at Hanging Rock,156.0,7.1,6.413655043540649
4104,Benny & Joon,220.0,6.9,6.41362290249993
1116,The Wind That Shakes the Barley,155.0,7.1,6.413347947204508
14748,Boy A,155.0,7.1,6.413347947204508
1562,28 Weeks Later,1225.0,6.5,6.413262528814268
1544,Imagine Me & You,181.0,7.0,6.413238680468261
11977,Caddyshack,370.0,6.7,6.413197001818288
3291,"Good Night, and Good Luck.",274.0,6.8,6.413140463733178
8053,The Three Burials of Melquiades Estrada,180.0,7.0,6.412979045821683
18988,The Lion in Winter,89.0,7.6,6.41297032877877
75629,Evangelion: 3.0 You Can (Not) Redo,107.0,7.4,6.412955026225892
15060,Futurama: Into the Wild Green Yonder,134.0,7.2,6.412887370809962
883,Coffee and Cigarettes,216.0,6.9,6.4127755371870965
22798,Whip It,366.0,6.7,6.412727976698099
2755,About Schmidt,365.0,6.7,6.412610480625253
15359,Wonder Woman,133.0,7.2,6.41253168603209
10549,Hamlet (1996),118.0,7.3,6.412526215157175
16070,This Film Is Not Yet Rated,118.0,7.3,6.412526215157175
39107,Dragon Ball Z: Fusion Reborn,118.0,7.3,6.412526215157175
3109,The Quiet Man,118.0,7.3,6.412526215157175
17159,Eddie Murphy Raw,106.0,7.4,6.41250348571775
30061,Justice League: Crisis on Two Earths,152.0,7.1,6.412425007103526
37137,The Naked Gun 2½: The Smell of Fear,556.0,6.6,6.412341658455097
7443,Chicken Run,1190.0,6.5,6.412334131899483
25468,My Dinner with André,81.0,7.7,6.412324206763097
11485,Take the Money and Run,177.0,7.0,6.412198761427907
9443,Chariots of Fire,213.0,6.9,6.4121380730520565
39312,Restrepo,117.0,7.3,6.412122257950665
11635,Old School,552.0,6.6,6.412056457989215
11636,New Police Story,176.0,7.0,6.411938205458771
9540,Dead Ringers,176.0,7.0,6.411938205458771
12496,The Twilight Samurai,95.0,7.5,6.411877052164287
46829,Barney's Version,131.0,7.2,6.411819351231242
13754,Tekkonkinkreet,80.0,7.7,6.411728046762524
8342,No Man's Land (2001),104.0,7.4,6.411599164177163
20108,Au Hasard Balthazar,74.0,7.8,6.411575010842737
526,Ladyhawke,264.0,6.8,6.411490003884346
51162,Winnie the Pooh,263.0,6.8,6.411324183019149
13925,Luxo Jr.,148.0,7.1,6.411190553919393
13016,Zeitgeist,173.0,7.0,6.411155149739104
844,2046,208.0,6.9,6.4110719179198465
25941,Harry Brown,351.0,6.7,6.410955385591935
145247,The 100 Year-Old Man Who Climbed Out the Window and Disappeared,351.0,6.7,6.410955385591935
10436,The Age of Innocence,172.0,7.0,6.410893667534676
9609,Of Mice and Men (1992),147.0,7.1,6.410881247717602
11509,Silverado,147.0,7.1,6.410881247717602
14736,Love & Basketball,93.0,7.5,6.410875535380342
12335,Bedknobs and Broomsticks,260.0,6.8,6.410825870041974
13933,One Man Band,128.0,7.2,6.410748429359684
913,The Thomas Crown Affair (1999),349.0,6.7,6.410717385950601
11190,The Return,102.0,7.4,6.410693184813912
242090,The One I Love,259.0,6.8,6.410659481649764
12545,Jesus Christ Superstar,146.0,7.1,6.410571663606421
10860,Steel Magnolias,146.0,7.1,6.410571663606421
10027,Unleashed,531.0,6.6,6.410544818784241
29917,Exam,531.0,6.6,6.410544818784241
9778,Serendipity,529.0,6.6,6.410399583972369
1630,The People vs. Larry Flynt,257.0,6.8,6.410326277671629
2362,Westworld,345.0,6.7,6.410240208913468
5279,Gosford Park,256.0,6.8,6.410159461719949
1992,Planet Terror,1109.0,6.5,6.4101074004310865
13321,Lifeboat,112.0,7.3,6.4100969431806
36970,Oceans,112.0,7.3,6.4100969431806
1847,The Long Goodbye,112.0,7.3,6.4100969431806
69315,Battlestar Galactica: Razor,126.0,7.2,6.410032863212998
9303,Bound,203.0,6.9,6.41000109271106
10218,Swingers,255.0,6.8,6.409992502882167
265189,Force Majeure,255.0,6.8,6.409992502882167
1903,Vanilla Sky,1100.0,6.5,6.409852983413171
11176,The Muppet Movie,168.0,7.0,6.40984541231109
308032,The Stanford Prison Experiment,254.0,6.8,6.409825400974619
9372,Super Size Me,520.0,6.6,6.409743262218393
303858,Money Monster,1096.0,6.5,6.4097394463403745
363,Head-On,111.0,7.3,6.409690770946263
502,Fail-Safe,83.0,7.6,6.409677521257872
129112,Wadjda,125.0,7.2,6.409674593348925
19666,Lagaan: Once Upon a Time in India,125.0,7.2,6.409674593348925
11349,Cape Fear (1962),125.0,7.2,6.409674593348925
300,The Science of Sleep,253.0,6.8,6.409658155813332
51052,Arthur Christmas,340.0,6.7,6.409641519289536
5693,Hoosiers,143.0,7.1,6.409641240066
22137,The Kingdom (1994),62.0,8.0,6.409585655409656
25768,"Steamboat Bill, Jr.",66.0,7.9,6.409474589158514
12133,Step Brothers,1084.0,6.5,6.409397112661297
691,The Spy Who Loved Me,515.0,6.6,6.409376671845205
874,A Man for All Seasons,90.0,7.5,6.409369798661127
9652,The Passenger,90.0,7.5,6.409369798661127
4291,Kikujiro,90.0,7.5,6.409369798661127
22596,Safety Last!,76.0,7.7,6.409337876390786
10617,Once Upon a Time in China,99.0,7.4,6.409331097365572
946,Letter from an Unknown Woman,58.0,8.1,6.4093229470309
13666,The Wolf Man,124.0,7.2,6.409315998368707
11868,Horror of Dracula,124.0,7.2,6.409315998368707
37233,The Firm,513.0,6.6,6.409229639832899
10228,Pokémon: The First Movie: Mewtwo Strikes Back,336.0,6.7,6.4091607833790905
294963,Bone Tomahawk,511.0,6.6,6.409082380827385
13939,Death Wish,165.0,7.0,6.4090567694624445
12501,The Big Country,70.0,7.8,6.408991834509972
4566,Michael Clayton,508.0,6.6,6.408861065555639
4539,Hearts of Darkness: A Filmmaker's Apocalypse,61.0,8.0,6.408842800908341
9880,The Princess Diaries,1063.0,6.5,6.408791738527407
1958,8 Women,197.0,6.9,6.40870989464183
11462,Suspicion,140.0,7.1,6.408708301810723
11457,Life as a House,122.0,7.2,6.408597831288047
14638,The Killers (1946),81.0,7.6,6.4085758553435825
12780,Iron Monkey,81.0,7.6,6.4085758553435825
11770,Shaolin Soccer,504.0,6.6,6.408565179126807
3529,The Thin Man,97.0,7.4,6.408420953446204
9267,And Now for Something Completely Different,139.0,7.1,6.4083967618038775
877,Scarface (1932),88.0,7.5,6.408363659034901
11986,Betty Blue,88.0,7.5,6.408363659034901
11393,The Natural,162.0,7.0,6.408266016014948
14292,Miracle,162.0,7.0,6.408266016014948
13320,Funny Face,162.0,7.0,6.408266016014948
11533,Jason and the Argonauts,138.0,7.1,6.408084940870945
13963,The Last Waltz,64.0,7.9,6.408084141236836
1678,Godzilla (1954),194.0,6.9,6.408061740409734
816,Austin Powers: International Man of Mystery,1033.0,6.5,6.40791274983688
14447,A Matter of Loaf and Death,120.0,7.2,6.407878358419379
18937,Quest for Camelot,193.0,6.9,6.407845308785813
846,The X Files,494.0,6.6,6.4078214396568365
5000,Forbidden Games,68.0,7.8,6.407696638471432
12573,A Serious Man,492.0,6.6,6.407671997746736
11973,Thirteen Days,192.0,6.9,6.4076286866369045
9359,Maverick,490.0,6.6,6.407522323237695
63831,The Kid with a Bike,119.0,7.2,6.407518131201125
12548,I Vitelloni,79.0,7.6,6.40747214831502
283235,99 Homes,240.0,6.8,6.407470848339281
20312,Interstate 60,136.0,7.1,6.407460454705528
10223,A Simple Plan,191.0,6.9,6.4074118737113155
5801,Pather Panchali,63.0,7.9,6.407387944004626
8967,The Tree of Life,1009.0,6.5,6.407197265933315
26596,Johnny Guitar,78.0,7.6,6.406919527609404
5506,The Ladykillers (1955),104.0,7.3,6.406837150394796
1857,The Transformers: The Movie,134.0,7.1,6.406834840265008
11634,Show Me Love,134.0,7.1,6.406834840265008
38360,The Cranes Are Flying,62.0,7.9,6.406691096713141
9326,Romancing the Stone,477.0,6.6,6.406543731635234
16520,The King and I (1956),103.0,7.3,6.406427996337394
48035,Ordet,66.0,7.8,6.4063990282181384
10728,Faust (1926),66.0,7.8,6.4063990282181384
29455,Winter Light,77.0,7.6,6.406366394494409
68727,Trance,975.0,6.5,6.406164419910216
31411,The Cameraman,54.0,8.1,6.406153843625536
13416,Friday Night Lights,154.0,7.0,6.40614695700652
1779,Roger & Me,92.0,7.4,6.40613826036728
14506,The Adventures of Baron Munchausen,185.0,6.9,6.406106975696909
1997,Two Brothers,185.0,6.9,6.406106975696909
1594,A Shot in the Dark,115.0,7.2,6.4060739400007805
10149,Smoke,115.0,7.2,6.4060739400007805
11471,A Better Tomorrow,102.0,7.3,6.406018467244765
87492,Foxcatcher,965.0,6.5,6.405856252025391
870,Dolls (2002),76.0,7.6,6.405812748257016
9591,That Thing You Do!,230.0,6.8,6.405771551161157
17058,Scarlet Street,70.0,7.7,6.405735944838119
26617,Five Easy Pieces,114.0,7.2,6.405712069374742
11816,On Golden Pond,101.0,7.3,6.405608562601029
7457,Alpha Dog,463.0,6.6,6.405478674218806
3088,My Darling Clementine,82.0,7.5,6.4053340709103885
11420,The Corporation,75.0,7.6,6.405258588182888
16553,Little Manhattan,181.0,6.9,6.405233196047995
68924,The Ice Storm,181.0,6.9,6.405233196047995
157117,Sound City,90.0,7.4,6.4052222376574175
48303,Certified Copy,90.0,7.4,6.4052222376574175
31767,The Devils,90.0,7.4,6.4052222376574175
9602,Coming to America,944.0,6.5,6.405202465187822
14291,Searching for Bobby Fischer,100.0,7.3,6.405198281889362
13562,My Man Godfrey (1936),69.0,7.7,6.405133667421166
11000,The Birdcage,303.0,6.7,6.40513313103704
11386,The Crying Game,180.0,6.9,6.405014267839869
14412,Body Heat,128.0,7.1,6.404951196632493
2322,Sneakers,301.0,6.7,6.404885442619422
250,In China They Eat Dogs,81.0,7.5,6.404827503924068
13188,Scrooge,81.0,7.5,6.404827503924068
8841,The Class (2008),179.0,6.9,6.4047951457999135
13696,Angels with Dirty Faces,74.0,7.6,6.404703913556356
74465,We Bought a Zoo,928.0,6.5,6.404698214599549
11159,Secrets & Lies,127.0,7.1,6.404636260270832
10994,White Oleander,111.0,7.2,6.404624475503646
62204,Quest for Fire,111.0,7.2,6.404624475503646
11050,Terms of Endearment,178.0,6.9,6.404575829670592
10316,The Ides of March,924.0,6.5,6.404571312639929
21135,L'eclisse,68.0,7.7,6.40453082921144
31217,The Human Condition I: No Greater Love,42.0,8.5,6.404492091993079
12113,Body of Lies,919.0,6.5,6.404412209141437
11873,The Color of Money,297.0,6.7,6.404388815332554
427,Mon oncle,98.0,7.3,6.404376590190186
37181,About Elly,98.0,7.3,6.404376590190186
547,The Horse Whisperer,296.0,6.7,6.4042643972325655
45132,Super,446.0,6.6,6.4041695182425284
3763,Onibaba,73.0,7.6,6.404148723660425
30969,Louis C.K.: Chewed Up,46.0,8.3,6.404107337710065
134481,Frozen Planet,46.0,8.3,6.404107337710065
244772,The Skeleton Twins,294.0,6.7,6.404015246574154
9357,One Hour Photo,444.0,6.6,6.404014340460276
2623,An Officer and a Gentleman,219.0,6.8,6.403885249616004
4464,Seabiscuit,219.0,6.8,6.403885249616004
11710,The Enigma of Kaspar Hauser,79.0,7.5,6.403812962136554
20803,Ivan Vasilyevich Changes His Profession,62.0,7.8,6.403796538016627
86825,Stoker,895.0,6.5,6.403641067784237
25934,"To Sir, with Love",72.0,7.6,6.403593017776767
11841,The 36th Chamber of Shaolin,72.0,7.6,6.403593017776767
3766,The Lady from Shanghai,108.0,7.2,6.403533899131476
11647,Infernal Affairs II,108.0,7.2,6.403533899131476
647,Final Fantasy VII: Advent Children,290.0,6.7,6.403515683708395
13550,The Changeling,144.0,7.0,6.403476694442193
185574,Louis C.K.: Oh My God,66.0,7.7,6.403323467277763
249,The War of the Roses,288.0,6.7,6.40326526937001
11830,Tampopo,57.0,7.9,6.403197077425637
324325,Twinsters,71.0,7.6,6.403036795185715
26564,Crumb,71.0,7.6,6.403036795185715
11576,"It's a Mad, Mad, Mad, Mad World",142.0,7.0,6.4029397576924385
159014,20 Feet from Stardom,85.0,7.4,6.402924776371147
10537,The Doors,285.0,6.7,6.402888853719832
965,The Magnificent Ambersons,77.0,7.5,6.402796538911294
1394,Nostalgia,77.0,7.5,6.402796538911294
402,Basic Instinct,869.0,6.5,6.402791500230494
2771,American Splendor,121.0,7.1,6.40274063227457
207933,Stonehearst Asylum,427.0,6.6,6.40268533261721
257,Oliver Twist (2005),283.0,6.7,6.402637378956268
10403,The Player,169.0,6.9,6.402593207765719
9282,11:14,211.0,6.8,6.402502016458113
1246,Rocky Balboa,858.0,6.5,6.402427541178275
9749,Fletch,210.0,6.8,6.402328432762599
133919,Scenes from a Marriage,44.0,8.3,6.402322086021194
6396,SLC Punk,93.0,7.3,6.402315743392491
10451,Eat Drink Man Woman,76.0,7.5,6.402287620123247
171274,Inherent Vice,852.0,6.5,6.402227866984333
8881,Che: Part One,209.0,6.8,6.402154697396062
241771,Beyond the Lights,139.0,7.0,6.402132537733935
62835,Colombiana,848.0,6.5,6.402094296215685
12762,Broadway Danny Rose,104.0,7.2,6.402075136612429
50837,Martha Marcy May Marlene,278.0,6.7,6.402006825676844
18900,In Cold Blood,83.0,7.4,6.40200281772797
10323,Clash of the Titans (1981),208.0,6.8,6.401980810159625
75900,My Week with Marilyn,418.0,6.6,6.401974416863714
42044,Shoah,36.0,8.7,6.40195278461434
308084,Tangerine,166.0,6.9,6.401928802780433
9481,The Bone Collector,843.0,6.5,6.401926818660844
13980,Sword of the Stranger,69.0,7.6,6.4019227969960735
12698,The Fog of War,69.0,7.6,6.4019227969960735
17443,...And Justice for All,118.0,7.1,6.4017889372391155
11004,Wonder Boys,165.0,6.9,6.401706939844858
21755,The Brothers Bloom,206.0,6.8,6.401632579279823
9451,Election,275.0,6.7,6.401627208477765
823,Jin-Roh: The Wolf Brigade,82.0,7.4,6.401541198734806
5991,The Last Laugh,63.0,7.7,6.401508198793586
7500,Sonatine,91.0,7.3,6.4014887466798935
11257,A Room with a View,164.0,6.9,6.401484879166075
25623,House (1977),117.0,7.1,6.401471127975018
16563,Seven Brides for Seven Brothers,117.0,7.1,6.401471127975018
586,Wag the Dog,273.0,6.7,6.401373592556032
3549,After the Wedding,102.0,7.2,6.401343749675618
16646,Russian Ark,102.0,7.2,6.401343749675618
216,Ali: Fear Eats the Soul,74.0,7.5,6.401268364913166
3086,The Lady Eve,74.0,7.5,6.401268364913166
245698,Pawn Sacrifice,272.0,6.7,6.401246622846878
10142,Casualties of War,203.0,6.8,6.401109088944003
353571,Tallulah,203.0,6.8,6.401109088944003
17835,Threads,54.0,7.9,6.401092806581557
13403,Hedwig and the Angry Inch,81.0,7.4,6.401079152504553
3309,Mildred Pierce (1945),81.0,7.4,6.401079152504553
13062,Boundin',135.0,7.0,6.4010528430008415
12143,Bad Lieutenant,162.0,6.9,6.4010401635204675
14283,The Red Violin,101.0,7.2,6.40097755317853
31439,To Live,62.0,7.7,6.400901979320111
6312,Brotherhood of the Wolf,404.0,6.6,6.400858308180404
16052,Selena,115.0,7.1,6.400834640700113
390734,Kingsglaive: Final Fantasy XV,201.0,6.8,6.4007593303688
690,Pickpocket,89.0,7.3,6.400660224811413
20283,Breaking Away,80.0,7.4,6.4006166784438125
3009,The Trial,80.0,7.4,6.4006166784438125
3073,Abbott and Costello Meet Frankenstein,80.0,7.4,6.4006166784438125
173,"20,000 Leagues Under the Sea (1954)",160.0,6.9,6.400594653722053
12105,Yellow Submarine,114.0,7.1,6.40051596189736
1088,Whale Rider,114.0,7.1,6.40051596189736
10564,Where the Heart Is,159.0,6.9,6.400371600350483
10276,What About Bob?,265.0,6.7,6.400354802705692
9305,Microcosmos,61.0,7.7,6.400295193537781
430,"One, Two, Three",66.0,7.6,6.400247906337387
4710,Masculin Féminin,66.0,7.6,6.400247906337387
289314,Olive Kitteridge,66.0,7.6,6.400247906337387
20139,The Children's Hour,72.0,7.5,6.400247215132653
14551,Winchester '73,72.0,7.5,6.400247215132653
16858,All That Jazz,88.0,7.3,6.400245390624652
11049,Interstella 5555: The 5tory of the 5ecret 5tar 5ystem,79.0,7.4,6.4001537759580875
11006,Smokey and the Bandit,197.0,6.8,6.400057969917967
30890,Radio Days,131.0,7.0,6.399969241549883
19898,Pandorum,783.0,6.5,6.3998714593704795
12889,Futurama: The Beast with a Billion Backs,156.0,6.9,6.399701243142608
11382,Bullets Over Broadway,130.0,7.0,6.399697728276529
5204,Control (2003),78.0,7.4,6.399690444451778
32761,The Seventh Continent,65.0,7.6,6.399688568313813
41391,Day of Wrath,41.0,8.3,6.3996378955678885
110354,Side by Side,111.0,7.1,6.399558180061031
11646,Gallipoli,111.0,7.1,6.399558180061031
10083,No Way Out (1987),155.0,6.9,6.399477390816221
11893,Runaway Train,129.0,7.0,6.399425969173007
76696,Sidewalls,86.0,7.3,6.399414573099432
14411,Sinbad: Legend of the Seven Seas,386.0,6.6,6.399404689715815
11708,Chitty Chitty Bang Bang,193.0,6.8,6.3993541409202646
1781,An Inconvenient Truth,257.0,6.7,6.3993290376793315
9614,Happy Gilmore,767.0,6.5,6.399308732013107
2142,Cop Land,384.0,6.6,6.399241865543016
56831,The Sunset Limited,110.0,7.1,6.399238336311201
11951,Vanishing Point,110.0,7.1,6.399238336311201
15384,Red Cliff Part II,110.0,7.1,6.399238336311201
16436,North Face,77.0,7.4,6.399226683328179
6644,El Dorado,96.0,7.2,6.399141521912137
14047,The Great Debaters,153.0,6.9,6.399029084665897
21484,Possession (1981),153.0,6.9,6.399029084665897
3089,Red River,85.0,7.3,6.398998588699376
12584,The Shootist,85.0,7.3,6.398998588699376
2117,Sophie Scholl: The Final Days,109.0,7.1,6.39891820032651
13576,This Is It,253.0,6.7,6.3988135170512495
11864,Enemy Mine,253.0,6.7,6.3988135170512495
22051,Adam,152.0,6.9,6.39880463030297
11219,The Trouble with Harry,152.0,6.9,6.39880463030297
13253,Futurama: Bender's Game,152.0,6.9,6.39880463030297
53565,Steamboat Willie,76.0,7.4,6.398762491989478
229297,Magic in the Moonlight,749.0,6.5,6.398668055145801
13353,"It's the Great Pumpkin, Charlie Brown",84.0,7.3,6.398582219831657
66150,Life in a Day,84.0,7.3,6.398582219831657
12716,My Father's Glory,58.0,7.7,6.398471430391129
11165,Tora! Tora! Tora!,150.0,6.9,6.398355117650492
8872,Wayne's World,738.0,6.5,6.3982725011461214
2976,Hairspray (2007),738.0,6.5,6.3982725011461214
30959,Kwaidan,68.0,7.5,6.398199210691456
11543,Kingpin,248.0,6.7,6.398166624972492
546,Transamerica,149.0,6.9,6.398130058819047
11690,Bloodsport,370.0,6.6,6.398094652790757
164457,Out of the Furnace,731.0,6.5,6.398019173092624
14242,American Movie,57.0,7.7,6.3978623714194125
39939,Super Troopers,367.0,6.6,6.397847113592315
98622,9 (2005),74.0,7.4,6.397832816269975
50275,The Pirate Bay: Away From Keyboard,123.0,7.0,6.3977902333710315
29005,McCabe & Mrs. Miller,82.0,7.3,6.397748326559224
21712,Mind Game,46.0,8.0,6.397616122018257
10215,Sliding Doors,363.0,6.6,6.397516115599875
41216,Legend of the Guardians: The Owls of Ga'Hoole,715.0,6.5,6.39743537258438
10705,Henry V (1989),73.0,7.4,6.397367330687992
75233,"Oslo, August 31st",73.0,7.4,6.397367330687992
2005,Sister Act,713.0,6.5,6.39736192721127
16633,Somewhere in Time,104.0,7.1,6.397313122830062
10712,Far from Heaven,145.0,6.9,6.397227800447073
245916,Kill the Messenger,359.0,6.6,6.397184031900906
39356,Boy,66.0,7.5,6.39717234539701
57283,Häxan,66.0,7.5,6.39717234539701
44629,Animal Kingdom,240.0,6.7,6.397125797799399
10780,Overboard,240.0,6.7,6.397125797799399
11975,The Rainmaker (1997),239.0,6.7,6.396995189462779
28089,The Messenger,120.0,7.0,6.3969690195707685
5916,The Getaway (1972),120.0,7.0,6.3969690195707685
10937,Barfly,80.0,7.3,6.396912889004243
896,The World of Apu,40.0,8.2,6.396854640253173
11023,Thirteen,355.0,6.6,6.396850857144793
13001,Stargate: The Ark of Truth,143.0,6.9,6.396775453611064
3293,Pirates of Silicon Valley,178.0,6.8,6.396692572733991
202141,Particle Fever,102.0,7.1,6.3966690321064705
11590,Slap Shot,102.0,7.1,6.3966690321064705
25050,Still Walking,65.0,7.5,6.396658194645429
1162,The Miracle Worker,65.0,7.5,6.396658194645429
36865,The Disappearance of Haruhi Suzumiya,51.0,7.8,6.396589312093064
267,Live Flesh,89.0,7.2,6.3965568568222935
10785,The Thing from Another World,142.0,6.9,6.396548974821537
209263,Enough Said,351.0,6.6,6.396516585945706
8052,Hard Eight,177.0,6.8,6.39651387695993
4588,"Lust, Caution",177.0,6.8,6.39651387695993
2576,The Diary of Anne Frank,79.0,7.3,6.396494589779621
2044,The Lake House,689.0,6.5,6.396472307049501
8356,An Affair to Remember,101.0,7.1,6.39634654375603
13931,Mike's New Car,141.0,6.9,6.39632229208434
341012,Popstar: Never Stop Never Stopping,348.0,6.6,6.396265159745758
63578,The Trip (2010),117.0,7.0,6.3961455629871935
476,Drugstore Cowboy,117.0,7.0,6.3961455629871935
31175,Soul Kitchen,117.0,7.0,6.3961455629871935
10150,The Last Unicorn,117.0,7.0,6.3961455629871935
9411,Fallen,346.0,6.6,6.39609719681144
8438,Murder in the First,140.0,6.9,6.3960954051238605
10649,The Enforcer (1976),232.0,6.7,6.396077767514313
25858,Drunken Angel,54.0,7.7,6.3960317695375775
4978,An American Tail,344.0,6.6,6.3959289567048465
9352,EuroTrip,673.0,6.5,6.395870609565998
24657,The Sacrifice,87.0,7.2,6.395815313968811
10754,A Short Film About Killing,58.0,7.6,6.395758551231186
11700,Smiles of a Summer Night,58.0,7.6,6.395758551231186
1859,Ninotchka,77.0,7.3,6.395656827745063
17687,The Public Enemy,77.0,7.3,6.395656827745063
13554,Eight Men Out,63.0,7.5,6.395628453582544
13396,The Snowman,63.0,7.5,6.395628453582544
8974,The War of the Worlds,172.0,6.8,6.395618017542447
10497,Bitter Moon,115.0,7.0,6.395595341399446
16281,Creepshow,228.0,6.7,6.395551027797272
8882,Gomorrah,228.0,6.7,6.395551027797272
24748,Hud,69.0,7.4,6.395501056145891
13852,The Castle,69.0,7.4,6.395501056145891
1887,Marie Antoinette,662.0,6.5,6.395452869164178
8982,The Protector,171.0,6.8,6.39543836806891
2616,Uncle Buck,338.0,6.6,6.395422566473547
11880,Dog Soldiers,227.0,6.7,6.395419057458859
241848,The Guest,661.0,6.5,6.395414726501656
3053,The Fearless Vampire Killers,137.0,6.9,6.395413516139161
1623,Brubaker,98.0,7.1,6.395377301868598
96724,Anna Karenina,660.0,6.5,6.3953765559972675
8328,Step Up 2: The Streets,658.0,6.5,6.395300131340862
12491,Accattone,49.0,7.8,6.395270905659932
2614,Innerspace,336.0,6.6,6.395253210788598
10938,Beautiful Thing,76.0,7.3,6.395237363855708
11779,Buena Vista Social Club,76.0,7.3,6.395237363855708
778,Monsieur  Hulot's Holiday,76.0,7.3,6.395237363855708
695,Short Cuts,136.0,6.9,6.39518580951949
2330,Taxi,653.0,6.5,6.3951085803270145
26039,Point Blank,97.0,7.1,6.395053627600411
130739,A Coffee in Berlin,113.0,7.0,6.395044116192669
65215,Family Guy Presents Stewie Griffin: The Untold Story,113.0,7.0,6.395044116192669
41498,One Piece Film Strong World,68.0,7.4,6.395033401431464
10166,The Witches,224.0,6.7,6.395022459083189
18971,Rosencrantz & Guildenstern Are Dead,75.0,7.3,6.394817510663688
43904,L'Atalante,75.0,7.3,6.394817510663688
9942,Major League,222.0,6.7,6.394757485872723
36107,More,45.0,7.9,6.394744344386792
12172,Encounters at the End of the World,84.0,7.2,6.394700429586965
8536,Superman II,642.0,6.5,6.394684690976952
1696,The Devil's Rejects,329.0,6.6,6.394658251356281
13815,Fresh,56.0,7.6,6.394630957936616
5781,That Obscure Object of Desire,61.0,7.5,6.394596788624074
2769,An American in Paris,133.0,6.9,6.39450145489266
67884,Chinese Take-Out,95.0,7.1,6.394405386148976
9393,Before the Fall,74.0,7.3,6.394397267626785
6949,"What's Up, Doc?",74.0,7.3,6.394397267626785
79108,Starbuck,165.0,6.8,6.394357110227272
176983,One Piece Film Z,83.0,7.2,6.3943281141980695
276,The Edukators,83.0,7.2,6.3943281141980695
194101,The Selfish Giant,83.0,7.2,6.3943281141980695
252838,The Wedding Ringer,632.0,6.5,6.394296353031846
12473,The Visitor,132.0,6.9,6.39427292416407
44835,Hesher,218.0,6.7,6.394226155749566
858,Sleepless in Seattle,630.0,6.5,6.394218341520956
13667,Better Off Dead...,164.0,6.8,6.394176338423189
16448,Waiting for Guffman,66.0,7.4,6.394096784456634
84351,West of Memphis,55.0,7.6,6.394066369050663
13382,"Rudolph, the Red-Nosed Reindeer",131.0,6.9,6.394044186709204
897,Aparajito,44.0,7.9,6.394035638600115
25037,The Life and Death of Colonel Blimp,44.0,7.9,6.394035638600115
16007,Death Note,163.0,6.8,6.393995405427992
10363,Purple Noon,73.0,7.3,6.393976634201775
325113,A Girl Like Her,82.0,7.2,6.393955454383642
10975,Armour of God II: Operation Condor,109.0,7.0,6.393938643918187
11468,Salton Sea,109.0,7.0,6.393938643918187
2061,Pusher,162.0,6.8,6.393814311025988
21519,Project A,93.0,7.1,6.393755951404641
1382,Me and You and Everyone We Know,108.0,7.0,6.393661644281046
9336,Police Academy,614.0,6.5,6.393590079476128
11815,The Fly (1958),129.0,6.9,6.393586090497618
16227,Dark Passage,81.0,7.2,6.393582449665525
15600,Missing,81.0,7.2,6.393582449665525
12219,12 Angry Men (1997),59.0,7.5,6.393563194373274
2266,"Paris, je t'aime",213.0,6.7,6.393559386207599
28205,The Class (2007),54.0,7.6,6.3935012510155875
11773,Village of the Damned (1960),92.0,7.1,6.3934307855174906
10531,Death and the Maiden,92.0,7.1,6.3934307855174906
19067,The Duellists,92.0,7.1,6.3934307855174906
227973,The Peanuts Movie,608.0,6.5,6.393352552913824
20423,For All Mankind,34.0,8.3,6.393345156983236
11522,Pretty in Pink,313.0,6.6,6.393285273242112
11033,Dressed to Kill,159.0,6.8,6.393270057216425
14794,If....,80.0,7.2,6.393209099564673
11974,The 'Burbs,312.0,6.6,6.393198852235504
11003,The Wedding Singer,603.0,6.5,6.393153802569826
9065,Europa,71.0,7.3,6.393134194009491
13348,Helvetica,71.0,7.3,6.393134194009491
9701,North Country,127.0,6.9,6.393127164006757
17917,Oliver!,106.0,7.0,6.393106884697598
14924,Sid & Nancy,106.0,7.0,6.393106884697598
11177,Mask,106.0,7.0,6.393106884697598
42196,The Bad Seed,91.0,7.1,6.393105320069423
4517,Elizabeth: The Golden Age,310.0,6.6,6.393025793261245
701,Our Hospitality,49.0,7.7,6.392969301582805
1563,Sunless,49.0,7.7,6.392969301582805
3121,Nashville,79.0,7.2,6.392835403601155
34106,You Can't Take It With You,79.0,7.2,6.392835403601155
27632,Black Sunday,79.0,7.2,6.392835403601155
9007,Just Like Heaven,595.0,6.5,6.392834256567305
21588,Cemetery Man,105.0,7.0,6.392829124055339
119675,Behind the Candelabra,307.0,6.6,6.3927656610338355
10423,Dragon: The Bruce Lee Story,156.0,6.8,6.392724342943588
1826,Russian Dolls,156.0,6.8,6.392724342943588
8816,My Life as a Dog,70.0,7.3,6.392712386150707
36095,Cure,63.0,7.4,6.392688580977024
3059,Intolerance: Love's Struggle Throughout the Ages,63.0,7.4,6.392688580977024
10998,Fatal Attraction,305.0,6.6,6.39259187597422
13364,Deliver Us from Evil,57.0,7.5,6.392527665413189
10178,The Caine Mutiny,78.0,7.2,6.392461361294151
20,My Life Without Me,78.0,7.2,6.392461361294151
11135,The Rescuers Down Under,303.0,6.6,6.392417799200451
47735,Summer with Monika,52.0,7.6,6.392369424519672
24807,Mr. Deeds Goes to Town,69.0,7.3,6.3922901857208
3080,Top Hat,62.0,7.4,6.3922183032305675
75301,Being Elmo: A Puppeteer's Journey,62.0,7.4,6.3922183032305675
841,Dune,576.0,6.5,6.392067619723532
14761,Cocaine Cowboys,56.0,7.5,6.39200917371882
81167,Woody Allen: A Documentary,56.0,7.5,6.39200917371882
4012,The Believer,152.0,6.8,6.391994441902693
2469,Tie Me Up! Tie Me Down!,102.0,7.0,6.391994314537324
1485,Get Carter (1971),122.0,6.9,6.391976200460825
11455,Up in Smoke,201.0,6.7,6.391947212610848
10045,District B13,572.0,6.5,6.391904822717137
660,Thunderball,572.0,6.5,6.391904822717137
12914,Stargate: Continuum,151.0,6.8,6.391811557679336
14807,The Long Good Friday,87.0,7.1,6.391800454373527
10236,The Way We Were,87.0,7.1,6.391800454373527
15849,The Mummy (1932),121.0,6.9,6.391745380224319
11839,The Court Jester,47.0,7.7,6.391740282848546
10373,Quadrophenia,76.0,7.2,6.391712235721939
11838,Ju-on: The Grudge,199.0,6.7,6.391676866365964
276908,Comet,150.0,6.8,6.391628509430577
27936,Micmacs,150.0,6.8,6.391628509430577
19185,Night of the Living Dead (1990),198.0,6.7,6.391541515224089
47653,The Immigrant (1917),55.0,7.5,6.391490196306571
1125,Dreamgirls,292.0,6.6,6.391455129578918
11879,Near Dark,149.0,6.8,6.391445296935649
14438,Fireproof,100.0,7.0,6.391436498362217
23479,The Bad News Bears,100.0,7.0,6.391436498362217
4929,Hang 'em High,197.0,6.7,6.3914060451941035
13020,Enron: The Smartest Guys in the Room,75.0,7.2,6.391337151490621
15919,Marty,75.0,7.2,6.391337151490621
24447,Louis C.K.: Shameless,43.0,7.8,6.391300781744607
1808,Velvet Goldmine,119.0,6.9,6.391283109940979
4437,2010,290.0,6.6,6.391279138633605
10133,Cypher,196.0,6.7,6.3912704561192974
988,The China Syndrome,99.0,7.0,6.391157206271238
15003,Chocolate,99.0,7.0,6.391157206271238
14886,The Last Detail,85.0,7.1,6.391146213355835
59490,Cave of Forgotten Dreams,85.0,7.1,6.391146213355835
241239,A Most Violent Year,550.0,6.5,6.391000587313338
3716,In July,54.0,7.5,6.3909707324935985
23637,"Ciao, Professore!",74.0,7.2,6.390961718983595
13920,Radio,146.0,6.8,6.390894671760243
13509,The Monster Squad,146.0,6.8,6.390894671760243
8293,Howards End,98.0,7.0,6.390877657707805
10297,How to Marry a Millionaire,117.0,6.9,6.39081999799937
255,Stolen Kisses,59.0,7.4,6.390804831625197
18197,Running on Empty,59.0,7.4,6.390804831625197
157849,A Most Wanted Man,545.0,6.5,6.390792965429709
9707,Bubba Ho-tep,192.0,6.7,6.3907269062280045
19884,The Sword of Doom,49.0,7.6,6.390667697505678
132,The Rolling Stones: Gimme Shelter,42.0,7.8,6.3906369116165385
55676,A Personal Journey with Martin Scorsese Through American Movies,31.0,8.3,6.390635493310933
667,You Only Live Twice,541.0,6.5,6.3906262975656585
44009,Another Year,97.0,7.0,6.390597852318479
1627,The Wild Child,65.0,7.3,6.390597447308662
13528,Gaslight (1944),73.0,7.2,6.390585937715559
5,Four Rooms,539.0,6.5,6.3905427727160555
10212,Ravenous,144.0,6.8,6.390526763013878
11022,Narc,144.0,6.8,6.390526763013878
19155,Before the Rain,45.0,7.7,6.390508950612821
4912,Confessions of a Dangerous Mind,281.0,6.6,6.390483489529517
795,City of Angels,537.0,6.5,6.390459120198978
2758,Addams Family Values,537.0,6.5,6.390459120198978
248774,Obvious Child,190.0,6.7,6.39045441291866
52345,Lisbela and the Prisoner,53.0,7.5,6.390450781595777
8016,Germany Year Zero,53.0,7.5,6.390450781595777
2054,Mr. Holland's Opus,115.0,6.9,6.390356042098778
10162,Waking Ned,58.0,7.4,6.3903327929113
321594,Louis C.K.: Live at The Comedy Store,58.0,7.4,6.3903327929113
19255,Away We Go,189.0,6.7,6.390317986119004
10226,High Tension,279.0,6.6,6.390305854132014
16538,"I Love You, Man",531.0,6.5,6.390207393709077
1412,"Sex, Lies, and Videotape",188.0,6.7,6.390181439010875
20367,Detour,64.0,7.3,6.39017327577822
5994,The Family Man,530.0,6.5,6.390165326770518
10692,Henry: Portrait of a Serial Killer,142.0,6.8,6.390158191950635
28053,City Island,114.0,6.9,6.390123746942598
30060,The Plague Dogs,36.0,8.0,6.390043240437966
40724,Anne of Green Gables: The Sequel,36.0,8.0,6.390043240437966
15163,Amazing Grace,95.0,7.0,6.390037469645148
232,Rumble Fish,141.0,6.8,6.389973657491035
20604,Metal: A Headbanger's Journey,41.0,7.8,6.389972415476421
3087,Yankee Doodle Dandy,57.0,7.4,6.389860312410077
8440,Carandiru,81.0,7.1,6.38983409824601
18030,Kiss Me Deadly,81.0,7.1,6.38983409824601
25431,Adam's Rib,71.0,7.2,6.3898333269507495
362045,Bajirao Mastani,71.0,7.2,6.3898333269507495
17204,Paradise Lost: The Child Murders at Robin Hood Hills,38.0,7.9,6.38976934989245
62931,Afro Samurai,63.0,7.3,6.389748708371504
10803,Logan's Run,272.0,6.6,6.389681751144673
15487,The Greatest Game Ever Played,112.0,6.9,6.38965852077133
11296,Birdy,112.0,6.9,6.38965852077133
4349,The Kingdom (2007),517.0,6.5,6.389615508425158
185008,Yeh Jawaani Hai Deewani,80.0,7.1,6.389505310125102
659,The Tin Drum,93.0,7.0,6.389476055410715
13368,White Christmas,111.0,6.9,6.389425589175798
110147,The 10th Kingdom,51.0,7.5,6.389409415802676
39781,The Kids Are All Right,512.0,6.5,6.389402571270555
239678,This Is Where I Leave You,512.0,6.5,6.389402571270555
3084,Wuthering Heights (1939),56.0,7.4,6.3893873895010245
8456,Never Back Down,511.0,6.5,6.389359885217667
13643,George Carlin: It's Bad for Ya!,33.0,8.1,6.389319195723853
13222,The Devil and Daniel Johnston,33.0,8.1,6.389319195723853
64328,The Muppets,509.0,6.5,6.389274414185177
11305,Mystery Train,92.0,7.0,6.389194960567561
15999,Vampire Hunter D: Bloodlust,92.0,7.0,6.389194960567561
10846,The Tiger and the Snow,110.0,6.9,6.389192444852492
12281,Mean Creek,110.0,6.9,6.389192444852492
1818,Shoot the Piano Player,69.0,7.2,6.389079315295708
6973,In the Valley of Elah,265.0,6.6,6.389053922089901
1865,Pirates of the Caribbean: On Stranger Tides,5068.0,6.4,6.388994326290016
9319,The Last Boy Scout,502.0,6.5,6.3889742228179145
198185,Million Dollar Arm,264.0,6.6,6.38896392610965
13823,The Power of One,46.0,7.6,6.388961167762512
905,Pandora's Box,46.0,7.6,6.388961167762512
82825,Kahaani,61.0,7.3,6.388898383710368
26030,Bob le Flambeur,50.0,7.5,6.388887999532718
3472,Dirty Pretty Things,135.0,6.8,6.388862951581171
30020,Taste of Cherry,78.0,7.1,6.388846819715338
6619,Death in Venice,78.0,7.1,6.388846819715338
11967,Young Guns,262.0,6.6,6.388783703582363
11537,Snake in the Eagle's Shadow,68.0,7.2,6.38870178291148
577,To Die For,177.0,6.7,6.388671434725942
75612,Oblivion,4862.0,6.4,6.388667736674093
75964,George Harrison: Living in the Material World,39.0,7.8,6.388641541614816
6936,Ben X,90.0,7.0,6.388631993642579
246655,X-Men: Apocalypse,4831.0,6.4,6.388616904275782
185567,Zulu (2013),176.0,6.7,6.388533431416793
55725,Win Win,176.0,6.7,6.388533431416793
12155,Alice in Wonderland (2010),4773.0,6.4,6.388520563349319
128216,Stories We Tell,77.0,7.1,6.388517116578834
14168,3:10 to Yuma (1957),77.0,7.1,6.388517116578834
50247,Early Summer,32.0,8.1,6.388509195106283
10439,Hocus Pocus,491.0,6.5,6.388499190806789
16938,Black Christmas (1974),133.0,6.8,6.388491377846184
18917,Alice (1988),60.0,7.3,6.388472625343916
32961,The Lavender Hill Mob,60.0,7.3,6.388472625343916
29154,Stand and Deliver,60.0,7.3,6.388472625343916
211672,Minions,4729.0,6.4,6.388446382276961
21832,Neon Genesis Evangelion: Death and Rebirth,54.0,7.4,6.3884402139716086
24192,The Gospel According to Matthew,54.0,7.4,6.3884402139716086
22492,It Might Get Loud,54.0,7.4,6.3884402139716086
8672,My Best Fiend,45.0,7.6,6.388391253725835
159008,Inequality for All,45.0,7.6,6.388391253725835
48831,My Night at Maud's,45.0,7.6,6.388391253725835
19119,Night and the City (1950),45.0,7.6,6.388391253725835
11942,Bring Me the Head of Alfredo Garcia,89.0,7.0,6.388350120844056
10644,The Unbearable Lightness of Being,89.0,7.0,6.388350120844056
16769,Coal Miner's Daughter,67.0,7.2,6.3883238988354245
11577,Pat Garrett & Billy the Kid,67.0,7.2,6.3883238988354245
17612,Lost and Delirious,132.0,6.8,6.388305339001657
1498,Teenage Mutant Ninja Turtles (1990),486.0,6.5,6.388281920771922
9692,The Woodsman,106.0,6.9,6.38825773444256
10722,The Day of the Beast,106.0,6.9,6.38825773444256
36819,Time Bandits,255.0,6.6,6.388150493417296
11673,Cyrano de Bergerac,131.0,6.8,6.388119131868525
2039,Moonstruck,173.0,6.7,6.388118686435435
177494,Veronica Mars,482.0,6.5,6.3881074941371665
1893,Star Wars: Episode I - The Phantom Menace,4526.0,6.4,6.38809134107959
19971,The Little Girl Who Lives Down the Lane,88.0,7.0,6.388067988009277
18444,Swiss Family Robinson,88.0,7.0,6.388067988009277
14554,Bad Day at Black Rock,88.0,7.0,6.388067988009277
1365,Monster's Ball,254.0,6.6,6.388059724760476
22292,The Ghost and Mrs. Muir,59.0,7.3,6.3880464688771195
22527,The Wrong Man,105.0,6.9,6.388023522096485
17887,Barefoot in the Park,105.0,6.9,6.388023522096485
11904,Young Sherlock Holmes,172.0,6.7,6.387980192546333
27030,The Earrings of Madame de...,38.0,7.8,6.387975162116534
12717,My Mother's Castle,53.0,7.4,6.387965960104415
10868,The Accused,130.0,6.8,6.387932756218337
84327,The Queen of Versailles,75.0,7.1,6.387856792317554
51247,Blackadder's Christmas Carol,44.0,7.6,6.387820803034305
8429,Paisan,44.0,7.6,6.387820803034305
83660,Paradise Lost 3: Purgatory,44.0,7.6,6.387820803034305
15143,Some Kind of Wonderful,104.0,6.9,6.387789095265329
236,Muriel's Wedding,104.0,6.9,6.387789095265329
36950,You Don't Know Jack,104.0,6.9,6.387789095265329
176297,Dead Set,87.0,7.0,6.387785594778244
32015,I Am Cuba,33.0,8.0,6.387757398236927
25195,Leap Year,474.0,6.5,6.387757001744244
10876,Quills,129.0,6.8,6.387746211822229
9026,The Importance of Being Earnest (2002),129.0,6.8,6.387746211822229
9846,To Live and Die in L.A.,129.0,6.8,6.387746211822229
11542,Altered States,169.0,6.7,6.387563971900093
436,Maria Full of Grace,103.0,6.9,6.387554453654327
11446,Welcome to the Dollhouse,103.0,6.9,6.387554453654327
29193,The Spanish Prisoner,74.0,7.1,6.387526170340404
2690,Irma la Douce,74.0,7.1,6.387526170340404
57586,African Cats,74.0,7.1,6.387526170340404
8428,Pump up the Volume,86.0,7.0,6.3875029407902835
25670,Foreign Correspondent,86.0,7.0,6.3875029407902835
40663,Gasland,52.0,7.4,6.387491261335732
228,The Blue Angel,52.0,7.4,6.387491261335732
13785,Best in Show,168.0,6.7,6.387424984810478
7874,Black Snake Moan,247.0,6.6,6.387422159739021
30983,From the Earth to the Moon,26.0,8.4,6.387336828796844
15856,House on Haunted Hill (1959),102.0,6.9,6.387319596968177
39108,Dragon Ball Z: Wrath of the Dragon,102.0,6.9,6.387319596968177
668,On Her Majesty's Secret Service,464.0,6.5,6.387315786318408
12919,Can't Buy Me Love,167.0,6.7,6.387285874009086
11302,Bananas,167.0,6.7,6.387285874009086
1894,Star Wars: Episode II - Attack of the Clones,4074.0,6.4,6.387216664842047
11502,Knife in the Water,73.0,7.1,6.3871952412293425
19236,Santa Sangre,73.0,7.1,6.3871952412293425
40751,Ashes of Time,73.0,7.1,6.3871952412293425
16161,Baby Boy,57.0,7.3,6.387192959406965
256876,Red Army,57.0,7.3,6.387192959406965
11575,The Great Race,64.0,7.2,6.387188131535117
9071,Living in Oblivion,64.0,7.2,6.387188131535117
10476,Hustle & Flow,101.0,6.9,6.387084524911032
9367,El Mariachi,243.0,6.6,6.387056111670383
28145,"They Shoot Horses, Don't They?",51.0,7.4,6.387016117039215
1947,An Unfinished Life,165.0,6.7,6.387007280609685
179150,Reality,84.0,7.0,6.386936849097583
9812,Thursday,84.0,7.0,6.386936849097583
14135,Bad Boy Bubby,72.0,7.1,6.386864004556199
12311,Mutiny on the Bounty (1935),72.0,7.1,6.386864004556199
10858,Nixon,72.0,7.1,6.386864004556199
12560,The Big Chill,124.0,6.8,6.38681095061354
21189,Lost in La Mancha,63.0,7.2,6.386808835765984
18912,Angst,63.0,7.2,6.386808835765984
28227,Collapse,39.0,7.7,6.386801007387958
12206,The Testament of Dr. Mabuse,46.0,7.5,6.386797429198577
784,Kolya,46.0,7.5,6.386797429198577
5055,Ashes and Diamonds,46.0,7.5,6.386797429198577
30368,Stray Dog,56.0,7.3,6.386765605283229
17360,Escape to Victory,163.0,6.7,6.3867281903763855
5683,Pee-wee's Big Adventure,239.0,6.6,6.386688800795495
26372,Shame (1968),42.0,7.6,6.3866782886518125
26719,House of Games,83.0,7.0,6.386653410668168
12528,Southern Comfort,83.0,7.0,6.386653410668168
17187,The Emperor's Club,99.0,6.9,6.386613733497654
1672,The Professional,71.0,7.1,6.386532459892008
17332,The Soloist,237.0,6.6,6.386504669761849
13198,Wristcutters: A Love Story,161.0,6.7,6.386448601978943
34148,Imitation of Life,62.0,7.2,6.386429185837537
32646,Safe,62.0,7.2,6.386429185837537
16905,Captain Blood,55.0,7.3,6.386337850818387
18299,Love in the Afternoon,55.0,7.3,6.386337850818387
10176,The Quiet Earth,160.0,6.7,6.38630862055167
2767,Les Amants du Pont-Neuf,45.0,7.5,6.38627355683885
16559,The Picture of Dorian Gray,45.0,7.5,6.38627355683885
10971,A Night to Remember,45.0,7.5,6.38627355683885
56590,All Star Superman,121.0,6.8,6.386247754199193
8834,Conspiracy Theory,440.0,6.5,6.386242582037228
48693,The Mother and the Whore,31.0,8.0,6.386229893936244
8276,I've Loved You So Long,70.0,7.1,6.386200606807002
18254,Reds,70.0,7.1,6.386200606807002
20620,Seconds,70.0,7.1,6.386200606807002
1833,Rent,159.0,6.7,6.3861685140823665
11208,Wicker Park,159.0,6.7,6.3861685140823665
10511,In America,97.0,6.9,6.386142077036548
53200,Lessons of Darkness,26.0,8.3,6.386102231584185
11832,Babette's Feast,81.0,7.0,6.386085746826495
1666,The Bridge,81.0,7.0,6.386085746826495
11235,Local Hero,81.0,7.0,6.386085746826495
39324,Dragon Ball Z: The History of Trunks,81.0,7.0,6.386085746826495
19673,Sexmission,49.0,7.4,6.386064489351424
16620,La Bamba,120.0,6.8,6.386059680722159
319067,Best of Enemies,61.0,7.2,6.386049181253515
10675,Frantic,232.0,6.6,6.386042948422204
68724,Elysium,3510.0,6.4,6.385926885679606
10548,When We Were Kings,54.0,7.3,6.385909695449619
11197,Evil,96.0,6.9,6.385905923667693
25508,Cat People (1942),96.0,6.9,6.385905923667693
868,Tsotsi,96.0,6.9,6.385905923667693
11337,Stardust Memories,96.0,6.9,6.385905923667693
12268,The Pink Panther Strikes Again,119.0,6.8,6.385871436187596
19200,Shadows and Fog,80.0,7.0,6.385801520685532
11939,A Day at the Races,44.0,7.5,6.385749191179036
14533,Gia,156.0,6.7,6.385747442744567
8649,Bringing Out the Dead,228.0,6.6,6.385672130940755
912,The Thomas Crown Affair (1968),95.0,6.9,6.38566955314132
42994,Memories,60.0,7.2,6.385668821516724
8880,Che: Part Two,155.0,6.7,6.385606834427936
10687,Tigerland,155.0,6.7,6.385606834427936
21849,A Face in the Crowd,48.0,7.4,6.3855880047015745
8056,Train of Life,48.0,7.4,6.3855880047015745
36940,The First Beautiful Thing,79.0,7.0,6.3855170312442215
28055,Blood and Black Lace,53.0,7.3,6.385481138613054
42148,Pixote,24.0,8.4,6.385423605411115
11633,Appleseed,116.0,6.8,6.385305673901826
36265,Simon of the Desert,34.0,7.8,6.385303339532492
5923,The Sand Pebbles,59.0,7.2,6.3852881061290425
30421,A Chinese Ghost Story,59.0,7.2,6.3852881061290425
13508,Who Killed the Electric Car?,59.0,7.2,6.3852881061290425
2179,Tenacious D in The Pick of Destiny,419.0,6.5,6.385286618221539
964,The Phantom of the Opera (1925),78.0,7.0,6.385232278136525
17136,The Woman in the Window,43.0,7.5,6.385224331522039
1987,Benny's Video,67.0,7.1,6.3852031927174435
127864,Blancanieves,67.0,7.1,6.3852031927174435
9459,Woodstock,67.0,7.1,6.3852031927174435
3573,Emma (1996),152.0,6.7,6.385184253502414
10973,Creature from the Black Lagoon,152.0,6.7,6.385184253502414
13312,Inside,152.0,6.7,6.385184253502414
9900,Grandma's Boy,222.0,6.6,6.385113488392325
19120,Juliet of the Spirits,47.0,7.4,6.38511107200673
29740,I Am a Fugitive from a Chain Gang,47.0,7.4,6.38511107200673
25476,Scum,52.0,7.3,6.385052179743763
32574,Meet John Doe,52.0,7.3,6.385052179743763
5955,The Pledge,221.0,6.6,6.385020098048508
605,The Matrix Revolutions,3155.0,6.4,6.38497253929927
183894,Emma (2009),39.0,7.6,6.384960473161101
323272,War Room,92.0,6.9,6.384959135617631
123377,Pieta,92.0,6.9,6.384959135617631
14943,Crows Zero,77.0,7.0,6.384947260995719
14273,Dark Days,36.0,7.7,6.384939150076662
23957,Over the Edge,36.0,7.7,6.384939150076662
1716,The Last Metro,58.0,7.2,6.384907034591414
6715,The Cure,58.0,7.2,6.384907034591414
310,Bruce Almighty,3121.0,6.4,6.38487430077288
9663,Starman,219.0,6.6,6.384833073622616
7985,Penelope,409.0,6.5,6.384825727557691
55244,Bill Cunningham New York,31.0,7.9,6.384761360811348
11624,Everything You Always Wanted to Know About Sex *But Were Afraid to Ask,218.0,6.6,6.384739439328408
6878,Homeward Bound: The Incredible Journey,218.0,6.6,6.384739439328408
25126,Six Shooter,42.0,7.5,6.38469897716945
11820,Mona Lisa Smile,406.0,6.5,6.384686737305543
3543,Bagdad Cafe,76.0,7.0,6.384661979454401
7294,The Man Without a Past,76.0,7.0,6.384661979454401
14286,Why We Fight,33.0,7.8,6.384633803263075
5558,The Phantom of Liberty,46.0,7.4,6.38463369063464
8095,Cleopatra,148.0,6.7,6.384619041991388
8272,The Savages,112.0,6.8,6.384548915169012
18671,Gun Crazy,57.0,7.2,6.384525606403853
25955,Pickup on South Street,57.0,7.2,6.384525606403853
12487,Gozu,57.0,7.2,6.384525606403853
16085,Funny Girl,90.0,6.9,6.384484432638869
13701,Immortal Beloved,90.0,6.9,6.384484432638869
11162,The Merchant of Venice,147.0,6.7,6.38447742185712
46591,Fists in the Pocket,23.0,8.4,6.384465629047154
48392,Sound of Noise,38.0,7.6,6.384386786564704
18573,House of Wax (1953),75.0,7.0,6.384376433144488
6575,Walk Hard: The Dewey Cox Story,214.0,6.6,6.38436408579294
11071,Them!,111.0,6.8,6.384359293733182
10974,Armour of God,111.0,6.8,6.384359293733182
1593,Night at the Museum,2949.0,6.4,6.384356972052758
13258,Son of Rambow,146.0,6.7,6.384335674478184
29161,Phenomena,146.0,6.7,6.384335674478184
13820,Repo Man,146.0,6.7,6.384335674478184
28571,The Heiress,35.0,7.7,6.384317357197434
12614,Victor/Victoria,89.0,6.9,6.384246752854937
14299,Cadillac Records,89.0,6.9,6.384246752854937
11448,Mighty Aphrodite,145.0,6.7,6.384193799683011
71883,Redline,50.0,7.3,6.38419305364197
14003,Fullmetal Alchemist the Movie: Conqueror of Shamballa,74.0,7.0,6.384090621697214
9871,Ginger Snaps,211.0,6.6,6.384081710471513
12150,Sea of Love,144.0,6.7,6.384051797299721
8769,Christine,392.0,6.5,6.384033655456102
13291,Traitor,210.0,6.6,6.383987420950114
2750,24 Hour Party People,109.0,6.8,6.383979531101539
9684,Sweet and Lowdown,109.0,6.8,6.383979531101539
43824,Waterloo Bridge,28.0,8.0,6.3839332026873095
8270,The Lookout,209.0,6.6,6.383893049042013
13580,The Spy Who Came in from the Cold,73.0,7.0,6.383804544743126
6106,Salvador,73.0,7.0,6.383804544743126
46420,The Loved Ones,208.0,6.6,6.38379859463918
10217,The Sweet Hereafter,108.0,6.8,6.383789389430615
25673,A Place in the Sun,87.0,6.9,6.38377073518296
11307,The World According to Garp,87.0,6.9,6.38377073518296
17962,After Life,49.0,7.3,6.3837628852742965
32600,Seven Chances,49.0,7.3,6.3837628852742965
233,The Wanderers,55.0,7.2,6.383761678074294
49870,The Power of Nightmares,26.0,8.1,6.383633037158866
11009,Saturday Night Fever,383.0,6.5,6.383609896508136
1494,Curse of the Golden Flower,206.0,6.6,6.383609437916276
98548,People Like Us,206.0,6.6,6.383609437916276
327,Brother (2000),107.0,6.8,6.383599073872157
25117,Bill Hicks: Revelations,21.0,8.5,6.3835464883051545
82654,Warm Bodies,2698.0,6.4,6.383535197020629
26371,Maurice,62.0,7.1,6.383534627141023
9555,Rabbit-Proof Fence,86.0,6.9,6.383532396687234
9469,He Got Game,140.0,6.7,6.383482508436998
13435,Antwone Fisher,140.0,6.7,6.383482508436998
14052,Revenge of the Nerds,204.0,6.6,6.383419949913401
42739,The War Zone,54.0,7.2,6.383379176927629
4107,Bloody Sunday,54.0,7.2,6.383379176927629
8996,Europa Europa,48.0,7.3,6.383332312603546
195,Trouble in Paradise,48.0,7.3,6.383332312603546
42987,The Servant,48.0,7.3,6.383332312603546
2383,The Bear,85.0,6.9,6.383293838012293
3065,Mystery Science Theater 3000: The Movie,71.0,7.0,6.383231592833266
898,Birdman of Alcatraz,71.0,7.0,6.383231592833266
20246,The Stranger,71.0,7.0,6.383231592833266
2163,Breakdown,202.0,6.6,6.38323012975951
3902,I'm Not There.,202.0,6.6,6.38323012975951
13909,She Wore a Yellow Ribbon,61.0,7.1,6.383199978796662
4031,Going Places,61.0,7.1,6.383199978796662
27275,G.O.R.A.,43.0,7.4,6.3831988481145165
32499,The Bad and the Beautiful,43.0,7.4,6.3831988481145165
11843,The Return of the Pink Panther,138.0,6.7,6.3831970939853075
8909,Wanted (2008),2583.0,6.4,6.383129133832599
8588,Shooting Dogs,39.0,7.5,6.383119938934243
32488,Days of Wine and Roses,39.0,7.5,6.383119938934243
12233,Oliver & Company,372.0,6.5,6.383087744287083
12502,Silkwood,84.0,6.9,6.383055058852891
13776,Diner,84.0,6.9,6.383055058852891
16876,Bang Bang You're Dead,53.0,7.2,6.382996317121692
1282,Dogtown and Z-Boys,53.0,7.2,6.382996317121692
126963,Dragon Ball Z: Battle of Gods,370.0,6.5,6.382992303763226
11222,The American Friend,70.0,7.0,6.382944717135149
10243,The Flight of the Phoenix,70.0,7.0,6.382944717135149
11316,The Tragedy of Macbeth,70.0,7.0,6.382944717135149
10130,Gorillas in the Mist,136.0,6.7,6.382911164333453
39486,Secretariat,103.0,6.8,6.382836067983561
2259,The House of the Spirits,135.0,6.7,6.382768005871335
17801,The Letter,42.0,7.4,6.382719665687087
150,48 Hrs.,364.0,6.5,6.382705044949657
5998,"Dr. Mabuse, the Gambler",35.0,7.6,6.382662471739149
7211,Dan in Real Life,363.0,6.5,6.382657031296062
10072,A Nightmare on Elm Street 3: Dream Warriors,363.0,6.5,6.382657031296062
20539,The Crucible,134.0,6.7,6.382624718085194
11489,Rosetta,52.0,7.2,6.382613098151793
253306,Housebound,362.0,6.5,6.382608978318439
1661,Gigantics,28.0,7.9,6.382604897936248
42536,Napoleon,28.0,7.9,6.382604897936248
14615,Fury (1936),38.0,7.5,6.382592598788788
20544,Something the Lord Made,38.0,7.5,6.382592598788788
26397,The Civil War,15.0,9.2,6.38249695439257
10940,Babylon 5: In the Beginning,46.0,7.3,6.3824699520707044
32255,The Palm Beach Story,46.0,7.3,6.3824699520707044
12626,Broadcast News,101.0,6.8,6.382453515488532
11558,Silver Streak,101.0,6.8,6.382453515488532
44338,Balance,32.0,7.7,6.382448445562023
11086,The Majestic,193.0,6.6,6.382371805189166
22660,Old Yeller,68.0,7.0,6.382370164391496
12205,Dark Water (2002),132.0,6.7,6.382337753839243
1951,Manderlay,81.0,6.9,6.382337395406981
8852,Prince of Darkness,192.0,6.6,6.382276016023554
156711,Austenland,192.0,6.6,6.382276016023554
2105,American Pie,2358.0,6.4,6.382273796371008
8072,Alphaville,100.0,6.8,6.382261976010787
5767,Two for the Road,51.0,7.2,6.38222951951229
51540,Horrible Bosses,2341.0,6.4,6.382205633315173
46689,Waste Land,34.0,7.6,6.382086612552195
31685,The Hunchback of Notre Dame (1939),34.0,7.6,6.382086612552195
10452,Queen Margot,67.0,7.0,6.3820824865994625
9606,Metropolis (2001),99.0,6.8,6.3820702607240705
21629,Stir Crazy,130.0,6.7,6.382050270189241
27118,The Hound of the Baskervilles (1939),45.0,7.3,6.382038163064879
43461,Odd Man Out,45.0,7.3,6.382038163064879
40423,Black Orpheus,45.0,7.3,6.382038163064879
7191,Cloverfield,2297.0,6.4,6.382026752557081
13531,Empire Records,188.0,6.6,6.381892014640849
11129,Human Traffic,98.0,6.8,6.381878369386218
8194,A Guide To Recognizing Your Saints,98.0,6.8,6.381878369386218
1770,Michael Collins,98.0,6.8,6.381878369386218
26748,Lone Star,79.0,6.9,6.381857845065755
12112,He Loves Me... He Loves Me Not,79.0,6.9,6.381857845065755
17965,The Abominable Dr. Phibes,79.0,6.9,6.381857845065755
669,Nanook of the North,50.0,7.2,6.381845580696596
24739,Miracle Mile,50.0,7.2,6.381845580696596
8066,Stay,346.0,6.5,6.381834742927395
43802,The Little Foxes,31.0,7.7,6.381824294561555
256924,Danny Collins,187.0,6.6,6.381795802556172
23963,Pontypool,187.0,6.6,6.381795802556172
27725,High Sierra,66.0,7.0,6.38179454069513
25736,The Postman Always Rings Twice (1946),66.0,7.0,6.38179454069513
1583,Lammbock,66.0,7.0,6.38179454069513
9953,A Love Song for Bobby Long,97.0,6.8,6.381686301754617
6538,Charlie Wilson's War,342.0,6.5,6.3816395857076795
18093,Northanger Abbey,78.0,6.9,6.381617736557712
11606,Last Life in the Universe,44.0,7.3,6.381605967468497
2064,While You Were Sleeping,340.0,6.5,6.381541765162385
10949,Oliver Twist (1948),36.0,7.5,6.381536423169127
20875,Operation Y and Other Shurik's Adventures,36.0,7.5,6.381536423169127
29698,Ratcatcher,36.0,7.5,6.381536423169127
36210,Not One Less,36.0,7.5,6.381536423169127
53218,An Occurrence at Owl Creek Bridge,19.0,8.5,6.381529809954841
3111,A Star Is Born (1954),56.0,7.1,6.381522036847638
17474,The Man in the Moon,56.0,7.1,6.381522036847638
20941,Innocent Voices,33.0,7.6,6.381510208289223
163,Ocean's Twelve,2169.0,6.4,6.381485306865159
2760,The Lodger: A Story of the London Fog,49.0,7.2,6.3814612811971685
74387,Goon,338.0,6.5,6.381443782793157
1389,Out of Sight,338.0,6.5,6.381443782793157
113947,The Sessions,183.0,6.6,6.381410103893022
12900,Conspiracy,77.0,6.9,6.381377405412604
9517,Bully,125.0,6.7,6.381329279396228
10560,Center Stage,95.0,6.8,6.381301636637493
42501,Murmur of the Heart,39.0,7.4,6.381279404707385
20871,Gentlemen of Fortune,39.0,7.4,6.381279404707385
633,Soldier of Orange,39.0,7.4,6.381279404707385
1571,Live Free or Die Hard,2122.0,6.4,6.381278214782355
11601,Stir of Echoes,334.0,6.5,6.381247330974011
11532,The Emerald Forest,64.0,7.0,6.381217843048912
11163,Fellini Satyricon,64.0,7.0,6.381217843048912
8439,Bus 174,30.0,7.7,6.381199551934745
1557,23,55.0,7.1,6.381185505330201
13485,Holiday Inn,55.0,7.1,6.381185505330201
1576,Resident Evil,2100.0,6.4,6.381179677892012
37853,Mister Roberts,43.0,7.3,6.381173364706994
43266,How Green Was My Valley,76.0,6.9,6.3811368513206315
19933,The Brave Little Toaster,94.0,6.8,6.381109038664511
1834,"Murder, My Sweet",48.0,7.2,6.381076620505517
11424,High Society,48.0,7.2,6.381076620505517
14675,The Awful Truth,48.0,7.2,6.381076620505517
135,Dont Look Back,35.0,7.5,6.381007586280864
84284,The House I Live In,35.0,7.5,6.381007586280864
20878,"Kidnapping, Caucasian Style",35.0,7.5,6.381007586280864
26782,Shadows of Forgotten Ancestors,35.0,7.5,6.381007586280864
10328,Cocoon,329.0,6.5,6.381000848753487
8976,A Lot Like Love,329.0,6.5,6.381000848753487
37088,Aileen: Life and Death of a Serial Killer,32.0,7.6,6.380933258175958
20556,Let It Be,32.0,7.6,6.380933258175958
6173,Read My Lips,63.0,7.0,6.380929090554942
8697,Who Am I?,178.0,6.6,6.380926058860787
10493,Dead Calm,178.0,6.6,6.380926058860787
10881,Avalon (2001),93.0,6.8,6.380916263422865
2001,We Own the Night,327.0,6.5,6.380901969133016
15765,What's Love Got to Do with It,75.0,6.9,6.380896073971421
1414,Lovers of the Arctic Circle,54.0,7.1,6.380848658405639
194113,Blackadder Back & Forth,54.0,7.1,6.380848658405639
10618,Once Upon a Time in China II,54.0,7.1,6.380848658405639
31165,Inside I'm Dancing,54.0,7.1,6.380848658405639
92591,Bernie,325.0,6.5,6.380802925052377
29884,Ball of Fire,38.0,7.4,6.380798411012873
4192,Death on the Nile,121.0,6.7,6.380750128174068
32430,The Bells of St. Mary's,42.0,7.3,6.380740354204724
20128,Life Is a Miracle,42.0,7.3,6.380740354204724
19186,The Parent Trap (1961),92.0,6.8,6.380723310667702
9746,Kundun,92.0,6.8,6.380723310667702
886,The Cincinnati Kid,62.0,7.0,6.3806400684445075
2023,Hidalgo,321.0,6.5,6.380604341866642
2059,National Treasure,1974.0,6.4,6.380594727267162
33319,The Burmese Harp,29.0,7.7,6.380574216839998
15723,The Big Kahuna,91.0,6.8,6.380530180153718
13922,The Great Raid,91.0,6.8,6.380530180153718
31997,Saboteur,91.0,6.8,6.380530180153718
17030,The Petrified Forest,53.0,7.1,6.38051149563033
34070,Songs from the Second Floor,61.0,7.0,6.380350776339808
11143,Tai-Chi Master,61.0,7.0,6.380350776339808
28963,The Thief of Bagdad,37.0,7.4,6.380316962896957
1358,A Brief History of Time,37.0,7.4,6.380316962896957
24348,Powaqqatsi,37.0,7.4,6.380316962896957
22013,Elmer Gantry,41.0,7.3,6.380306935384952
13199,American Me,41.0,7.3,6.380306935384952
15876,The Enemy Below,46.0,7.2,6.380306213506768
18995,D.O.A. (1950),46.0,7.2,6.380306213506768
12763,Take the Lead,171.0,6.6,6.380244783138103
13949,Persuasion (2007),52.0,7.1,6.380174016559823
26275,Kamikaze Girls,52.0,7.1,6.380174016559823
1890,Children of a Lesser God,72.0,6.9,6.380172399267972
28043,Black Sabbath,72.0,6.9,6.380172399267972
10102,La Grande Bouffe,72.0,6.9,6.380172399267972
14900,The Great Muppet Caper,72.0,6.9,6.380172399267972
14295,You Can Count on Me,89.0,6.8,6.380143384865817
24750,Time After Time,89.0,6.8,6.380143384865817
10201,Yes Man,1869.0,6.4,6.38007875374586
16211,The Sons of Katie Elder,60.0,7.0,6.380061213862339
14367,Adventures in Babysitting,169.0,6.6,6.38004935396728
227156,The Giver,1859.0,6.4,6.380028178729031
34505,Bill Hicks: Relentless,16.0,8.7,6.380024330067375
307931,The Wolfpack,116.0,6.7,6.380023222115583
80321,Madagascar 3: Europe's Most Wanted,1857.0,6.4,6.380018032894681
200505,Draft Day,309.0,6.5,6.380004602274938
24153,The Buddy Holly Story,33.0,7.5,6.379948410802298
19082,No Direction Home: Bob Dylan,33.0,7.5,6.379948410802298
42124,Burden of Dreams,28.0,7.7,6.379948288434125
2204,Alice in the Cities,45.0,7.2,6.379920466177893
15421,Becket,45.0,7.2,6.379920466177893
7944,Shine a Light,45.0,7.2,6.379920466177893
13913,Animal Crackers,45.0,7.2,6.379920466177893
32047,Prince of the City,40.0,7.3,6.379873107669858
9821,The Mighty,51.0,7.1,6.379836220748827
47333,Jane Eyre (1996),51.0,7.1,6.379836220748827
31372,Samurai I: Musashi Miyamoto,36.0,7.4,6.379835059715359
37916,Swept Away (1974),36.0,7.4,6.379835059715359
17015,Persuasion (1995),36.0,7.4,6.379835059715359
34193,Magic,59.0,7.0,6.379771380632888
10397,Angela's Ashes,59.0,7.0,6.379771380632888
16274,Holiday,59.0,7.0,6.379771380632888
17264,The Black Stallion,59.0,7.0,6.379771380632888
28966,Wings,59.0,7.0,6.379771380632888
116440,Maggie Simpson in The Longest Daycare,87.0,6.8,6.379755875587676
62837,Dolphin Tale,166.0,6.6,6.379755557605785
876,Frank Herbert's Dune,114.0,6.7,6.3797315319878365
82620,Undefeated,24.0,7.9,6.379720047817066
17365,The Parallax View,70.0,6.9,6.379688827463296
9960,Lord of the Flies (1963),164.0,6.6,6.379559256937416
30416,Stanley Kubrick: A Life in Pictures,44.0,7.2,6.379534355613227
31023,Butterfly,44.0,7.2,6.379534355613227
11516,Winged Migration,50.0,7.1,6.379498107751221
987,The Front Page,69.0,6.9,6.379446704020435
13850,Song of the South,69.0,6.9,6.379446704020435
31304,A Swedish Love Story,32.0,7.5,6.379418070789893
10310,The Bitter Tears of Petra von Kant,32.0,7.5,6.379418070789893
977,Tabu,35.0,7.4,6.3793527008225785
14793,Sigur Rós: Heima,22.0,8.0,6.379320152527279
9519,Chopper,111.0,6.7,6.379292998290565
42449,Hearts and Minds (1974),25.0,7.8,6.379254611560709
57976,Little Dieter Needs to Fly,25.0,7.8,6.379254611560709
13318,The Bothersome Man,68.0,6.9,6.379204355131503
15247,The Ipcress File,84.0,6.8,6.379173268608199
11541,The Year of Living Dangerously,84.0,6.8,6.379173268608199
28569,Splendor in the Grass,49.0,7.1,6.379159677120041
10180,Flickering Lights,49.0,7.1,6.379159677120041
17346,Grey Gardens (1975),43.0,7.2,6.379147881299471
32294,Mr. Blandings Builds His Dream House,43.0,7.2,6.379147881299471
16636,Spellbound (2002),43.0,7.2,6.379147881299471
41428,Tetsuo: The Iron Man,110.0,6.7,6.379146553393783
3049,Ace Ventura: Pet Detective,1684.0,6.4,6.379099614661383
26171,Everybody's Fine,291.0,6.5,6.379093609989546
32318,The Navigator,38.0,7.3,6.379004223236958
11134,Police Story 3: Supercop,109.0,6.7,6.378999974693215
16121,The Big Red One,83.0,6.8,6.378978707138266
28501,The Pit and the Pendulum,67.0,6.9,6.378961780481481
11593,Nobody's Fool,56.0,7.0,6.378900252629843
18784,"Run Silent, Run Deep",31.0,7.5,6.378887228311762
10362,Two Lovers,157.0,6.6,6.37886944035616
65760,The Whistleblower,157.0,6.6,6.37886944035616
2161,Fantastic Voyage,108.0,6.7,6.3788532620054
319076,Listen to Me Marlon,48.0,7.1,6.378820928407489
8981,Dear Frankie,48.0,7.1,6.378820928407489
23383,Hamlet (1948),48.0,7.1,6.378820928407489
3033,Gods and Monsters,82.0,6.8,6.378783965681313
2675,Signs,1624.0,6.4,6.378761050933386
35838,Tristana,42.0,7.2,6.378761042722361
27094,Lenny,42.0,7.2,6.378761042722361
274479,Joy,1619.0,6.4,6.378732341503593
6077,13 Tzameti,66.0,6.9,6.378718979754754
9400,Set It Off,66.0,6.9,6.378718979754754
452,The Idiots,107.0,6.7,6.378706415146534
11571,Journey to the Center of the Earth (1959),107.0,6.7,6.378706415146534
11092,Presumed Innocent,155.0,6.6,6.378671556233792
10604,Zorba the Greek,55.0,7.0,6.378609332586109
287,Bull Durham,154.0,6.6,6.37857248130205
19460,Son of the Bride,37.0,7.3,6.378569165358045
14741,The Goodbye Girl,37.0,7.3,6.378569165358045
9403,Private Parts,106.0,6.7,6.378559433932485
16442,Sergeant York,47.0,7.1,6.378481861164914
20325,Swing Time,47.0,7.1,6.378481861164914
10443,Fearless (1993),80.0,6.8,6.378393941806391
11109,Vera Drake,80.0,6.8,6.378393941806391
22975,Richard Pryor: Live in Concert,33.0,7.4,6.378386613315372
145197,Upstream Color,277.0,6.5,6.378375440550166
315011,Shin Godzilla,152.0,6.6,6.378374065102137
11364,Regarding Henry,152.0,6.6,6.378374065102137
10299,"Hush... Hush, Sweet Charlotte",54.0,7.0,6.37831813988365
146216,RED 2,1548.0,6.4,6.378316127456198
834,Underworld: Evolution,1548.0,6.4,6.378316127456198
31530,Shall We Dance,22.0,7.9,6.37827350536631
89049,The Staircase,22.0,7.9,6.37827350536631
12151,Ruthless People,104.0,6.7,6.378265067700595
20306,Swimming with Sharks,104.0,6.7,6.378265067700595
22201,Gunfight at the O.K. Corral,64.0,6.9,6.378232698805809
5126,Martian Child,79.0,6.8,6.378198658887289
5255,The Polar Express,1524.0,6.4,6.378171726745575
29376,The Band Wagon,46.0,7.1,6.378142474942832
36208,A Dog's Life,46.0,7.1,6.378142474942832
202241,Mildred Pierce (2011),36.0,7.3,6.3781336962615915
10873,Shadow of the Vampire,149.0,6.6,6.378075773168852
17139,Character,25.0,7.7,6.378066934893805
33364,A Patch of Blue,27.0,7.6,6.378040292652751
38884,Land and Freedom,53.0,7.0,6.378026674138969
11698,Stroszek,53.0,7.0,6.378026674138969
248212,Lilting,53.0,7.0,6.378026674138969
10015,Heartbreak Ridge,270.0,6.5,6.378013146920026
27899,Little Caesar,63.0,6.9,6.377989217949422
67,Paradise Now,63.0,6.9,6.377989217949422
23949,Tape,63.0,6.9,6.377989217949422
34283,The Pervert's Guide to Cinema,40.0,7.2,6.377986270716156
9781,Detroit Rock City,102.0,6.7,6.377970161829883
19494,Nine to Five,102.0,6.7,6.377970161829883
21,The Endless Summer,23.0,7.8,6.377903418818666
75174,The Grey,1476.0,6.4,6.377877077744264
72213,Courageous,77.0,6.8,6.377807549829488
22307,Sisters (1973),77.0,6.8,6.377807549829488
17653,The Legend I,45.0,7.1,6.377802769290907
46105,American: The Bill Hicks Story,20.0,8.0,6.377776611159653
1624,Liar Liar,1456.0,6.4,6.3777519463241035
191294,We Are the Best!,62.0,6.9,6.377745509747993
9660,Operation Petticoat,62.0,6.9,6.377745509747993
39266,Triumph of the Will,62.0,6.9,6.377745509747993
44737,Babies,52.0,7.0,6.377734934967854
12506,Cry Freedom,52.0,7.0,6.377734934967854
300302,Comedy Central Roast of James Franco,35.0,7.3,6.377697815364294
105077,Battlestar Galactica: The Plan,145.0,6.6,6.37767679930098
39103,Dragon Ball Z: Return of Cooler,100.0,6.7,6.377674714835072
11631,Mamma Mia!,1435.0,6.4,6.377619025762732
11536,The Misfits,76.0,6.8,6.377611723186861
258,Bed and Board,39.0,7.2,6.37759833625367
20993,Brother 2,39.0,7.2,6.37759833625367
1976,Jezebel,39.0,7.2,6.37759833625367
10183,Frozen River,99.0,6.7,6.377526787950487
10872,The Ref,99.0,6.7,6.377526787950487
9532,Final Destination,1416.0,6.4,6.3774973882935155
2,Ariel,44.0,7.1,6.377462743757957
16373,The Uninvited,51.0,7.0,6.377442921985365
9522,Wedding Crashers,1406.0,6.4,6.377432835985805
13195,Flawless (2007),142.0,6.6,6.377376626208832
13090,Sunshine Cleaning,256.0,6.5,6.377282045679366
318225,Tig,34.0,7.3,6.377261522081749
27337,Linda Linda Linda,34.0,7.3,6.377261522081749
24752,Dragon Ball Z: Cooler's Revenge,97.0,6.7,6.377230526472686
7012,The Day After,97.0,6.7,6.377230526472686
33115,Unfaithfully Yours,22.0,7.8,6.37722685820534
10575,Heaven,74.0,6.8,6.377219524410833
26517,Martin,50.0,7.0,6.377150634805847
21131,Harvie Krumpet,50.0,7.0,6.377150634805847
17645,Leave Her to Heaven,50.0,7.0,6.377150634805847
10890,Stripes,253.0,6.5,6.377124239527085
13015,George Carlin: Life Is Worth Losing,18.0,8.1,6.377088107249798
9059,Tales from the Crypt: Demon Knight,96.0,6.7,6.377082191504729
22586,The Swan Princess,251.0,6.5,6.3770188097577005
28696,The Wild One,59.0,6.9,6.377013017884811
30970,Code Unknown,59.0,6.9,6.377013017884811
8583,Dangerous Beauty,59.0,6.9,6.377013017884811
109421,Side Effects,1340.0,6.4,6.376997322944696
28942,The Brood,138.0,6.6,6.376975132263898
12709,Ridicule,30.0,7.4,6.376934048012851
10264,Hamlet (1990),95.0,6.7,6.376933720133665
43766,Fireworks Wednesday,25.0,7.6,6.376879258226901
10288,Fido,137.0,6.6,6.376874532400241
9538,Scanners,248.0,6.5,6.376860325438567
13783,Breaker Morant,37.0,7.2,6.376821367819133
4043,Law of Desire,37.0,7.2,6.376821367819133
11949,Monty Python Live at the Hollywood Bowl,37.0,7.2,6.376821367819133
250700,The Battered Bastards of Baseball,23.0,7.7,6.376809717113917
16093,Carnival of Souls,94.0,6.7,6.3767851121712615
28384,Husbands and Wives,94.0,6.7,6.3767851121712615
12259,Sholay,58.0,6.9,6.376768397111585
12089,The Tall Blond Man with One Black Shoe,58.0,6.9,6.376768397111585
21137,The Decline of Western Civilization,27.0,7.5,6.376758819433168
33542,Rumble in the Bronx,245.0,6.5,6.376701432118848
9740,Hannibal,1296.0,6.4,6.376697520580789
742,Together,71.0,6.8,6.376629858715783
2926,The Three Musketeers (1973),71.0,6.8,6.376629858715783
7859,Half Nelson,243.0,6.5,6.376595275233955
25649,Bad Guy,48.0,7.0,6.37656523630946
3525,Working Girl,242.0,6.5,6.376542128213232
4484,La Cage aux folles,57.0,6.9,6.376523547394518
15867,Interiors,92.0,6.7,6.376487485717772
1629,La Chinoise,29.0,7.4,6.376448941228912
22230,Happy Accidents,41.0,7.1,6.376440743348365
28504,Spider Baby,41.0,7.1,6.376440743348365
43818,Pride and Prejudice,32.0,7.3,6.376387696017763
31713,The Narrow Margin,32.0,7.3,6.376387696017763
35796,Lawn Dogs,32.0,7.3,6.376387696017763
38363,Fair Game (2010),239.0,6.5,6.37638241212821
12079,Spun,132.0,6.6,6.37637016867683
1364,Sex and Lucia,132.0,6.6,6.37637016867683
10758,Waitress,132.0,6.6,6.37637016867683
38953,Ryan's Daughter,24.0,7.6,6.376297913260636
43832,Only Angels Have Wings,47.0,7.0,6.376272124217643
14698,"Suddenly, Last Summer",47.0,7.0,6.376272124217643
11184,Kinsey,131.0,6.6,6.376269022187166
193893,Let's Be Cops,1234.0,6.4,6.376261559349029
20649,Clockers,69.0,6.8,6.376235833595343
15927,A Passage to India,69.0,6.8,6.376235833595343
14348,An Evening with Kevin Smith,26.0,7.5,6.37622545388291
10744,The Cooler,90.0,6.7,6.37618931063145
4241,Visitor Q,90.0,6.7,6.37618931063145
11959,UHF,90.0,6.7,6.37618931063145
21923,Richard Pryor: Live on the Sunset Strip,22.0,7.7,6.37618021104437
9819,Marvin's Room,130.0,6.6,6.376167784160145
32040,The Killing of a Chinese Bookie,40.0,7.1,6.376099433762454
20561,28 Up,19.0,7.9,6.376098522882733
11916,Two Mules for Sister Sara,129.0,6.6,6.376066454471452
10889,Gloria (1980),35.0,7.2,6.376042929906009
11239,Shall We Dance? (1996),35.0,7.2,6.376042929906009
38568,Howl,68.0,6.8,6.376038545871511
4825,Guys and Dolls,55.0,6.9,6.376033159842017
80518,Fullmetal Alchemist: The Sacred Star of Milos,55.0,6.9,6.376033159842017
64288,Forks Over Knives,46.0,7.0,6.375978736378896
1888,The Fortune Cookie,46.0,7.0,6.375978736378896
51857,Cría Cuervos,46.0,7.0,6.375978736378896
9870,Forgetting Sarah Marshall,1194.0,6.4,6.3759715312099186
20540,The Pawnbroker,31.0,7.3,6.37595016206197
21612,The Funeral,31.0,7.3,6.37595016206197
81310,Winnie the Pooh and the Blustery Day,20.0,7.8,6.375871803902338
17467,Riki-Oh: The Story of Ricky,67.0,6.8,6.3758410743635
10957,The Black Cauldron,228.0,6.5,6.375793234084236
8669,Charlie Bartlett,228.0,6.5,6.375793234084236
1919,Away from Her,54.0,6.9,6.37578762136166
20992,Brother (1997),54.0,6.9,6.37578762136166
10412,Romper Stomper,126.0,6.6,6.375761914188768
661,The Marriage of Maria Braun,39.0,7.1,6.375757802026812
32093,The Mark of Zorro (1940),39.0,7.1,6.375757802026812
400,Things to Do in Denver When You're Dead,87.0,6.7,6.375741015992393
18884,Nuremberg,23.0,7.6,6.37571601540917
291,Riding Giants,23.0,7.6,6.37571601540917
43002,Lonely Are the Brave,25.0,7.5,6.375691581559996
1405,Greed,25.0,7.5,6.375691581559996
16440,Tales of the Black Freighter,45.0,7.0,6.375685072403922
909,Meet Me in St. Louis,66.0,6.8,6.375643418814378
41662,3 Women,66.0,6.8,6.375643418814378
11884,The Last Starfighter,225.0,6.5,6.375631573181507
192136,Mandela: Long Walk to Freedom,225.0,6.5,6.375631573181507
5854,Family Plot,86.0,6.7,6.375591308481135
10668,Suicide Kings,86.0,6.7,6.375591308481135
116711,Epic,1143.0,6.4,6.375591304427532
884,Crash (1996),224.0,6.5,6.375577592658137
11148,XXY,53.0,6.9,6.375541852647607
65034,Too Big to Fail,53.0,6.9,6.375541852647607
9450,Brassed Off,53.0,6.9,6.375541852647607
16127,Forbidden Zone,30.0,7.3,6.37551221337222
15981,Dead Leaves,27.0,7.4,6.375477346213586
46787,Scorpio Rising,27.0,7.4,6.375477346213586
19169,Nightmare Alley,27.0,7.4,6.375477346213586
9062,Love Story,123.0,6.6,6.375456544453898
13751,Akeelah and the Bee,85.0,6.7,6.375441462668752
12476,The Hidden,85.0,6.7,6.375441462668752
28973,A King in New York,38.0,7.1,6.375415847685127
42160,The Stunt Man,44.0,7.0,6.3753911319026875
20553,21 Up,18.0,7.9,6.375372146430903
37209,The Saddest Music in the World,18.0,7.9,6.375372146430903
28273,The End of Summer,18.0,7.9,6.375372146430903
13155,Return to Oz,122.0,6.6,6.375354569633604
19997,Niagara,84.0,6.7,6.375291478363509
128190,The Pervert's Guide to Ideology,33.0,7.2,6.37526301834152
36245,Diary of a Chambermaid,33.0,7.2,6.37526301834152
18939,Little Otik,33.0,7.2,6.37526301834152
24276,Matewan,33.0,7.2,6.37526301834152
42726,A Man and a Woman,33.0,7.2,6.37526301834152
5951,The Jane Austen Book Club,121.0,6.6,6.375252502148943
14370,Real Genius,121.0,6.6,6.375252502148943
19204,The Beyond,121.0,6.6,6.375252502148943
17689,The Gauntlet,121.0,6.6,6.375252502148943
36439,The Unknown Soldier,19.0,7.8,6.375193308370716
16153,Alice Doesn't Live Here Anymore,83.0,6.7,6.375141355373316
63581,Louis Theroux: The Most Hated Family in America,22.0,7.6,6.3751335638834
42254,Fox and His Friends,22.0,7.6,6.3751335638834
464,As It Is in Heaven,43.0,7.0,6.375096914484427
124623,I Know That Voice,43.0,7.0,6.375096914484427
21764,Gregory's Girl,43.0,7.0,6.375096914484427
28289,Cactus Flower,43.0,7.0,6.375096914484427
5175,Rush Hour 2,1078.0,6.4,6.375088900902394
54825,Creature Comforts,29.0,7.3,6.375073849358549
27223,Lost in America,29.0,7.3,6.375073849358549
18783,Sahara (1943),29.0,7.3,6.375073849358549
27745,The Filth and the Fury,29.0,7.3,6.375073849358549
19140,The Pride of the Yankees,37.0,7.1,6.375073570280221
541,The Man with the Golden Arm,51.0,6.9,6.375049623221903
308027,"People, Places, Things",63.0,6.8,6.375049345343902
1776,Jesus Camp,119.0,6.6,6.375048088680831
24232,Is It College Yet?,26.0,7.4,6.374990856670251
41463,My Favorite Wife,32.0,7.2,6.374872508631698
15098,Manic,32.0,7.2,6.374872508631698
2731,Indochine,32.0,7.2,6.374872508631698
40478,Baby Doll,32.0,7.2,6.374872508631698
33908,Three… Extremes,81.0,6.7,6.374840692567951
25284,The Last Seduction,81.0,6.7,6.374840692567951
11498,Dead Again,81.0,6.7,6.374840692567951
10399,Mansfield Park,81.0,6.7,6.374840692567951
10650,Sudden Impact,210.0,6.5,6.374816915043871
33583,The Decameron,50.0,6.9,6.374803161860473
31102,Pollyanna,50.0,6.9,6.374803161860473
31174,Richard III,50.0,6.9,6.374803161860473
31516,On the Town,50.0,6.9,6.374803161860473
3077,Son of Frankenstein,42.0,7.0,6.374802419757635
10909,Kalifornia,209.0,6.5,6.3747622248649884
6535,Talk to Me,36.0,7.1,6.374730969354055
753,Faces,36.0,7.1,6.374730969354055
22611,Little Nemo: Adventures In Slumberland,36.0,7.1,6.374730969354055
11042,The Barbarian Invasions,80.0,6.7,6.374690152366821
12706,Croupier,80.0,6.7,6.374690152366821
10445,Shadowlands,61.0,6.8,6.374652371426102
3079,The Curse of Frankenstein,61.0,6.8,6.374652371426102
192936,Frank Herbert's Children of Dune,61.0,6.8,6.374652371426102
10629,Veronica Guerin,61.0,6.8,6.374652371426102
25095,Wuthering Heights (1992),61.0,6.8,6.374652371426102
1978,Stage Fright,61.0,6.8,6.374652371426102
44282,Plan B,28.0,7.3,6.374635069429879
44756,Is It Fall Yet?,23.0,7.5,6.374622313704421
35124,Nazarin,23.0,7.5,6.374622313704421
9739,Demolition Man,1018.0,6.4,6.3746064315449615
11414,The Defiant Ones,49.0,6.9,6.374556468965787
57447,The House with Laughing Windows,49.0,6.9,6.374556468965787
19490,The Bishop's Wife,49.0,6.9,6.374556468965787
36947,Manufacturing Consent: Noam Chomsky and the Media,21.0,7.6,6.374550557892722
26252,Pépé le Moko,21.0,7.6,6.374550557892722
10156,History of the World: Part I,205.0,6.5,6.374542985450322
12223,The Stepford Wives (1975),79.0,6.7,6.374539472708823
11076,Fly Away Home,114.0,6.6,6.374535424510456
13537,Shattered Glass,114.0,6.6,6.374535424510456
7555,Rambo,1009.0,6.4,6.374532444553882
1586,Secret Window,1007.0,6.4,6.3745159444126775
10719,Elf,1007.0,6.4,6.3745159444126775
13636,Bigger Stronger Faster*,41.0,7.0,6.374507647330071
16129,Last Night,41.0,7.0,6.374507647330071
22500,Gandahar,25.0,7.4,6.374503904893092
51859,Trigun: Badlands Rumble,25.0,7.4,6.374503904893092
54898,The Green Ray,25.0,7.4,6.374503904893092
20943,The Ugly Truth,1005.0,6.4,6.3744994228771015
5168,To Be and to Have,31.0,7.2,6.374481628937073
36362,King of Kings,31.0,7.2,6.374481628937073
12160,Wyatt Earp,203.0,6.5,6.374433077642836
16395,Inferno,113.0,6.6,6.374432611142394
8348,Thunderbolt and Lightfoot,113.0,6.6,6.374432611142394
15762,Night of the Creeps,113.0,6.6,6.374432611142394
9389,Renaissance,78.0,6.7,6.374388653400085
31044,My Favorite Year,35.0,7.1,6.3743880444477234
1618,Still Crazy,35.0,7.1,6.3743880444477234
21252,Nil by Mouth,35.0,7.1,6.3743880444477234
38442,The Firemen's Ball,35.0,7.1,6.3743880444477234
14181,Boiler Room,202.0,6.5,6.374378051493116
42296,Catfish,201.0,6.5,6.374322977094945
23330,The Ballad of Cable Hogue,48.0,6.9,6.374309544211432
47909,Poetry,48.0,6.9,6.374309544211432
23518,Seven Days in May,48.0,6.9,6.374309544211432
4772,Cul-de-sac,48.0,6.9,6.374309544211432
33324,Harlan County U.S.A.,19.0,7.7,6.374288093858698
43924,The Tillman Story,19.0,7.7,6.374288093858698
18889,Control Room,19.0,7.7,6.374288093858698
480,Monsoon Wedding,59.0,6.8,6.374254655136733
31587,Scarecrow,59.0,6.8,6.374254655136733
8748,Eagle vs Shark,77.0,6.7,6.374237694246373
1710,Copycat,199.0,6.5,6.374212683299201
9087,The American President,199.0,6.5,6.374212683299201
7974,The Match Factory Girl,40.0,7.0,6.374212596808753
5259,The Band's Visit,40.0,7.0,6.374212596808753
1802,La Cérémonie,40.0,7.0,6.374212596808753
10388,The Limey,110.0,6.6,6.374123607664428
34769,Defendor,197.0,6.5,6.374102195746377
42852,"Goodbye, Mr. Chips",30.0,7.2,6.374090378731588
14839,Blue Collar,30.0,7.2,6.374090378731588
47870,High Hopes,22.0,7.5,6.374086916722431
1435,Tarnation,22.0,7.5,6.374086916722431
97610,Beware of Mr. Baker,22.0,7.5,6.374086916722431
14621,Lean On Me,76.0,6.7,6.374086595053092
11012,Damage,76.0,6.7,6.374086595053092
8291,Poetic Justice,47.0,6.9,6.374062387270371
227719,Project Almanac,953.0,6.4,6.374062214874863
5206,The Boss of It All,58.0,6.8,6.374055517951642
18990,The Mummy (1959),58.0,6.8,6.374055517951642
8223,Kika,58.0,6.8,6.374055517951642
11087,The Hand that Rocks the Cradle,196.0,6.5,6.374046879151438
13911,Monkey Business,34.0,7.1,6.374044795101451
17078,The Color of Paradise,34.0,7.1,6.374044795101451
10401,The Girl on the Bridge,34.0,7.1,6.374044795101451
19931,The Joy Luck Club,34.0,7.1,6.374044795101451
16158,The Wood,34.0,7.1,6.374044795101451
31378,Samurai III: Duel at Ganryu Island,24.0,7.4,6.374016490223016
21182,Young @ Heart,20.0,7.6,6.373966996645022
104548,Demons,11.0,8.6,6.373950594038458
15389,Metropolitan,39.0,7.0,6.373917267799955
337,Monsieur Ibrahim,39.0,7.0,6.373917267799955
2007,Lorenzo's Oil,108.0,6.6,6.373917134580184
109451,Cloudy with a Chance of Meatballs 2,936.0,6.4,6.373916011407588
15708,Latter Days,57.0,6.8,6.373856194391406
37550,Seven Beauties,10.0,8.8,6.373842433840386
14271,Beyond the Mat,17.0,7.8,6.37383437592919
301365,The Neon Demon,926.0,6.4,6.373829236881756
26606,Performance,46.0,6.9,6.37381499781496
36843,Life Is Sweet,46.0,6.9,6.37381499781496
14517,Mirrormask,107.0,6.6,6.373813756420912
29702,Tenebre,107.0,6.6,6.373813756420912
316000,Miles Ahead,74.0,6.7,6.373783975767643
70027,The Wrecking Crew,26.0,7.3,6.373756259457591
11068,Singles,106.0,6.6,6.373710283677447
11911,Mephisto,33.0,7.1,6.373701220854594
372981,Marco Polo: One Hundred Eyes,33.0,7.1,6.373701220854594
9301,The Princess and the Warrior,33.0,7.1,6.373701220854594
43361,The White Sheik,29.0,7.2,6.373698757488187
38695,Monsieur Hire,29.0,7.2,6.373698757488187
13003,Gonzo: The Life and Work of Dr. Hunter S. Thompson,29.0,7.2,6.373698757488187
42359,The Freshman (1925),18.0,7.7,6.373656185612009
10364,Catch-22,73.0,6.7,6.373632455284476
11563,The Young Master,38.0,7.0,6.373621659909212
10961,Behind the Mask: The Rise of Leslie Vernon,105.0,6.6,6.3736067162199195
267999,White God,105.0,6.6,6.3736067162199195
26516,Blackboard Jungle,45.0,6.9,6.373567375516936
39440,Waiting for 'Superman',45.0,6.9,6.373567375516936
51863,Seven Up!,21.0,7.5,6.373551010069119
24166,What Time Is It There?,21.0,7.5,6.373551010069119
147729,Animals Are Beautiful People,21.0,7.5,6.373551010069119
56591,Corman's World: Exploits of a Hollywood Rebel,23.0,7.4,6.3735286119996735
20324,The Importance of Being Earnest (1952),23.0,7.4,6.3735286119996735
12489,Gridlock'd,55.0,6.8,6.373456987097924
10155,U Turn,185.0,6.5,6.373435172787353
9283,Beautiful Girls,103.0,6.6,6.373399296642027
43774,Baran,19.0,7.6,6.37338287934668
177699,Alan Partridge: Alpha Papa,184.0,6.5,6.373379268360482
84169,Ai Weiwei: Never Sorry,32.0,7.1,6.373357321245633
21631,The Fallen Idol,32.0,7.1,6.373357321245633
18910,The Ninth Configuration,32.0,7.1,6.373357321245633
39323,Dragon Ball Z: Bardock - The Father of Goku,71.0,6.7,6.373328991657042
54580,Mondays in the Sun,37.0,7.0,6.373325772741309
91551,Death of a Superhero,44.0,6.9,6.373319520047418
10831,The Draughtsman's Contract,44.0,6.9,6.373319520047418
392572,Rustom,25.0,7.3,6.373316228226188
248,Pocketful of Miracles,25.0,7.3,6.373316228226188
26723,Imagine: John Lennon,25.0,7.3,6.373316228226188
44018,Vagabond,28.0,7.2,6.3733067646788175
27103,My Life in Pink,28.0,7.2,6.3733067646788175
11054,Hairspray (1988),102.0,6.6,6.373295444260736
16241,The Boys from Brazil,102.0,6.6,6.373295444260736
27814,Brain Damage,54.0,6.8,6.37325710283967
20178,World's Greatest Dad,181.0,6.5,6.373211258366932
16765,Bukowski - Born into This,15.0,7.9,6.37318885634727
33740,That's Entertainment!,15.0,7.9,6.37318885634727
2788,Reality Bites,180.0,6.5,6.373155155912614
34513,George Carlin: You Are All Diseased,14.0,8.0,6.373128295615804
10126,Colors,100.0,6.6,6.373087453659356
20289,Rush (1991),43.0,6.9,6.373071431076904
12554,Citizen X,43.0,6.9,6.373071431076904
4307,The Flower of My Secret,43.0,6.9,6.373071431076904
7973,Caramel,53.0,6.8,6.373057031156245
11703,Kiss of the Spider Woman,53.0,6.8,6.373057031156245
11617,Rio Grande,53.0,6.8,6.373057031156245
18919,Faust (1994),22.0,7.4,6.373040269561462
25905,The Shop on Main Street,22.0,7.4,6.373040269561462
42006,Red Sorghum,36.0,7.0,6.373029605900288
13210,The Dam Busters,36.0,7.0,6.373029605900288
28387,Kicking and Screaming,36.0,7.0,6.373029605900288
11791,The Hound of the Baskervilles (1959),69.0,6.7,6.373024963170252
50754,7 Plus Seven,20.0,7.5,6.373014593016364
46785,The White Balloon,20.0,7.5,6.373014593016364
13681,Places in the Heart,31.0,7.1,6.373013095812177
14553,Stealing Beauty,99.0,6.6,6.372983315176904
11520,Grumpy Old Men,176.0,6.5,6.372930248722141
38143,The Story of Qiu Ju,27.0,7.2,6.3729143997744195
52758,You Only Live Once,27.0,7.2,6.3729143997744195
943,Lethal Weapon 3,824.0,6.4,6.372910000036059
10691,Crazy/Beautiful,98.0,6.6,6.372879081064632
10105,Saints and Soldiers,98.0,6.6,6.372879081064632
16453,Zach Galifianakis: Live at the Purple Onion,24.0,7.3,6.3728757787042065
25248,Saint Ralph,24.0,7.3,6.3728757787042065
29263,The Official Story,24.0,7.3,6.3728757787042065
28285,The Three Faces of Eve,24.0,7.3,6.3728757787042065
13633,Bad Boys (1983),68.0,6.7,6.372872736611519
24019,Angels in America,52.0,6.8,6.372856771783914
148,The Secret Life of Words,52.0,6.8,6.372856771783914
63579,Project Nim,52.0,6.8,6.372856771783914
15515,The 7th Voyage of Sinbad,52.0,6.8,6.372856771783914
69605,Written on the Wind,42.0,6.9,6.372823108275273
16249,Blackbeard's Ghost,42.0,6.9,6.372823108275273
4169,Breach,174.0,6.5,6.372817495776177
137093,Last Vegas,813.0,6.4,6.37280699445366
549,Basquiat,97.0,6.6,6.372774751190755
39148,Dragon Ball: The Path to Power,35.0,7.0,6.372733158989439
552,Bread and Tulips,35.0,7.0,6.372733158989439
13715,At Close Range,67.0,6.7,6.372720368245518
11318,The Madness of King George,67.0,6.7,6.372720368245518
2925,The First Wives Club,172.0,6.5,6.372704542554104
5353,The Hunting Party,96.0,6.6,6.372670325423248
14588,After the Thin Man,30.0,7.1,6.372668544090957
32847,"Now, Voyager",30.0,7.1,6.372668544090957
13697,Grand Canyon,51.0,6.8,6.372656324458441
5335,Teorema,51.0,6.8,6.372656324458441
120852,Lesson of the Evil,51.0,6.8,6.372656324458441
32568,The Man in the White Suit,41.0,6.9,6.372574551311777
20981,The Call of Cthulhu,41.0,6.9,6.372574551311777
26422,The Pillow Book,41.0,6.9,6.372574551311777
56812,The Last Circus,95.0,6.6,6.372565803629837
26712,The Enforcer (1951),21.0,7.4,6.372551462245515
38674,Trailer Park Boys,21.0,7.4,6.372551462245515
3179,Beavis and Butt-Head Do America,169.0,6.5,6.372534736034466
17208,Paradise Lost 2: Revelations,26.0,7.2,6.372521662244932
18872,Maborosi,26.0,7.2,6.372521662244932
36108,To Each His Own Cinema,26.0,7.2,6.372521662244932
159151,Muscle Shoals,26.0,7.2,6.372521662244932
880,Antonia's Line,26.0,7.2,6.372521662244932
9560,A Walk in the Clouds,168.0,6.5,6.372478033143404
254005,Land of Storms,19.0,7.5,6.372477664834662
1964,A Friend of Mine,19.0,7.5,6.372477664834662
49842,Quai des Orfèvres,15.0,7.8,6.372472848805325
186929,Borgman,94.0,6.6,6.372461185678011
46138,Made in Dagenham,94.0,6.6,6.372461185678011
8696,Calendar Girls,94.0,6.6,6.372461185678011
29339,Nicholas Nickleby,50.0,6.8,6.372455688915099
16980,The Last Days of Disco,50.0,6.8,6.372455688915099
16727,The Namesake,50.0,6.8,6.372455688915099
27972,Dark Victory,34.0,7.0,6.372436431611303
25842,A Christmas Carol (1938),34.0,7.0,6.372436431611303
26108,Stage Beauty,34.0,7.0,6.372436431611303
31374,Samurai II: Duel at Ichijoji Temple,23.0,7.3,6.372434910294925
12901,No End in Sight,23.0,7.3,6.372434910294925
17641,National Velvet,23.0,7.3,6.372434910294925
41212,Titicut Follies,23.0,7.3,6.372434910294925
2779,The Curse of the Jade Scorpion,167.0,6.5,6.372421279781355
9638,Phantasm,166.0,6.5,6.372364475880903
18727,Heaven Can Wait (1943),40.0,6.9,6.372325759855051
8129,My Name Is Joe,29.0,7.1,6.3723236656178255
16703,This Gun for Hire,29.0,7.1,6.3723236656178255
9687,Keeping Mum,165.0,6.5,6.372307621374514
12246,Mongol: The Rise of Genghis Khan,165.0,6.5,6.372307621374514
300693,Truth,165.0,6.5,6.372307621374514
4952,Pillow Talk,49.0,6.8,6.37225486488866
14117,Calamity Jane,49.0,6.8,6.37225486488866
9093,The Four Feathers,164.0,6.5,6.37225071619453
10999,Commando,753.0,6.4,6.3722310646515865
8413,Event Horizon,752.0,6.4,6.3722212590634415
16614,Adventureland,748.0,6.4,6.372181967363184
10655,Gettysburg,91.0,6.6,6.372146753543248
9263,Now and Then,91.0,6.6,6.372146753543248
12509,Pollock,91.0,6.6,6.372146753543248
13763,Purple Rain,91.0,6.6,6.372146753543248
12454,All or Nothing,33.0,7.0,6.372139423367668
8074,2 or 3 Things I Know About Her,33.0,7.0,6.372139423367668
16420,Othello (1995),33.0,7.0,6.372139423367668
41821,Ju Dou,25.0,7.2,6.372128551559284
22342,The Big Combo,25.0,7.2,6.372128551559284
11283,Nanny McPhee,742.0,6.4,6.37212282095881
10419,Swing Kids,63.0,6.7,6.372109472738381
21711,The Candidate,39.0,6.9,6.372076733573097
1941,Exodus,39.0,6.9,6.372076733573097
43828,Destry Rides Again,39.0,6.9,6.372076733573097
15119,Shogun Assassin,39.0,6.9,6.372076733573097
8220,Dark Habits,20.0,7.4,6.372062189387706
47104,Through the Olive Trees,20.0,7.4,6.372062189387706
33667,Gentleman's Agreement,48.0,6.8,6.372053852113403
18331,The Nutty Professor (1963),90.0,6.6,6.37204174962774
22972,Green Zone,730.0,6.4,6.372003770389051
21253,Four Days in September,22.0,7.3,6.371993622400492
35987,Lola Montès,22.0,7.3,6.371993622400492
44345,The Cutting Edge: The Magic of Movie Editing,28.0,7.1,6.371978459927756
19118,Let It Ride,28.0,7.1,6.371978459927756
10002,Mona Lisa,62.0,6.7,6.371956392354963
13919,The Chumscrubber,62.0,6.7,6.371956392354963
11365,Wilde,62.0,6.7,6.371956392354963
41784,Black Robe,18.0,7.5,6.371940224793114
10839,Cross of Iron,89.0,6.6,6.371936648887579
30346,The Body Snatcher,47.0,6.8,6.371852650323099
28940,Eating Raoul,32.0,7.0,6.371842133859568
22522,Anne of the Thousand Days,32.0,7.0,6.371842133859568
27362,Drowning by Numbers,32.0,7.0,6.371842133859568
1591,Nowhere in Africa,32.0,7.0,6.371842133859568
865,The Running Man,713.0,6.4,6.371833364222315
24266,The Man from Snowy River,38.0,6.9,6.371827472133297
31657,Coming Home,38.0,6.9,6.371827472133297
14267,Female Trouble,38.0,6.9,6.371827472133297
211052,Miss Violence,61.0,6.7,6.371803168969248
1392,Born into Brothels,61.0,6.7,6.371803168969248
6521,The Contender,61.0,6.7,6.371803168969248
320588,"Hello, My Name Is Doris",156.0,6.5,6.371793642346526
25461,Raising Victor Vargas,14.0,7.8,6.37179110991414
27375,Salesman,14.0,7.8,6.37179110991414
13976,Dylan Moran: Monster,14.0,7.8,6.37179110991414
67273,Buck,15.0,7.7,6.3717568412633785
302,Swimming Pool,154.0,6.5,6.371678862375933
342,Summer Storm,60.0,6.7,6.371649802380762
35412,On the Beach,60.0,6.7,6.371649802380762
12684,Sabotage,60.0,6.7,6.371649802380762
184149,Somm,27.0,7.1,6.371632926554837
42881,Julien Donkey-Boy,27.0,7.1,6.371632926554837
9655,She's the Man,691.0,6.4,6.371609734785801
17661,Going My Way,37.0,6.9,6.371577975202396
39543,Mon Oncle d'Amérique,19.0,7.4,6.3715724503226445
17609,Antichrist,687.0,6.4,6.3715686928223185
5051,The Baby of Mâcon,21.0,7.3,6.371551914421912
14226,Riding Alone for Thousands of Miles,21.0,7.3,6.371551914421912
21968,Super Fly,31.0,7.0,6.37154456268728
26976,Wit,31.0,7.0,6.37154456268728
15497,Twelve O'Clock High,31.0,7.0,6.37154456268728
32764,71 Fragments of a Chronology of Chance,31.0,7.0,6.37154456268728
5595,Fermat's Room,85.0,6.6,6.371515274996981
11780,Rob Roy,151.0,6.5,6.371506306553134
21309,River's Edge,59.0,6.7,6.371496292388656
18923,A Home at the End of the World,45.0,6.8,6.371449678629951
543,Blackmail,45.0,6.8,6.371449678629951
18203,Big Night,45.0,6.8,6.371449678629951
14585,In the Company of Men,45.0,6.8,6.371449678629951
12187,Heart and Souls,84.0,6.6,6.371409688118817
5653,Luther,84.0,6.6,6.371409688118817
84286,How to Survive a Plague,17.0,7.5,6.371402272159429
9716,Everyone Says I Love You,149.0,6.5,6.371391011285454
10147,Bad Santa,666.0,6.4,6.371351260803989
4886,And Then There Were None,58.0,6.7,6.371342638791699
17590,Deathtrap,58.0,6.7,6.371342638791699
23954,Atlantic City,58.0,6.7,6.371342638791699
27236,Two-Lane Blacktop,58.0,6.7,6.371342638791699
14832,The Cement Garden,23.0,7.2,6.371341208590177
15555,Chop Shop,23.0,7.2,6.371341208590177
14703,The Night of the Iguana,36.0,6.9,6.37132824244652
14280,Never Cry Wolf,36.0,6.9,6.37132824244652
10916,Babylon 5: A Call to Arms,36.0,6.9,6.37132824244652
44260,Lake of Fire,11.0,8.1,6.371320210719871
11897,How the West Was Won,83.0,6.6,6.3713040036083655
295748,Pek Yakında,26.0,7.1,6.371287065032273
18047,Brian's Song,26.0,7.1,6.371287065032273
42448,Harry and Tonto,26.0,7.1,6.371287065032273
29478,A Raisin in the Sun,26.0,7.1,6.371287065032273
32489,Thoroughly Modern Millie,26.0,7.1,6.371287065032273
33138,The Times of Harvey Milk,26.0,7.1,6.371287065032273
8992,The Sure Thing,82.0,6.6,6.371198221330149
21876,Von Ryan's Express,57.0,6.7,6.371188841388293
10471,Next Friday,145.0,6.5,6.371159798918949
31510,Ben-Hur: A Tale of the Christ,20.0,7.3,6.371109785759049
18893,Joe Strummer: The Future Is Unwritten,20.0,7.3,6.371109785759049
11064,Brewster's Millions,144.0,6.5,6.371101865871407
10387,The Emperor and the Assassin,18.0,7.4,6.3710822443836665
33357,The Valachi Papers,18.0,7.4,6.3710822443836665
38545,The Unbelievable Truth,18.0,7.4,6.3710822443836665
26933,Wild Reeds,18.0,7.4,6.3710822443836665
23319,Jerry Seinfeld: I'm Telling You for the Last Time,18.0,7.4,6.3710822443836665
6646,Treasure Island,35.0,6.9,6.371078273531154
40092,The Secret Life of Walter Mitty (1947),35.0,6.9,6.371078273531154
25560,The Taming of the Shrew,35.0,6.9,6.371078273531154
1829,The Story of Adele H,35.0,6.9,6.371078273531154
10847,Lord of the Flies (1990),143.0,6.5,6.371043880701192
33222,The Revolution Will Not Be Televised,15.0,7.6,6.371040833721432
11443,Dead Presidents,80.0,6.6,6.37098636292725
18489,The Yes Men Fix the World,29.0,7.0,6.370948573747463
2972,The Golem: How He Came Into the World,29.0,7.0,6.370948573747463
16993,Fat City,29.0,7.0,6.370948573747463
24236,"Now You See Him, Now You Don't",22.0,7.2,6.370946975239523
28345,Heidi,22.0,7.2,6.370946975239523
18069,8 Seconds,22.0,7.2,6.370946975239523
37662,The Railway Children,25.0,7.1,6.37094087489238
135921,Everything or Nothing,25.0,7.1,6.37094087489238
24662,Cats Don't Dance,25.0,7.1,6.37094087489238
6072,One Eight Seven,141.0,6.5,6.370927753711121
4488,Friday the 13th,622.0,6.4,6.370884729400882
299,Ocean's Eleven (1960),79.0,6.6,6.370880286530356
84355,Your Sister's Sister,140.0,6.5,6.370869611750136
198306,Ricky Gervais Live: Animals,16.0,7.5,6.370863806199916
26621,Robin Williams: Weapons of Self Destruction,16.0,7.5,6.370863806199916
62437,Land of Silence and Darkness,16.0,7.5,6.370863806199916
206953,Louis Theroux: America's Most Hated Family in Crisis,16.0,7.5,6.370863806199916
19429,Absence of Malice,42.0,6.8,6.37084379679291
9261,The Wedding Banquet,42.0,6.8,6.37084379679291
3598,Lost Horizon,42.0,6.8,6.37084379679291
45609,The Wings of the Dove,34.0,6.9,6.3708280681211535
5921,Nevada Smith,34.0,6.9,6.3708280681211535
12227,White Fang,139.0,6.5,6.370811417384219
9950,Find Me Guilty,139.0,6.5,6.370811417384219
222,Berlin: Symphony of a Great City,11.0,8.0,6.370794134056153
81549,Everything's Gonna Be Great,11.0,8.0,6.370794134056153
28236,Concert for George,11.0,8.0,6.370794134056153
47951,The Adventures of Milo and Otis,54.0,6.7,6.37072658431768
27130,I Walked with a Zombie,54.0,6.7,6.37072658431768
8874,My Best Friend's Wedding,606.0,6.4,6.370711291946877
36801,Cemetery Junction,77.0,6.6,6.370667838663258
41240,Bastard Out of Carolina,19.0,7.3,6.370667235810626
27841,They Might Be Giants,19.0,7.3,6.370667235810626
26408,The War Room,19.0,7.3,6.370667235810626
29047,The Kid Stays in the Picture,19.0,7.3,6.370667235810626
51802,Of Mice and Men (1939),19.0,7.3,6.370667235810626
14612,Candleshoe,28.0,7.0,6.370650155176695
21454,Kiss of Death (1947),28.0,7.0,6.370650155176695
3396,The Yes Men,28.0,7.0,6.370650155176695
32579,Under the Same Moon,28.0,7.0,6.370650155176695
31681,Hell in the Pacific,41.0,6.8,6.370641455293484
20444,The Out of Towners,24.0,7.1,6.3705943556665865
27437,The Bachelor and the Bobby-Soxer,24.0,7.1,6.3705943556665865
3526,Frances,24.0,7.1,6.3705943556665865
32078,Panic in the Streets,24.0,7.1,6.3705943556665865
31805,Road to Morocco,17.0,7.4,6.3705915709028424
265349,Charlie's Country,17.0,7.4,6.3705915709028424
3577,The Tunnel (2001),33.0,6.9,6.370577625880742
42314,Looking for Richard,33.0,6.9,6.370577625880742
9300,Orlando,53.0,6.7,6.370572209664883
15267,The Beast of War,53.0,6.7,6.370572209664883
5729,L'Âge d'Or,53.0,6.7,6.370572209664883
25155,The Stepfather,76.0,6.6,6.370561466919323
919,Blood: The Last Vampire (2000),76.0,6.6,6.370561466919323
31524,Sarfarosh,21.0,7.2,6.370552366598308
173455,Mistaken for Strangers,21.0,7.2,6.370552366598308
29383,The Winter War,21.0,7.2,6.370552366598308
28577,I Want to Live!,21.0,7.2,6.370552366598308
29204,American Pop,21.0,7.2,6.370552366598308
9913,The Skeleton Key,588.0,6.4,6.370513688264291
9595,Hot Shots!,588.0,6.4,6.370513688264291
72185,Winnie the Pooh and Tigger Too,10.0,8.1,6.3704930714154475
51391,Murder on a Sunday Morning,13.0,7.7,6.370487586710009
18415,Gummo,133.0,6.5,6.370461146706755
13370,A Mighty Wind,75.0,6.6,6.370454996452221
53190,The Two Escobars,14.0,7.6,6.370453924212476
9567,Tears of the Sun,582.0,6.4,6.370447226508655
61537,Burn Notice: The Fall of Sam Axe,40.0,6.8,6.370438922901349
21635,"Sorry, Wrong Number",40.0,6.8,6.370438922901349
25161,George Carlin: Jammin' in New York,12.0,7.8,6.370425676810973
25471,The King of Masks,12.0,7.8,6.370425676810973
34509,George Carlin: Back in Town,12.0,7.8,6.370425676810973
372315,SOMM: Into the Bottle,12.0,7.8,6.370425676810973
16523,Where the Wild Things Are,580.0,6.4,6.370425005960531
11313,Hearts in Atlantis,132.0,6.5,6.370402583514417
8005,Robin Hood: Men in Tights,575.0,6.4,6.3703693081243395
15373,Role Models,575.0,6.4,6.3703693081243395
11583,The First Great Train Robbery,74.0,6.6,6.370348427124452
14830,Doctor Strange,74.0,6.6,6.370348427124452
10800,Dragon Hunters,131.0,6.5,6.370343967346487
11174,Pelle the Conqueror,32.0,6.9,6.370326946473503
2470,Belle Époque,32.0,6.9,6.370326946473503
9843,Big Nothing,130.0,6.5,6.37028529813105
9558,King of New York,130.0,6.5,6.37028529813105
26690,The Boston Strangler,51.0,6.7,6.370263025694978
27845,Trees Lounge,51.0,6.7,6.370263025694978
29578,The Seven-Per-Cent Solution,23.0,7.1,6.370247506885429
8341,Samsara (2001),23.0,7.1,6.370247506885429
27361,Black Moon,39.0,6.8,6.370236199346239
15613,Fire in the Sky,128.0,6.5,6.370167800269351
32628,Three Ages,20.0,7.2,6.37015738213039
1843,Dig!,20.0,7.2,6.37015738213039
11466,Slim Susie,20.0,7.2,6.37015738213039
8840,DragonHeart,553.0,6.4,6.370121724531311
39891,The Devil Rides Out,50.0,6.7,6.370108215969724
37606,Valmont,50.0,6.7,6.370108215969724
31514,À Nous la Liberté,16.0,7.4,6.370100429210961
46595,The Great Ecstasy of Woodcarver Steiner,16.0,7.4,6.370100429210961
43516,The Song of Bernadette,16.0,7.4,6.370100429210961
20640,Woman of the Year,31.0,6.9,6.370076029562384
32458,Forgotten Silver,31.0,6.9,6.370076029562384
40842,Norma Rae,31.0,6.9,6.370076029562384
8938,Tokyo!,31.0,6.9,6.370076029562384
5996,We're No Angels (1955),31.0,6.9,6.370076029562384
37258,Equus,31.0,6.9,6.370076029562384
9414,The Man Who Knew Too Little,126.0,6.5,6.3700500893513965
16162,The Best Man,38.0,6.8,6.370033284357381
10896,Tin Men,38.0,6.8,6.370033284357381
72277,The Last Wave,38.0,6.8,6.370033284357381
13665,Arthur (1981),125.0,6.5,6.36999115381515
7516,Smokin' Aces,541.0,6.4,6.369984927070227
253,Live and Let Die,540.0,6.4,6.3699734707168885
38765,Chisum,49.0,6.7,6.369953260811533
11401,Metallica: Some Kind of Monster,49.0,6.7,6.369953260811533
14711,Afro Samurai: Resurrection,49.0,6.7,6.369953260811533
4587,Mermaids,124.0,6.5,6.369932164797166
18183,Like Water for Chocolate,70.0,6.6,6.369921158447737
11121,Tess,70.0,6.6,6.369921158447737
2605,Short Circuit,535.0,6.4,6.369916057517243
36593,The Naked Gun 33⅓: The Final Insult,535.0,6.4,6.369916057517243
25630,Kurt Cobain: About a Son,22.0,7.1,6.369900328078553
76180,Empire of Dreams: The Story of the Star Wars Trilogy,22.0,7.1,6.369900328078553
682,The Man with the Golden Gun,533.0,6.4,6.369893030714217
38880,Promises,13.0,7.6,6.369866453859249
15394,Owning Mahowny,37.0,6.8,6.369830177663484
11570,The Crimson Pirate,30.0,6.9,6.369824874809694
2891,An Angel at My Table,30.0,6.9,6.369824874809694
1788,Footloose (1984),525.0,6.4,6.369800569916779
10856,Intacto,48.0,6.7,6.369798160015374
1911,The 13th Warrior,524.0,6.4,6.369788972370712
1853,In the Realms of the Unreal,14.0,7.5,6.369785331361643
20120,Bill Cosby: Himself,14.0,7.5,6.369785331361643
158483,Mei and the Kittenbus,17.0,7.3,6.369780869646255
26851,The Atomic Cafe,17.0,7.3,6.369780869646255
55106,Butterflies Are Free,17.0,7.3,6.369780869646255
13241,My Winnipeg,17.0,7.3,6.369780869646255
10159,The Rundown,523.0,6.4,6.369777365913564
6950,Outbreak,522.0,6.4,6.369765750535066
311301,As We Were Dreaming,19.0,7.2,6.369762021298608
26167,Raw Deal,19.0,7.2,6.369762021298608
8463,Torch Song Trilogy,25.0,7.0,6.369753198225475
36786,While the City Sleeps,25.0,7.0,6.369753198225475
22638,Henry V (1944),25.0,7.0,6.369753198225475
43028,Victim,25.0,7.0,6.369753198225475
31151,Elvis That's the Way It Is,11.0,7.8,6.369741980728718
226632,Marc Maron: Thinky Pain,11.0,7.8,6.369741980728718
14522,Black Beauty (1994),68.0,6.6,6.369706927351527
2014,The Edge of Heaven,68.0,6.6,6.369706927351527
9588,Quigley Down Under,120.0,6.5,6.369695672449243
8952,I Love You Phillip Morris,514.0,6.4,6.369672505100219
9535,Analyze This,512.0,6.4,6.369649103803976
47943,"Harry, He's Here To Help",47.0,6.7,6.369642913375826
13671,The Music Man,47.0,6.7,6.369642913375826
27367,Mrs. Miniver,47.0,6.7,6.369642913375826
10619,Once Upon a Time in China III,47.0,6.7,6.369642913375826
49462,Career Girls,15.0,7.4,6.36960881863754
25099,"Fast, Cheap & Out of Control",8.0,8.3,6.369602717787646
23908,A Midnight Clear,29.0,6.9,6.369573481877101
37410,Henry Fool,29.0,6.9,6.369573481877101
25541,Brotherhood,21.0,7.1,6.369552818774705
20625,The Cocoanuts,21.0,7.1,6.369552818774705
86577,Happy,21.0,7.1,6.369552818774705
23378,Into the Woods (1991),10.0,7.9,6.369536110722608
72784,The Loft,500.0,6.4,6.369507934109077
8618,The History Boys,66.0,6.6,6.369492296933625
7343,City of Men,66.0,6.6,6.369492296933625
11790,Peter's Friends,46.0,6.7,6.369487520687088
12537,The French Lieutenant's Woman,46.0,6.7,6.369487520687088
10132,Talk Radio,46.0,6.7,6.369487520687088
12184,The Other Boleyn Girl,498.0,6.4,6.369484278052218
32562,The Celluloid Closet,24.0,7.0,6.369453644147777
83860,October Baby,35.0,6.8,6.369423388072868
2294,Jay and Silent Bob Strike Back,491.0,6.4,6.369401192012569
5001,Before Night Falls,65.0,6.6,6.369384831629975
84340,Sleepwalk with Me,65.0,6.6,6.369384831629975
42632,Monterey Pop,18.0,7.2,6.369366283564772
32274,Cradle Will Rock,18.0,7.2,6.369366283564772
306947,The Invitation,486.0,6.4,6.369341567296601
57825,Bride & Prejudice,114.0,6.5,6.3693393170330745
11985,Vive L'Amour,16.0,7.3,6.369337052222006
46697,Hated:  GG Allin & the Murder Junkies,16.0,7.3,6.369337052222006
198062,Coffee Town,45.0,6.7,6.369331981742965
9717,Shoot to Kill,45.0,6.7,6.369331981742965
24203,Desk Set,28.0,6.9,6.369321850425633
1922,Irina Palm,28.0,6.9,6.369321850425633
15397,I Am David,28.0,6.9,6.369321850425633
38742,Cops,28.0,6.9,6.369321850425633
37230,Saturday Night and Sunday Morning,28.0,6.9,6.369321850425633
3595,Ransom,482.0,6.4,6.369293699956953
53079,Who Is Harry Nilsson (And Why Is Everybody Talkin' About Him?),12.0,7.6,6.3692784218574605
18925,Facing the Giants,64.0,6.6,6.369277266076501
13339,Three O'Clock High,64.0,6.6,6.369277266076501
16661,The Kid Brother,13.0,7.5,6.369245321008488
38868,A Decade Under the Influence,9.0,8.0,6.369234301732791
5879,In the Realm of the Senses,112.0,6.5,6.369220098362059
18129,The Grifters,112.0,6.5,6.369220098362059
36834,Total Eclipse,112.0,6.5,6.369220098362059
14635,The Rookie (2002),112.0,6.5,6.369220098362059
8282,Summer Hours,34.0,6.8,6.369219704631005
24248,Barabbas,34.0,6.8,6.369219704631005
15677,84 Charing Cross Road,34.0,6.8,6.369219704631005
22621,Heavy,11.0,7.7,6.369215904065001
49133,Lamerica,11.0,7.7,6.369215904065001
27425,Blind Beast,20.0,7.1,6.369204978501733
19171,Sudden Fear,20.0,7.1,6.369204978501733
63144,Page One: Inside the New York Times,20.0,7.1,6.369204978501733
55207,Gaslight (1940),20.0,7.1,6.369204978501733
25719,Shooting Fish,23.0,7.0,6.369153805180681
1984,1984,23.0,7.0,6.369153805180681
49980,Ladybird Ladybird,14.0,7.4,6.369116738510811
42837,The 3 Penny Opera,14.0,7.4,6.369116738510811
26755,Brother's Keeper,14.0,7.4,6.369116738510811
31507,Dodsworth,27.0,6.9,6.369069980115672
13457,Magnificent Obsession,27.0,6.9,6.369069980115672
32526,Soldier's Girl,27.0,6.9,6.369069980115672
5257,The Dish,62.0,6.6,6.369061833658448
25319,The Masque of the Red Death,62.0,6.6,6.369061833658448
8545,Little Voice,62.0,6.6,6.369061833658448
18984,Scratch,10.0,7.8,6.369057630376188
2669,The Bounty,109.0,6.5,6.369040861876568
193,Star Trek: Generations,461.0,6.4,6.36903992388859
8047,Matador,43.0,6.7,6.369020464261859
124067,The Central Park Five,33.0,6.8,6.369015828393816
18283,Brigadoon,33.0,6.8,6.369015828393816
36815,The Agony and the Ecstasy,33.0,6.8,6.369015828393816
11091,Riding in Cars with Boys,108.0,6.5,6.368981007154969
28288,The Gay Divorcee,17.0,7.2,6.3689701683896685
275060,The Disappearance of Eleanor Rigby: Her,61.0,6.6,6.368953966512395
14030,"Hello, Dolly!",61.0,6.6,6.368953966512395
9311,Smilla's Sense of Snow,61.0,6.6,6.368953966512395
18603,Hands on a Hard Body: The Documentary,6.0,8.7,6.368902415975797
8899,Lorna's Silence,42.0,6.7,6.368864485310547
1783,To End All Wars,42.0,6.7,6.368864485310547
30125,Valentin,19.0,7.1,6.3688568067865905
62694,The Snake Pit,19.0,7.1,6.3688568067865905
22617,Dinner Rush,19.0,7.1,6.3688568067865905
45129,Salaam Bombay!,19.0,7.1,6.3688568067865905
26598,Cats,19.0,7.1,6.3688568067865905
5622,And the Ship Sails On,22.0,7.0,6.368853680917583
44705,Twelfth Night,22.0,7.0,6.368853680917583
26531,The Little Princess,22.0,7.0,6.368853680917583
42232,Bound for Glory,22.0,7.0,6.368853680917583
157,Star Trek III: The Search for Spock,443.0,6.4,6.368819039063285
43423,The Wind Will Carry Us,26.0,6.9,6.368817870606954
26774,The Blood on Satan's Claw,26.0,6.9,6.368817870606954
5917,Tom Horn,26.0,6.9,6.368817870606954
19846,The Interview (1998),32.0,6.8,6.368811759087438
14510,From Beyond,105.0,6.5,6.368801114261065
9869,Patriot Games,440.0,6.4,6.368781918135166
68817,Footloose (2011),438.0,6.4,6.368757121708022
9442,Dead Men Don't Wear Plaid,104.0,6.5,6.368741040135862
16562,The Cutting Edge,59.0,6.6,6.368737929640578
38718,Reversal of Fortune,59.0,6.6,6.368737929640578
512,Scoop,435.0,6.4,6.3687198531202265
46435,Topsy-Turvy,41.0,6.7,6.36870835927519
11574,Support Your Local Sheriff,41.0,6.7,6.36870835927519
17984,The Absent-Minded Professor,41.0,6.7,6.36870835927519
21168,The Reflecting Skin,41.0,6.7,6.36870835927519
16290,Jackass 3D,434.0,6.4,6.368707410491344
51942,I Married a Strange Person!,12.0,7.5,6.3687047943807045
116167,56 Up,12.0,7.5,6.3687047943807045
1387,Superstar: The Karen Carpenter Story,12.0,7.5,6.3687047943807045
73567,Killer Joe,433.0,6.4,6.368694957959654
26118,Dylan Moran: What It Is,11.0,7.6,6.368689827401283
29937,Divided We Fall,11.0,7.6,6.368689827401283
64678,The Art of Getting By,430.0,6.4,6.3686575408293855
13549,Burnt Offerings,58.0,6.6,6.368629759631756
80070,On the Edge,13.0,7.4,6.368624188157727
28213,A Tale of Springtime,13.0,7.4,6.368624188157727
15393,Play Misty for Me,102.0,6.5,6.3686207266915895
24869,Ink,102.0,6.5,6.3686207266915895
11899,The Muppets Take Manhattan,102.0,6.5,6.3686207266915895
12228,Inside Deep Throat,31.0,6.8,6.3686074964374875
33078,A Zed & Two Noughts,31.0,6.8,6.3686074964374875
168742,The Rocket,31.0,6.8,6.3686074964374875
20595,The Last Days,10.0,7.7,6.368579150029769
47686,Dream with the Fishes,10.0,7.7,6.368579150029769
23148,Lady Sings the Blues,16.0,7.2,6.368573675233051
39934,Longtime Companion,16.0,7.2,6.368573675233051
22016,Man on the Train,25.0,6.9,6.368565521558571
26561,Enchanted April,25.0,6.9,6.368565521558571
20529,Sita Sings the Blues,25.0,6.9,6.368565521558571
20770,But I'm a Cheerleader,101.0,6.5,6.368560487221034
9404,First Strike,101.0,6.5,6.368560487221034
44800,The Gambler (1974),21.0,7.0,6.368553270951101
2262,Veronika Voss,21.0,7.0,6.368553270951101
28268,"I Was Born, But...",21.0,7.0,6.368553270951101
32513,Cold Comfort Farm,21.0,7.0,6.368553270951101
21626,Kissed,21.0,7.0,6.368553270951101
51360,The Goat,21.0,7.0,6.368553270951101
40810,The Streetfighter,21.0,7.0,6.368553270951101
42172,Hardcore,40.0,6.7,6.368552085947647
19092,Above the Rim,40.0,6.7,6.368552085947647
13971,Wild Child,421.0,6.4,6.368544750836568
33475,Abbott and Costello Meet the Invisible Man,18.0,7.1,6.368508303155325
10995,The Lover,100.0,6.5,6.3685001924836415
8913,Pet Sematary,417.0,6.4,6.368494360962259
34045,One Day in September,14.0,7.3,6.368448145659979
20024,The End of the Affair,56.0,6.6,6.368413115758662
15797,Only the Strong,30.0,6.8,6.3684030401690634
18857,Crime Story,39.0,6.7,6.368395665119382
27033,The Strange Love of Martha Ivers,24.0,6.9,6.368312932628967
15660,Mommie Dearest,55.0,6.6,6.36830464160974
26610,Insomnia (1997),55.0,6.6,6.36830464160974
18164,Twelve and Holding,20.0,7.0,6.368252574873075
27273,The Flight of Dragons,20.0,7.0,6.368252574873075
30054,The Tin Star,20.0,7.0,6.368252574873075
34847,College,20.0,7.0,6.368252574873075
110428,Camille Claudel 1915,20.0,7.0,6.368252574873075
14589,Another Thin Man,20.0,7.0,6.368252574873075
30547,The Champ,38.0,6.7,6.3682390965814655
30892,The Ruling Class,29.0,6.8,6.368198390006739
12197,Reprise,29.0,6.8,6.368198390006739
37975,The Star Maker,29.0,6.8,6.368198390006739
9685,Igby Goes Down,95.0,6.5,6.368197887126009
11229,Freeway,95.0,6.5,6.368197887126009
269148,Samba,393.0,6.4,6.368188598477412
38523,Ponette,11.0,7.5,6.368163750737566
199782,Springsteen & I,11.0,7.5,6.368163750737566
28463,East/West,11.0,7.5,6.368163750737566
20813,A Little Romance,11.0,7.5,6.368163750737566
18624,Zatôichi on the Road,11.0,7.5,6.368163750737566
13586,"Dylan Moran: Like, Totally...",11.0,7.5,6.368163750737566
36498,Hail the Conquering Hero,17.0,7.1,6.368159467133081
15292,Step Into Liquid,17.0,7.1,6.368159467133081
9331,Clear and Present Danger,390.0,6.4,6.3681499603654785
38842,Middle Men,94.0,6.5,6.368137259184762
56224,Z Channel: A Magnificent Obsession,12.0,7.4,6.368131166903948
12182,Nick and Norah's Infinite Playlist,387.0,6.4,6.368111228279744
140207,Tinker Tailor Soldier Spy (1979),10.0,7.6,6.368100669683349
15313,The Wrong Guy,10.0,7.6,6.368100669683349
34576,The Most Dangerous Man in America: Daniel Ellsberg and the Pentagon Papers,10.0,7.6,6.368100669683349
5722,Beyond the Valley of the Dolls,53.0,6.6,6.368087388173522
26648,The Night Porter,53.0,6.6,6.368087388173522
13362,Taxi to the Dark Side,53.0,6.6,6.368087388173522
4485,Diva,37.0,6.7,6.368082380124573
31026,Distant,37.0,6.7,6.368082380124573
10874,Muppet Treasure Island,93.0,6.5,6.368076575441089
8288,A Midsummer Night's Sex Comedy,93.0,6.5,6.368076575441089
3635,Girl with a Pearl Earring,384.0,6.4,6.368072401876951
14278,Murderball,23.0,6.9,6.3680601034759325
12649,The Mouse That Roared,23.0,6.9,6.3680601034759325
273271,Time Lapse,383.0,6.4,6.368059438723772
49184,West Beyrouth,5.0,8.8,6.368024170653835
15602,Grumpier Old Men,92.0,6.5,6.368015835817912
72197,The Pirates! In an Adventure with Scientists!,379.0,6.4,6.368007480674562
30140,Rivers and Tides,13.0,7.3,6.368003055306966
18218,The Business of Being Born,13.0,7.3,6.368003055306966
4173,Stromboli,28.0,6.8,6.3679935456745715
16323,The Rose,28.0,6.8,6.3679935456745715
5894,Blue in the Face,28.0,6.8,6.3679935456745715
911,The Bank Dick,28.0,6.8,6.3679935456745715
11814,Weird Science,375.0,6.4,6.367955353308505
11937,The Gods Must Be Crazy II,91.0,6.5,6.367955040238013
21296,Kansas City Confidential,19.0,7.0,6.367951592274572
44379,The Gleaners & I,19.0,7.0,6.367951592274572
34689,The Barefoot Contessa,36.0,6.7,6.3679255155389844
22797,The Butcher Boy,36.0,6.7,6.3679255155389844
43942,Freakonomics,36.0,6.7,6.3679255155389844
4917,A Boy and His Dog,90.0,6.5,6.36789418862403
11281,Halloween II (1981),370.0,6.4,6.367889954735695
11240,My Beautiful Laundrette,51.0,6.6,6.367869726931516
27191,The Greatest Show on Earth,51.0,6.6,6.367869726931516
99189,Werner Herzog Eats His Shoe,16.0,7.1,6.3678102982440965
12527,Strawberry and Chocolate,16.0,7.1,6.3678102982440965
285689,Glen Campbell: I'll Be Me,16.0,7.1,6.3678102982440965
22543,Dead Ringer,22.0,6.9,6.3678070337566135
21867,Lady Jane,22.0,6.9,6.3678070337566135
51362,The Play House,22.0,6.9,6.3678070337566135
20637,Panic,27.0,6.8,6.367788506896089
13891,Citizen Ruth,27.0,6.8,6.367788506896089
37103,"Heaven Knows, Mr. Allison",27.0,6.8,6.367788506896089
22176,The Heart Is a Lonely Hunter,14.0,7.2,6.3677795528091465
44297,Besieged,14.0,7.2,6.3677795528091465
10490,Drop Dead Gorgeous,88.0,6.5,6.367772316983655
466,Klute,88.0,6.5,6.367772316983655
19851,Grey Gardens (2009),35.0,6.7,6.367768502614584
7509,Water,35.0,6.7,6.367768502614584
18887,Darby O'Gill and the Little People,35.0,6.7,6.367768502614584
50797,Burnt by the Sun,35.0,6.7,6.367768502614584
8043,Breakheart Pass,35.0,6.7,6.367768502614584
14729,The Long Riders,50.0,6.6,6.36776074302435
14019,Ex Drummer,50.0,6.6,6.36776074302435
2357,10 Items or Less,50.0,6.6,6.36776074302435
2924,Backdraft,360.0,6.4,6.367758353492783
29239,The Mummy's Tomb,6.0,8.3,6.3677518610727555
32326,The Cruise,8.0,7.8,6.3676869631000335
278990,Seve,7.0,8.0,6.367671479721467
22267,Ride with the Devil,49.0,6.6,6.367651656734406
825,Playing by Heart,49.0,6.6,6.367651656734406
24679,Bird,49.0,6.6,6.367651656734406
41277,Seducing Doctor Lewis,18.0,7.0,6.367650322745877
109584,Broken,86.0,6.5,6.367650220275037
12535,High Anxiety,86.0,6.5,6.367650220275037
4911,Dark Blue,86.0,6.5,6.367650220275037
39448,"Yes, Madam",11.0,7.4,6.3676376740738485
24977,Michael Jordan to the Max,10.0,7.5,6.367622189336929
77448,That's Entertainment! III,10.0,7.5,6.367622189336929
36492,Carnal Knowledge,34.0,6.7,6.367611341140856
26535,Billy Liar,34.0,6.7,6.367611341140856
10989,101 Reykjavik,34.0,6.7,6.367611341140856
39256,Godzilla 1985,34.0,6.7,6.367611341140856
14831,Help!,85.0,6.5,6.367589087325211
2897,Around the World in Eighty Days,85.0,6.5,6.367589087325211
45578,A Letter to Three Wives,26.0,6.8,6.3675832733942945
2263,Music Box,26.0,6.8,6.3675832733942945
22178,Hangmen Also Die!,26.0,6.8,6.3675832733942945
32235,Northfork,26.0,6.8,6.3675832733942945
1835,"Farewell, My Lovely",26.0,6.8,6.3675832733942945
85533,Whores' Glory,26.0,6.8,6.3675832733942945
19765,Želary,12.0,7.3,6.367557539427192
47908,The Trip to Bountiful,12.0,7.3,6.367557539427192
19433,Revolution OS,21.0,6.9,6.367553723127497
19049,The Yearling,21.0,6.9,6.367553723127497
21887,The Great Santini,21.0,6.9,6.367553723127497
13372,Outfoxed: Rupert Murdoch's War on Journalism,21.0,6.9,6.367553723127497
10697,The Taste of Others,48.0,6.6,6.367542467917345
21183,Fluke,48.0,6.6,6.367542467917345
12308,The Last Kiss,84.0,6.5,6.367527897874125
9346,Risky Business,340.0,6.4,6.36749188809881
10296,The Football Factory,83.0,6.5,6.367466651843414
74689,Mon oncle Antoine,6.0,8.2,6.367464222346995
90603,Beauty Is Embarrassing,6.0,8.2,6.367464222346995
25783,Comandante,15.0,7.1,6.367460796011702
31146,Box of Moonlight,15.0,7.1,6.367460796011702
44864,The Magic Flute,15.0,7.1,6.367460796011702
25796,That Old Feeling,15.0,7.1,6.367460796011702
19017,Dirty Mary Crazy Larry,33.0,6.7,6.367454030906891
12456,The Five Obstructions,33.0,6.7,6.367454030906891
22800,Good Hair,33.0,6.7,6.367454030906891
21027,Shenandoah,33.0,6.7,6.367454030906891
63574,Joyful Noise,33.0,6.7,6.367454030906891
11400,The New World,336.0,6.4,6.3674380656076135
10609,The Life and Death of Peter Sellers,47.0,6.6,6.3674331764285546
209403,Bad Words,335.0,6.4,6.367424582125805
12520,The Last Supper,82.0,6.5,6.367405349154566
2075,Prizzi's Honor,82.0,6.5,6.367405349154566
8198,The Quiet American,82.0,6.5,6.367405349154566
5336,"Salò, or the 120 Days of Sodom",332.0,6.4,6.367384064596992
1377,Houseboat,25.0,6.8,6.367377844891667
156,Wilbur Wants to Kill Himself,25.0,6.8,6.367377844891667
26038,Call Northside 777,25.0,6.8,6.367377844891667
37749,Looking for Mr. Goodbar,25.0,6.8,6.367377844891667
62676,Limbo,17.0,7.0,6.3673487658764945
10627,Taps,81.0,6.5,6.367343989728922
27452,The Spiral Staircase,46.0,6.6,6.367323782123151
20562,35 Up,8.0,7.7,6.367303812162511
25016,Pygmalion,20.0,6.9,6.367300171244417
16194,Not Quite Hollywood,20.0,6.9,6.367300171244417
32030,Hopscotch,32.0,6.7,6.367296571701373
22112,Criss Cross,32.0,6.7,6.367296571701373
7872,The Road to Guantanamo,32.0,6.7,6.367296571701373
15854,Kung Fu Panda: Secrets of the Furious Five,80.0,6.5,6.36728257348768
11412,The Long Kiss Goodnight,323.0,6.4,6.367261904993742
243684,"Men, Women & Children",323.0,6.4,6.367261904993742
10875,The Fabulous Baker Boys,79.0,6.5,6.36722110035189
13105,Mr. Mom,79.0,6.5,6.36722110035189
16759,Five Minutes of Heaven,45.0,6.6,6.367214284855979
17589,Mrs Brown,45.0,6.6,6.367214284855979
24584,Get Real,45.0,6.6,6.367214284855979
32042,Night Moves,45.0,6.6,6.367214284855979
790,The Fog,318.0,6.4,6.367193642321448
34857,Kiss Me Kate,24.0,6.8,6.367172221110157
31526,Queen Christina,24.0,6.8,6.367172221110157
67612,"Black God, White Devil",24.0,6.8,6.367172221110157
25969,Angus,24.0,6.8,6.367172221110157
22905,The Rape of Europa,10.0,7.4,6.3671437089905085
47466,The Fly (1980),10.0,7.4,6.3671437089905085
16410,Hobson's Choice,31.0,6.7,6.367138963312591
18734,L.I.E.,31.0,6.7,6.367138963312591
34152,Crooklyn,31.0,6.7,6.367138963312591
29380,Easter Parade,31.0,6.7,6.367138963312591
25624,Rosewood,31.0,6.7,6.367138963312591
38171,Anastasia (1956),31.0,6.7,6.367138963312591
24858,Eternity and a Day,14.0,7.1,6.367110959958315
42003,Chuck Berry: Hail! Hail! Rock 'n' Roll,5.0,8.4,6.367064915036194
45560,Berlin Alexanderplatz,5.0,8.4,6.367064915036194
250665,No No: A Dockumentary,16.0,7.0,6.367046921255142
273,The White Sound,16.0,7.0,6.367046921255142
16934,The Young Poisoner's Handbook,19.0,6.9,6.367046377762555
8927,Involuntary,19.0,6.9,6.367046377762555
43317,Artists and Models,19.0,6.9,6.367046377762555
259,Love on the Run,19.0,6.9,6.367046377762555
12524,Titus,76.0,6.5,6.367036338785554
12094,Jackass Number Two,306.0,6.4,6.367028644608945
8012,Get Shorty,305.0,6.4,6.36701481985145
2140,Kiss of the Dragon,304.0,6.4,6.367000983495759
20758,Father of the Bride (1950),43.0,6.6,6.3669949808543365
14050,Recount,43.0,6.6,6.3669949808543365
11835,Death Sentence,303.0,6.4,6.366987135527273
23567,I Was a Male War Bride,30.0,6.7,6.366981205528432
25566,Ragtime,30.0,6.7,6.366981205528432
41474,Lone Wolf and Cub: Baby Cart to Hades,30.0,6.7,6.366981205528432
3055,Valley of the Dolls,30.0,6.7,6.366981205528432
23210,Six Degrees of Separation,75.0,6.5,6.366974637279155
7514,The Harder They Come,23.0,6.8,6.366966401771185
35921,Compulsion,23.0,6.8,6.366966401771185
36266,Cyclo,23.0,6.8,6.366966401771185
303742,Trailer Park Boys: Live at the North Pole,8.0,7.6,6.366920661224989
11596,New Nightmare,297.0,6.4,6.366903803026868
56832,Gantz,73.0,6.5,6.366851062312043
9666,Ju-on: The Grudge 2,73.0,6.5,6.366851062312043
1662,State of Grace,73.0,6.5,6.366851062312043
4193,Evil Under the Sun,73.0,6.5,6.366851062312043
1921,Sweet November,292.0,6.4,6.366834037228743
14262,Desperate Living,29.0,6.7,6.366823298136377
38805,Lilies of the Field,29.0,6.7,6.366823298136377
24918,The Twelve Chairs,29.0,6.7,6.366823298136377
4267,Get Out Your Handkerchiefs,18.0,6.9,6.3667923423364305
10686,Samurai Fiction,18.0,6.9,6.3667923423364305
29454,Face to Face,18.0,6.9,6.3667923423364305
26813,Himalaya,18.0,6.9,6.3667923423364305
17820,Show Boat,18.0,6.9,6.3667923423364305
9840,The Dreamlife of Angels,18.0,6.9,6.3667923423364305
9768,Cry-Baby,289.0,6.4,6.366792036389419
12797,Ghost Town,288.0,6.4,6.366778012460024
2046,The Gift (2000),288.0,6.4,6.366778012460024
18355,The Assignment,41.0,6.6,6.366775263256896
10731,The Client,287.0,6.4,6.36676397668084
41206,A Double Life,13.0,7.1,6.366760789605444
20318,Mother Night,13.0,7.1,6.366760789605444
33257,Fando and Lis,22.0,6.8,6.366760386595645
117629,Yossi,22.0,6.8,6.366760386595645
38621,Firelight,15.0,7.0,6.366744788469756
17908,My Dog Skip,71.0,6.5,6.366727257539559
11060,Internal Affairs,71.0,6.5,6.366727257539559
2148,The Cotton Club,71.0,6.5,6.366727257539559
214075,Words and Pictures,71.0,6.5,6.366727257539559
23439,House of Usher,71.0,6.5,6.366727257539559
28176,Tucker: The Man and His Dream,71.0,6.5,6.366727257539559
8446,Bugsy Malone,71.0,6.5,6.366727257539559
13612,Cheech & Chong's Next Movie,70.0,6.5,6.3666652687758845
13912,Horse Feathers,40.0,6.6,6.366665248993946
21468,There's No Business Like Show Business,28.0,6.7,6.366665240923511
21128,One False Move,28.0,6.7,6.366665240923511
17614,Yossi & Jagger,28.0,6.7,6.366665240923511
47423,Once a Thief,28.0,6.7,6.366665240923511
19958,The Year My Voice Broke,10.0,7.3,6.366665228644089
35199,Wordplay,10.0,7.3,6.366665228644089
99657,Wings of Hope,7.0,7.7,6.3666652265769255
20967,Thirty Two Short Films About Glenn Gould,9.0,7.4,6.366649270975713
11326,Tommy,69.0,6.5,6.3666032223200695
848,Dragonslayer,69.0,6.5,6.3666032223200695
38077,Red Dust,11.0,7.2,6.366585520746414
15675,Neil Young: Heart of Gold,5.0,8.2,6.366585287227374
20348,Fandango,39.0,6.6,6.366555130892524
26326,Rock 'n' Roll High School,39.0,6.6,6.366555130892524
18499,The Decline of the American Empire,21.0,6.8,6.366554175303893
4486,Jesus of Montreal,21.0,6.8,6.366554175303893
17218,The Set-Up,21.0,6.8,6.366554175303893
48211,Sacco & Vanzetti,21.0,6.8,6.366554175303893
35797,Coup de Torchon,21.0,6.8,6.366554175303893
28476,The Phantom Tollbooth,21.0,6.8,6.366554175303893
19973,Comedian,21.0,6.8,6.366554175303893
11085,Mutiny on the Bounty (1962),68.0,6.5,6.366541118091535
482,Shaft (1971),68.0,6.5,6.366541118091535
11300,Something Wild,68.0,6.5,6.366541118091535
54083,Film Socialisme,17.0,6.9,6.366538064619908
30636,La Luna,17.0,6.9,6.366538064619908
2171,Wet Hot American Summer,271.0,6.4,6.366537780303585
27768,Some Folks Call It a Sling Blade,8.0,7.5,6.366537510287466
13209,Offside,27.0,6.7,6.3665070336765055
11475,Leningrad Cowboys Go America,27.0,6.7,6.3665070336765055
41602,Charlie Countryman,267.0,6.4,6.366480749314947
33680,Grand Hotel,67.0,6.5,6.366478956009556
636,THX 1138,265.0,6.4,6.366452160858318
24808,Something Wicked This Way Comes,38.0,6.6,6.36644490880555
20075,Nice Dreams,38.0,6.6,6.36644490880555
25147,Jude,38.0,6.6,6.36644490880555
24965,Gunga Din,38.0,6.6,6.36644490880555
42337,Beau Pere,14.0,7.0,6.366442367107482
42612,Medium Cool,14.0,7.0,6.366442367107482
14577,Dirty Work,66.0,6.5,6.3664167359932495
3064,Chances Are,66.0,6.5,6.3664167359932495
1444,Junebug,66.0,6.5,6.3664167359932495
24257,The Endless Summer 2,12.0,7.1,6.366410284473679
48797,Man Facing Southeast,12.0,7.1,6.366410284473679
33430,Twin Falls Idaho,12.0,7.1,6.366410284473679
4958,The Legend of Bagger Vance,259.0,6.4,6.366366102141865
15598,Alfie (1966),65.0,6.5,6.366354457961591
15592,Beaches,65.0,6.5,6.366354457961591
12186,Defending Your Life,65.0,6.5,6.366354457961591
402672,Mohenjo Daro,26.0,6.7,6.366348676181635
14328,The Paper Chase,26.0,6.7,6.366348676181635
28528,The Harder They Fall,26.0,6.7,6.366348676181635
19827,The In-Laws,26.0,6.7,6.366348676181635
6593,Godzilla vs. Mechagodzilla II,26.0,6.7,6.366348676181635
22575,Go West (1940),26.0,6.7,6.366348676181635
42464,O Lucky Man!,20.0,6.8,6.36634776761576
1050,Shower,20.0,6.8,6.36634776761576
36724,The Decline of Western Civilization Part II: The Metal Years,20.0,6.8,6.36634776761576
16090,The Blue Dahlia,37.0,6.6,6.366334582585661
17729,The Glenn Miller Story,37.0,6.6,6.366334582585661
193544,Thou Gild'st the Even,6.0,7.8,6.366313667443953
58062,Into the Arms of Strangers: Stories of the Kindertransport,6.0,7.8,6.366313667443953
8491,Weekend at Bernie's,255.0,6.4,6.366308483952425
20156,Exotica,64.0,6.5,6.366292121833398
13762,The Private Eyes,16.0,6.9,6.366283544266187
24453,The Razor's Edge (1984),16.0,6.9,6.366283544266187
12235,Jagged Edge,63.0,6.5,6.36622972752734
11209,The Alamo (1960),63.0,6.5,6.36622972752734
9909,Dangerous Minds,249.0,6.4,6.3662216855684814
42611,The Sorrow and the Pity,9.0,7.3,6.3662184325162
314407,Cocaine Cowboys: Reloaded,9.0,7.3,6.3662184325162
60141,Lavoura Arcaica,9.0,7.3,6.3662184325162
198391,Ricky Gervais Live 4: Science,9.0,7.3,6.3662184325162
39314,Mighty Joe Young (1949),25.0,6.7,6.366190168224763
20862,Smoke Signals,25.0,6.7,6.366190168224763
11876,The Horseman on the Roof,25.0,6.7,6.366190168224763
16933,They Drive by Night,25.0,6.7,6.366190168224763
18973,Cinderfella,25.0,6.7,6.366190168224763
65421,Eaux d'artifice,10.0,7.2,6.366186748297669
28628,Stonewall,10.0,7.2,6.366186748297669
25504,Shock Corridor,62.0,6.5,6.366167274961933
35206,Death in the Garden,8.0,7.4,6.3661543593499434
26354,Surfwise,8.0,7.4,6.3661543593499434
41999,The Art of the Steal (2009),19.0,6.8,6.3661411632505365
33015,Go West (1925),19.0,6.8,6.3661411632505365
27265,Mother (1996),19.0,6.8,6.3661411632505365
15824,The Inheritance,13.0,7.0,6.366139656754683
24481,Born Yesterday (1950),35.0,6.6,6.366113617156298
1942,Bunny Lake Is Missing,35.0,6.6,6.366113617156298
1413,M. Butterfly,35.0,6.6,6.366113617156298
9044,Tristan & Isolde,240.0,6.4,6.366090646179751
119431,Halo 4: Forward Unto Dawn,240.0,6.4,6.366090646179751
10586,The Ghost and the Darkness,238.0,6.4,6.36606138812516
14785,Bandit Queen,11.0,7.1,6.366059444082696
53712,A Kiss Before Dying,11.0,7.1,6.366059444082696
10557,East Is East,60.0,6.5,6.366042194726378
14821,Escape to Witch Mountain,60.0,6.5,6.366042194726378
212721,Gerontophilia,24.0,6.7,6.366031509591347
32082,The Hospital,24.0,6.7,6.366031509591347
22387,Random Harvest,24.0,6.7,6.366031509591347
1812,Trick,24.0,6.7,6.366031509591347
13482,The Milagro Beanfield War,24.0,6.7,6.366031509591347
20876,A Shock to the System,24.0,6.7,6.366031509591347
43239,Silk Stockings,15.0,6.9,6.3660287809278095
30142,"Vernon, Florida",15.0,6.9,6.3660287809278095
14108,The Weather Underground,15.0,6.9,6.3660287809278095
18391,Easy Money,34.0,6.6,6.366002977650707
18660,The Apple Dumpling Gang,34.0,6.6,6.366002977650707
9581,Fulltime Killer,34.0,6.6,6.366002977650707
42700,The Night of the Generals,34.0,6.6,6.366002977650707
315,"Faster, Pussycat! Kill! Kill!",59.0,6.5,6.365979566892501
157360,In a World...,232.0,6.4,6.365973310237987
12689,"Angus, Thongs and Perfect Snogging",231.0,6.4,6.365958586124631
8386,How High,230.0,6.4,6.365943849262848
319070,Drunk Stoned Brilliant Dead: The Story of the National Lampoon,18.0,6.8,6.365934361926983
24003,Clash by Night,18.0,6.8,6.365934361926983
38772,Melvin and Howard,18.0,6.8,6.365934361926983
467,The Hole,227.0,6.4,6.36589956202116
85638,The Scarlet Letter (1926),4.0,8.3,6.365897451764541
41316,Unprecedented: The 2000 Presidential Election,4.0,8.3,6.365897451764541
123047,Turtle Diary,4.0,8.3,6.365897451764541
26744,Force of Evil,33.0,6.6,6.365892233419965
66,Absolute Power,226.0,6.4,6.3658847739997455
56137,I Know Where I'm Going!,23.0,6.7,6.365872700066436
3865,Dark Blue Almost Black,23.0,6.7,6.365872700066436
11694,Cat Ballou,57.0,6.5,6.36585413538207
30192,Standing in the Shadows of Motown,12.0,7.0,6.365836656996923
26483,Beach Blanket Bingo,12.0,7.0,6.365836656996923
10239,Autumn Tale,12.0,7.0,6.365836656996923
20511,Chronicles,12.0,7.0,6.365836656996923
36041,The Big Gay Musical,12.0,7.0,6.365836656996923
5899,The Northerners,12.0,7.0,6.365836656996923
41778,Visions of Light,12.0,7.0,6.365836656996923
11185,"See No Evil, Hear No Evil",220.0,6.4,6.365795775823264
47955,White Dog,56.0,6.5,6.3657913315408665
41253,Damn Yankees!,9.0,7.2,6.365787594056687
21921,Richard Pryor: Here and Now,9.0,7.2,6.365787594056687
33214,Bad Timing,32.0,6.6,6.365781384315308
4789,The Garden of the Finzi-Continis,32.0,6.6,6.365781384315308
28201,The Girl in the Café,32.0,6.6,6.365781384315308
21721,Eddie and the Cruisers,32.0,6.6,6.365781384315308
50075,The Black Pirate,14.0,6.9,6.365773774256651
33762,Band of the Hand,14.0,6.9,6.365773774256651
24269,The Temptations,14.0,6.9,6.365773774256651
17592,The Wild Parrots of Telegraph Hill,8.0,7.3,6.365771208412421
44129,The Company Men,218.0,6.4,6.3657660064860915
1880,Red Dawn,217.0,6.4,6.36575110237694
38951,Charly (2002),6.0,7.6,6.3657383899924325
197033,Geography Club,55.0,6.5,6.3657284688656475
21991,State and Main,55.0,6.5,6.3657284688656475
6478,Beyond the Sea,55.0,6.5,6.3657284688656475
47907,The Spitfire Grill,17.0,6.8,6.3657273633633205
78237,On Probation,17.0,6.8,6.3657273633633205
6691,Priceless,215.0,6.4,6.365721255192799
29586,King Rat,22.0,6.7,6.365713739434675
81704,Romeos,22.0,6.7,6.365713739434675
25636,Jesus' Son,22.0,6.7,6.365713739434675
4483,The Return of Martin Guerre,22.0,6.7,6.365713739434675
24426,A.R.O.G.,22.0,6.7,6.365713739434675
15813,Dark Blue World,22.0,6.7,6.365713739434675
51242,Bread and Chocolate,10.0,7.1,6.365708267951249
51230,Cinemania,10.0,7.1,6.365708267951249
28292,Follow the Fleet,10.0,7.1,6.365708267951249
114524,Common Threads: Stories from the Quilt,2.0,10.0,6.365672563992755
177869,Survive and Advance,2.0,10.0,6.365672563992755
3022,Dr. Jekyll and Mr. Hyde,31.0,6.6,6.365670430187695
14118,Dedication,31.0,6.6,6.365670430187695
30072,Possession (2002),54.0,6.5,6.365665547273701
24106,The Black Cat,54.0,6.5,6.365665547273701
30295,Father Goose,54.0,6.5,6.365665547273701
37335,Bolero: Dance of Life,7.0,7.4,6.365658973432384
54659,Woman on the Beach,7.0,7.4,6.365658973432384
15018,Thriller: A Cruel Picture,53.0,6.5,6.36560256668216
8940,Tyson,30.0,6.6,6.365559370887801
1439,Anna and the King,204.0,6.4,6.3655561613015665
26306,Prefontaine,21.0,6.7,6.365554627480289
294,Desert Hearts,21.0,6.7,6.365554627480289
38548,Margaret Cho: I'm the One That I Want,3.0,8.7,6.365545017693519
10414,The Mighty Ducks,203.0,6.4,6.3655410738757805
22796,Simon Birch,52.0,6.5,6.365539527008004
22233,The Thrill of It All,11.0,7.0,6.365533367418979
49471,Get on the Bus,11.0,7.0,6.365533367418979
21585,Robin Williams: An Evening with Robin Williams,11.0,7.0,6.365533367418979
38722,My Family,11.0,7.0,6.365533367418979
139,Mifune,16.0,6.8,6.365520167277232
16176,The Slipper and the Rose,16.0,6.8,6.365520167277232
16156,Sarah Silverman: Jesus Is Magic,16.0,6.8,6.365520167277232
22600,Gangster's Paradise: Jerusalema,16.0,6.8,6.365520167277232
32023,Son of Dracula,16.0,6.8,6.365520167277232
33454,Scaramouche,13.0,6.9,6.365518523903923
48233,The Terrorist,4.0,8.1,6.365513565394906
12599,Pokémon: The Movie 2000,201.0,6.4,6.365510859336993
11114,Pete's Dragon,201.0,6.4,6.365510859336993
10510,Miracle on 34th Street (1994),199.0,6.4,6.365480591765819
43771,Gabbeh,6.0,7.5,6.365450751266672
14272,Chan Is Missing,6.0,7.5,6.365450751266672
40154,A Midwinter's Tale,6.0,7.5,6.365450751266672
13343,The Ghost & Mr. Chicken,29.0,6.6,6.365448206266015
50363,Summertime,29.0,6.6,6.365448206266015
2546,Zazie dans le métro,29.0,6.6,6.365448206266015
15321,Twin Town,29.0,6.6,6.365448206266015
19728,The Blue Max,29.0,6.6,6.365448206266015
14667,Dogfight,29.0,6.6,6.365448206266015
96821,Caesar Must Die,29.0,6.6,6.365448206266015
22744,Jane Eyre (1943),29.0,6.6,6.365448206266015
9964,Bad Taste,196.0,6.4,6.365435090667508
14670,’Round Midnight,20.0,6.7,6.365395363987101
41089,Under the Volcano,20.0,6.7,6.365395363987101
133823,Call Me Kuchu,8.0,7.2,6.365388057474899
14358,Mad Hot Ballroom,8.0,7.2,6.365388057474899
39125,Love the Hard Way,8.0,7.2,6.365388057474899
265351,İtirazım Var,9.0,7.1,6.3653567555971735
90214,Cosi,9.0,7.1,6.3653567555971735
42034,Dreamchild,9.0,7.1,6.3653567555971735
26333,Untamed Heart,49.0,6.5,6.365350052657278
3640,Mostly Martha,28.0,6.6,6.365336936172449
24998,Gates of Heaven,28.0,6.6,6.365336936172449
2297,Kafka,28.0,6.6,6.365336936172449
25898,Babes in Toyland (1934),28.0,6.6,6.365336936172449
29146,Charly (1968),28.0,6.6,6.365336936172449
41462,The Hitch-Hiker,28.0,6.6,6.365336936172449
33828,Criminal Lovers,28.0,6.6,6.365336936172449
33194,Xiu Xiu: The Sent-Down Girl,7.0,7.3,6.365323555717537
74899,The Fan (1981),7.0,7.3,6.365323555717537
31156,Dante's Hell Animated,4.0,8.0,6.365321622210089
14308,I Am Trying to Break Your Heart,4.0,8.0,6.365321622210089
17685,King of Hearts,15.0,6.8,6.365312773385863
84172,The Ambassador,15.0,6.8,6.365312773385863
25660,Nowhere to Hide,15.0,6.8,6.365312773385863
43307,Mr. Skeffington,15.0,6.8,6.365312773385863
52013,Marwencol,15.0,6.8,6.365312773385863
36676,Jonestown: The Life and Death of Peoples Temple,15.0,6.8,6.365312773385863
1376,Sweet Sixteen,48.0,6.5,6.365286775819317
13073,Palindromes,48.0,6.5,6.365286775819317
13365,49 Up,12.0,6.9,6.365263029520167
33738,Take Me Out to the Ball Game,12.0,6.9,6.365263029520167
88875,The Effect of Gamma Rays on Man-in-the-Moon Marigolds,12.0,6.9,6.365263029520167
27141,Liberty Heights,19.0,6.7,6.365235948738519
14518,Peter & the Wolf,19.0,6.7,6.365235948738519
4975,Love Is the Devil: Study for a Portrait of Francis Bacon,19.0,6.7,6.365235948738519
91487,State of Siege,19.0,6.7,6.365235948738519
39940,Picnic,19.0,6.7,6.365235948738519
58923,When the Levees Broke: A Requiem in Four Acts,10.0,7.0,6.36522978760483
18612,The Desperate Hours,27.0,6.6,6.365225560456923
2981,The Lost World,27.0,6.6,6.365225560456923
1379,Lights in the Dusk,27.0,6.6,6.365225560456923
14571,Patlabor: The Movie,27.0,6.6,6.365225560456923
22356,Angel and the Badman,27.0,6.6,6.365225560456923
11900,Even Dwarfs Started Small,27.0,6.6,6.365225560456923
15493,Star Wreck: In the Pirkinning,27.0,6.6,6.365225560456923
25189,The Mirror Has Two Faces,47.0,6.5,6.365223439481283
49706,Dream Home,47.0,6.5,6.365223439481283
9490,Half Baked,179.0,6.4,6.365174968283811
6522,Life,179.0,6.4,6.365174968283811
10934,Under the Tuscan Sun,178.0,6.4,6.365159544987583
1552,Parenthood,177.0,6.4,6.365144108023976
66092,I Never Promised You a Rose Garden,4.0,7.9,6.365129679025272
9613,Spider,176.0,6.4,6.365128657374815
26889,The Brother from Another Planet,26.0,6.6,6.3651140789689755
20689,The Dancer Upstairs,14.0,6.8,6.365105181405818
20849,Possessed,14.0,6.8,6.365105181405818
51044,Carmen Jones,14.0,6.8,6.365105181405818
34667,Nightfall,14.0,6.8,6.365105181405818
26484,Beach Party,14.0,6.8,6.365105181405818
10852,Kung Fu Cult Master,14.0,6.8,6.365105181405818
11584,Roxanne,174.0,6.4,6.365097714946966
14662,Slums of Beverly Hills,45.0,6.5,6.365096587968994
21156,Lunacy,18.0,6.7,6.365076381517536
49096,Empire of Passion,18.0,6.7,6.365076381517536
40860,Drained,18.0,6.7,6.365076381517536
13650,Delirious (2006),18.0,6.7,6.365076381517536
16618,Hans Christian Andersen,18.0,6.7,6.365076381517536
323373,Deathgasm,172.0,6.4,6.36506671755799
32054,Hope and Glory,44.0,6.5,6.365033072626339
10608,Bob Roberts,44.0,6.5,6.365033072626339
19357,Summer Rental,44.0,6.5,6.365033072626339
5072,Severance,169.0,6.4,6.365020118101653
42045,Sweet Dreams,11.0,6.9,6.365007290755261
52903,Steam of Life,11.0,6.9,6.365007290755261
29242,The Mummy's Curse,11.0,6.9,6.365007290755261
47452,Love and Death on Long Island,11.0,6.9,6.365007290755261
74122,The Bigamist,11.0,6.9,6.365007290755261
342786,Rubble Kings,8.0,7.1,6.365004906537377
18242,The Secret Adventures of Tom Thumb,8.0,7.1,6.365004906537377
59964,Cabin in the Sky,8.0,7.1,6.365004906537377
41007,A Month by the Lake,7.0,7.2,6.3649881380026905
57103,The Best of Everything,7.0,7.2,6.3649881380026905
26578,The Falcon and the Snowman,43.0,6.5,6.364969497446814
142168,Searching for Debra Winger,3.0,8.3,6.364968911690013
43517,This Is the Army,3.0,8.3,6.364968911690013
11298,The Howling,165.0,6.4,6.364957791756927
152795,The Congress,165.0,6.4,6.364957791756927
84184,Celeste & Jesse Forever,164.0,6.4,6.3649421754516435
65673,A Letter to Elia,4.0,7.8,6.364937735840455
57840,Captain January,9.0,7.0,6.3649259171376595
34899,The Vertical Ray of the Sun,17.0,6.7,6.364916662106734
3076,Frankenstein Meets the Wolf Man,42.0,6.5,6.364905862345821
40085,"The Long, Hot Summer",42.0,6.5,6.364905862345821
49689,Broken Wings,13.0,6.8,6.364897391053161
46027,Night Falls on Manhattan,24.0,6.6,6.364890798072538
51120,Peter Pan (1960),6.0,7.3,6.364875473815151
70089,Comet in Moominland,6.0,7.3,6.364875473815151
239566,Get on Up,158.0,6.4,6.3648481845459965
23478,Mozart and the Whale,41.0,6.5,6.364842167238602
2428,The Greatest Story Ever Told,41.0,6.5,6.364842167238602
26246,Incident at Oglala,3.0,8.2,6.364824885189138
10569,Small Time Crooks,155.0,6.4,6.364800999845507
2617,The Great Outdoors,155.0,6.4,6.364800999845507
16246,Gone in 60 Seconds,40.0,6.5,6.364778412040244
24229,The Killers (1964),40.0,6.5,6.364778412040244
3171,Bambi Meets Godzilla,40.0,6.5,6.364778412040244
16263,Girls Just Want to Have Fun,40.0,6.5,6.364778412040244
10278,Return to Paradise,40.0,6.5,6.364778412040244
21451,Ministry of Fear,40.0,6.5,6.364778412040244
11655,Cronos,153.0,6.4,6.3647694729414965
19762,Son of Flubber,16.0,6.7,6.364756790288277
42225,Padre Padrone,16.0,6.7,6.364756790288277
43865,Stella Dallas,16.0,6.7,6.364756790288277
29269,Tony Takitani,16.0,6.7,6.364756790288277
42264,Smile,10.0,6.9,6.36475130725841
25994,The Winter Guest,10.0,6.9,6.36475130725841
29243,The Mummy's Ghost,10.0,6.9,6.36475130725841
22485,loudQUIETloud: A Film About the Pixies,10.0,6.9,6.36475130725841
38769,Little Miss Broadway,2.0,9.0,6.364711926129213
15081,The Three Lives of Thomasina,12.0,6.8,6.364689402043411
30180,Hype!,12.0,6.8,6.364689402043411
27678,Barbarians at the Gate,12.0,6.8,6.364689402043411
42719,Georgy Girl,12.0,6.8,6.364689402043411
44497,Hustler White,12.0,6.8,6.364689402043411
35292,Funny Bones,12.0,6.8,6.364689402043411
254578,Phoenix,147.0,6.4,6.364674552461759
31598,Q & A,22.0,6.6,6.364667092273705
17961,L'Enfer,22.0,6.6,6.364667092273705
26332,Electra Glide in Blue,22.0,6.6,6.364667092273705
30304,Picture Bride,5.0,7.4,6.3646667759920925
51707,Girlhood,5.0,7.4,6.3646667759920925
40721,The Love God?,5.0,7.4,6.3646667759920925
48260,Butterfly Kiss,5.0,7.4,6.3646667759920925
42918,Winnebago Man,38.0,6.5,6.364650721029634
22358,The Island (2006),38.0,6.5,6.364650721029634
11861,How To Make An American Quilt,38.0,6.5,6.364650721029634
15347,Born Free,38.0,6.5,6.364650721029634
50314,My Architect,8.0,7.0,6.364621755599853
48395,Rare Exports: A Christmas Tale,143.0,6.4,6.364610987473724
121826,Quartet,141.0,6.4,6.364579119117817
16135,Mister Lonely,21.0,6.6,6.364555079656686
31773,Libeled Lady,21.0,6.6,6.364555079656686
51276,Silent Souls,21.0,6.6,6.364555079656686
21386,Will Vinton's Claymation Christmas Celebration,4.0,7.6,6.36455384947082
11980,The Prophecy,139.0,6.4,6.3645471933142765
991,The Man Who Fell to Earth,139.0,6.4,6.3645471933142765
43775,Guantanamera,3.0,8.0,6.364536832187385
65075,Keep the River on Your Right: A Modern Cannibal Tale,3.0,8.0,6.364536832187385
11507,Body Double,138.0,6.4,6.36453120882108
47261,Carancho,36.0,6.5,6.364522788631449
17221,Where the Sidewalk Ends,36.0,6.5,6.364522788631449
11592,Serial Mom,137.0,6.4,6.364515209907627
11047,Asterix the Gaul,136.0,6.4,6.364499196554396
34767,The White Stripes: Under Great White Northern Lights,9.0,6.9,6.3644950786781465
29568,In the City of Sylvia,9.0,6.9,6.3644950786781465
23522,The Book of Life (1998),9.0,6.9,6.3644950786781465
52258,The Emperor's New Clothes,9.0,6.9,6.3644950786781465
13158,Aqua Teen Hunger Force Colon Movie Film for Theaters,35.0,6.5,6.364458731698013
15179,"Patrik, Age 1.5",35.0,6.5,6.364458731698013
47697,Othello (1951),35.0,6.5,6.364458731698013
13768,Tuck Everlasting,133.0,6.4,6.364451069660278
16771,Barcelona,20.0,6.6,6.364442960358444
36741,School for Scoundrels,20.0,6.6,6.364442960358444
14584,The Cheap Detective,20.0,6.6,6.364442960358444
23033,Jungle Book,20.0,6.6,6.364442960358444
23152,People Will Talk,20.0,6.6,6.364442960358444
21735,49th Parallel,20.0,6.6,6.364442960358444
53229,Requiem for a Heavyweight,14.0,6.7,6.364436588554986
30068,Devil's Playground,14.0,6.7,6.364436588554986
287689,7 Days in Hell,132.0,6.4,6.364434998352004
64963,Rough Night in Jericho,5.0,7.3,6.364426962087682
41647,"The Wonderful, Horrible Life of Leni Riefenstahl",5.0,7.3,6.364426962087682
25110,Pauline & Paulette,5.0,7.3,6.364426962087682
9410,Great Expectations,131.0,6.4,6.364418912505807
7219,Zombie Flesh Eaters,130.0,6.4,6.364402812101954
10503,Happy-Go-Lucky,130.0,6.4,6.364402812101954
39507,The Dead,34.0,6.5,6.364394614160559
35172,The Son,34.0,6.5,6.364394614160559
46986,Flirt,4.0,7.5,6.364361906286002
29353,My Little Chickadee,4.0,7.5,6.364361906286002
88893,Scream of Stone,4.0,7.5,6.364361906286002
10743,Confidence,127.0,6.4,6.364354423346571
43278,The Life of Emile Zola,19.0,6.6,6.364330734226501
38047,Eureka,19.0,6.6,6.364330734226501
87380,Absent,19.0,6.6,6.364330734226501
29461,Soul Food,19.0,6.6,6.364330734226501
22073,Hoodlum,33.0,6.5,6.364330435933039
43089,Roadgames,33.0,6.5,6.364330435933039
112,Italian for Beginners,33.0,6.5,6.364330435933039
32119,The Boys of St. Vincent,7.0,7.0,6.364317302572996
15730,Love & Human Remains,7.0,7.0,6.364317302572996
83718,What Happened Was...,7.0,7.0,6.364317302572996
42134,Moonlighting,6.0,7.1,6.36430019636363
79515,Black Tar Heroin: The Dark End of the Street,6.0,7.1,6.36430019636363
12651,Memphis Belle,123.0,6.4,6.3642896999953305
17379,Last Holiday,123.0,6.4,6.3642896999953305
15030,Deep Water,13.0,6.7,6.364276258202401
198308,Ricky Gervais Live 3: Fame,13.0,6.7,6.364276258202401
28219,Baadasssss!,13.0,6.7,6.364276258202401
34615,"Cry, the Beloved Country",13.0,6.7,6.364276258202401
41397,Joan Rivers: A Piece of Work,13.0,6.7,6.364276258202401
51927,Stevie,13.0,6.7,6.364276258202401
9524,Comedian Harmonists,13.0,6.7,6.364276258202401
47880,Mrs Palfrey at The Claremont,10.0,6.8,6.36427282691199
33916,Czech Dream,10.0,6.8,6.36427282691199
19974,The Big Clock,32.0,6.5,6.364266196929243
18674,The Defender,32.0,6.5,6.364266196929243
6081,Revenge of the Pink Panther,121.0,6.4,6.364257250098691
5780,Torn Curtain,120.0,6.4,6.364241003024938
10741,Bobby,120.0,6.4,6.364241003024938
32640,Wonderland (1999),8.0,6.9,6.364238604662331
43513,Stormy Weather,8.0,6.9,6.364238604662331
4311,The Sleeping Car Murder,8.0,6.9,6.364238604662331
72867,Hellboy: The Seeds of Creation,2.0,8.5,6.364231607197442
40215,The Betrayal (Nerakhoon),2.0,8.5,6.364231607197442
28198,Vampire in Venice,2.0,8.5,6.364231607197442
28054,Suburbia,18.0,6.6,6.364218401108088
58770,The Trigger Effect,18.0,6.6,6.364218401108088
41357,Summer of '42,31.0,6.5,6.364201897062799
26941,Afterglow,5.0,7.2,6.364187148183272
131957,Nina Takes a Lover,4.0,7.4,6.364169963101185
11027,The Postman Always Rings Twice (1981),115.0,6.4,6.364159545595441
11654,The Hunger,114.0,6.4,6.364143209555694
9689,Hollywood Ending,114.0,6.4,6.364143209555694
22625,Circle of Friends,30.0,6.5,6.364137536247169
18841,The Lost Skeleton of Cadavra,30.0,6.5,6.364137536247169
83443,Girl Model,30.0,6.5,6.364137536247169
15596,Back to School,113.0,6.4,6.364126858617257
33743,"The 5,000 Fingers of Dr. T.",12.0,6.7,6.364115774566655
14279,My Kid Could Paint That,12.0,6.7,6.364115774566655
26580,4 Little Girls,12.0,6.7,6.364115774566655
13861,Road to Singapore,12.0,6.7,6.364115774566655
109667,David and Lisa,12.0,6.7,6.364115774566655
6440,The Shipping News,112.0,6.4,6.364110492759742
37451,The Inn of the Sixth Happiness,17.0,6.6,6.3641059608501465
20278,Africa Screams,17.0,6.6,6.3641059608501465
13898,The Circle,17.0,6.6,6.3641059608501465
17200,Helter Skelter,17.0,6.6,6.3641059608501465
2892,Angel Baby,3.0,7.7,6.3641047526847565
59572,Buster Keaton: A Hard Act to Follow,3.0,7.7,6.3641047526847565
43157,Just Around the Corner,3.0,7.7,6.3641047526847565
85058,First Monday in October,3.0,7.7,6.3641047526847565
261855,1971,3.0,7.7,6.3641047526847565
244268,Love Is Strange,111.0,6.4,6.364094111962717
292,Dave Chappelle's Block Party,29.0,6.5,6.364073114395653
42731,A Thousand Clowns,9.0,6.8,6.364064240218633
618,The Birth of a Nation,109.0,6.4,6.364061305468244
10389,The Eye,108.0,6.4,6.364044879729754
102304,Whatever,2.0,8.3,6.364039479624734
12720,Suicide Club,107.0,6.4,6.364028438969667
12167,The Art of Negative Thinking,6.0,7.0,6.36401255763787
41648,Fiorile,6.0,7.0,6.36401255763787
52461,Carrie Fisher: Wishful Drinking,6.0,7.0,6.36401255763787
1619,The Way of the Gun,106.0,6.4,6.364011983167371
20481,Nightbreed,106.0,6.4,6.364011983167371
14583,Deceiver,16.0,6.6,6.363993413299322
14595,Song of the Thin Man,16.0,6.6,6.363993413299322
42021,Ginger and Fred,16.0,6.6,6.363993413299322
316,Grill Point,7.0,6.9,6.363981884858149
39310,New Jersey Drive,7.0,6.9,6.363981884858149
29251,On Any Sunday,7.0,6.9,6.363981884858149
37512,Satan's Brew,7.0,6.9,6.363981884858149
25985,Jump Tomorrow,7.0,6.9,6.363981884858149
10562,Under Suspicion,104.0,6.4,6.363979026353495
5618,"Cousin, Cousine",4.0,7.3,6.363978019916368
79761,The Iron Mask,4.0,7.3,6.363978019916368
238478,Six by Sondheim,4.0,7.3,6.363978019916368
51352,Anne Frank Remembered,4.0,7.3,6.363978019916368
36612,The Hard Way,4.0,7.3,6.363978019916368
8953,Steamboy,103.0,6.4,6.3639625253004946
53174,Kokowaah,103.0,6.4,6.3639625253004946
2754,Abel,11.0,6.7,6.363955137427826
5048,Prospero's Books,27.0,6.5,6.36394408723734
255546,Carmen Miranda: Bananas Is My Business,1.0,10.0,6.363926088855914
58372,Reckless (1995),1.0,10.0,6.363926088855914
73183,"The Haunted World of Edward D. Wood, Jr.",1.0,10.0,6.363926088855914
78373,"Dancer, Texas Pop. 81",1.0,10.0,6.363926088855914
42173,Chilly Scenes of Winter,1.0,10.0,6.363926088855914
242088,The Trip to Italy,100.0,6.4,6.363912931307926
16514,To Hell and Back,15.0,6.6,6.363880758301971
4556,Nightwatching,15.0,6.6,6.363880758301971
41841,Tall Tale,15.0,6.6,6.363880758301971
10541,Shall We Kiss?,15.0,6.6,6.363880758301971
91010,Game Change,98.0,6.4,6.363879792743044
9050,A Chinese Ghost Story II,26.0,6.5,6.3638794817563165
32044,California Split,26.0,6.5,6.3638794817563165
8219,Labyrinth of Passion,26.0,6.5,6.3638794817563165
23223,Normal Life,8.0,6.8,6.363855453724809
96196,The Governess,8.0,6.8,6.363855453724809
10210,A Midsummer Night's Dream,95.0,6.4,6.363829970622182
110643,Mass Appeal,3.0,7.5,6.363816699683004
18721,The Far Country,25.0,6.5,6.363814814890954
24134,Darling,25.0,6.5,6.363814814890954
44190,They Live by Night,25.0,6.5,6.363814814890954
17339,Force 10 from Navarone,94.0,6.4,6.363813332691512
28609,Dragon Ball Z: Dead Zone,93.0,6.4,6.363796679447163
10631,All of Me,93.0,6.4,6.363796679447163
39113,Bikini Beach,10.0,6.7,6.36379434656557
2438,The Country Girl,10.0,6.7,6.36379434656557
80717,Violeta Went to Heaven,10.0,6.7,6.36379434656557
41034,Serial,4.0,7.2,6.363786076731551
9058,Only You,92.0,6.4,6.363780010867982
18317,Truly Madly Deeply,14.0,6.6,6.363767995704154
17435,El Norte,14.0,6.6,6.363767995704154
57977,Luna de Avellaneda,14.0,6.6,6.363767995704154
55936,Prisoner of the Mountains,14.0,6.6,6.363767995704154
9873,F/X,91.0,6.4,6.363763326932777
13465,The Adventures of Ichabod and Mr. Toad,91.0,6.4,6.363763326932777
221917,The Run of the Country,2.0,8.0,6.3637512882656715
30055,Gigantic (A Tale Of Two Johns),2.0,8.0,6.3637512882656715
113279,Regret to Inform,2.0,8.0,6.3637512882656715
125021,The Designated Mourner,2.0,8.0,6.3637512882656715
16885,The General (1998),24.0,6.5,6.363750086553727
21868,Evelyn,24.0,6.5,6.363750086553727
37291,Trust,24.0,6.5,6.363750086553727
29437,Rabid,90.0,6.4,6.36374662762032
1999,In the Bedroom,90.0,6.4,6.36374662762032
39101,Dragon Ball Z: The Tree of Might,89.0,6.4,6.36372991290934
11223,Coma,88.0,6.4,6.36371318277853
2107,L.A. Story,88.0,6.4,6.36371318277853
88276,Zorns Lemma,5.0,7.0,6.363707520374452
63956,Two Family House,5.0,7.0,6.363707520374452
47906,The Seduction of Joe Tynan,5.0,7.0,6.363707520374452
72987,A Soldier's Daughter Never Cries,5.0,7.0,6.363707520374452
110465,Kim,5.0,7.0,6.363707520374452
49935,Thieves,5.0,7.0,6.363707520374452
21610,Nighthawks,87.0,6.4,6.363696437206541
35395,Bunny and the Bull,23.0,6.5,6.36368529665694
3469,Far from the Madding Crowd (1967),23.0,6.5,6.36368529665694
40894,Lover Come Back,23.0,6.5,6.36368529665694
46992,Hilary and Jackie,23.0,6.5,6.36368529665694
23928,Captain Horatio Hornblower R.N.,23.0,6.5,6.36368529665694
41394,"The Looney, Looney, Looney Bugs Bunny Movie",13.0,6.6,6.36365512535164
18649,My Favorite Brunette,13.0,6.6,6.36365512535164
23114,Little Lord Fauntleroy,13.0,6.6,6.36365512535164
37650,Nothing Sacred,13.0,6.6,6.36365512535164
42658,Helen of Troy,7.0,6.8,6.363646467143302
81294,Rudolph the Red-Nosed Reindeer,7.0,6.8,6.363646467143302
4154,Three Seasons,7.0,6.8,6.363646467143302
57745,Orphans,7.0,6.8,6.363646467143302
12185,Heaven Can Wait (1978),84.0,6.4,6.3636461076294335
9526,A Prairie Home Companion,84.0,6.4,6.3636461076294335
79896,The Revenant (2009),84.0,6.4,6.3636461076294335
19156,Legendary Weapons of China,9.0,6.7,6.36363340175912
16149,The Great Rock 'n' Roll Swindle,9.0,6.7,6.36363340175912
10464,"Corrina, Corrina",83.0,6.4,6.363629300078464
842,The Assassination of Richard Nixon,83.0,6.4,6.363629300078464
14905,Welcome to Sarajevo,22.0,6.5,6.363620445112735
42179,Wise Blood,22.0,6.5,6.363620445112735
37722,Waking the Dead,22.0,6.5,6.363620445112735
24159,12:08 East of Bucharest,22.0,6.5,6.363620445112735
22553,At the Circus,22.0,6.5,6.363620445112735
11340,Banana Joe,82.0,6.4,6.363612476978984
18086,Fright Night Part 2,81.0,6.4,6.363595638309408
14022,Slacker,79.0,6.4,6.363561914173424
6,Judgment Night,79.0,6.4,6.363561914173424
163549,Sunday in the Country,2.0,7.8,6.363559160692963
38557,The River,21.0,6.5,6.363555531833082
30157,Amateur,21.0,6.5,6.363555531833082
18683,Shirley Valentine,21.0,6.5,6.363555531833082
42597,The Owl and the Pussycat,12.0,6.6,6.363542147089899
26983,Odds Against Tomorrow,12.0,6.6,6.363542147089899
22682,How to Succeed in Business Without Really Trying,12.0,6.6,6.363542147089899
16239,Will Ferrell: You're Welcome America - A Final Night with George W. Bush,12.0,6.6,6.363542147089899
16800,Roman Polanski: Wanted and Desired,12.0,6.6,6.363542147089899
75046,Battle Hymn,3.0,7.3,6.363528646681252
124626,Nico Icon,3.0,7.3,6.363528646681252
105024,Stone Reader,3.0,7.3,6.363528646681252
43869,Wee Willie Winkie,3.0,7.3,6.363528646681252
156235,In Praise Of Older Women,3.0,7.3,6.363528646681252
113096,The Brandon Teena Story,3.0,7.3,6.363528646681252
11372,The Eagle Has Landed,77.0,6.4,6.363528127497029
120143,The Four,20.0,6.5,6.363490556729786
25221,For the Boys,20.0,6.5,6.363490556729786
42135,Querelle,20.0,6.5,6.363490556729786
39391,Gypsy (1962),20.0,6.5,6.363490556729786
26,Walk on Water,20.0,6.5,6.363490556729786
11354,The Upside of Anger,74.0,6.4,6.363477329838071
18898,Looking for Eric,74.0,6.4,6.363477329838071
43336,Executive Suite,8.0,6.7,6.363472302787287
109264,This Is Elvis,5.0,6.9,6.363467706470042
54663,Starting Over,5.0,6.9,6.363467706470042
11671,Elegy,73.0,6.4,6.363460365825826
8208,The Man Who Knew Too Much (1934),73.0,6.4,6.363460365825826
126148,Lightning in a Bottle,1.0,9.0,6.363445539107001
198342,Family Band: The Cowsills Story,1.0,9.0,6.363445539107001
12920,Dreamer: Inspired By a True Story,72.0,6.4,6.363443386047405
19382,Biloxi Blues,72.0,6.4,6.363443386047405
26195,The Secret Lives of Dentists,6.0,6.8,6.363437280186349
40841,Roadside Prophets,6.0,6.8,6.363437280186349
65749,Tango,6.0,6.8,6.363437280186349
93946,Hollow Reed,6.0,6.8,6.363437280186349
61418,The Waterdance,6.0,6.8,6.363437280186349
20651,Parineeta,11.0,6.6,6.363429060764109
64382,The Reluctant Debutante,11.0,6.6,6.363429060764109
4985,The Longest Yard (1974),71.0,6.4,6.363426390480817
13938,The Last Dragon,71.0,6.4,6.363426390480817
10427,Red Rock West,71.0,6.4,6.363426390480817
17447,Jeffrey,19.0,6.5,6.3634255197144824
39130,Dinner at Eight,19.0,6.5,6.3634255197144824
82311,Wild River,19.0,6.5,6.3634255197144824
38688,Pandora and the Flying Dutchman,19.0,6.5,6.3634255197144824
55306,Ulee's Gold,19.0,6.5,6.3634255197144824
18644,King Creole,19.0,6.5,6.3634255197144824
5121,The Sugarland Express,70.0,6.4,6.363409379104032
66473,A Damsel in Distress,4.0,7.0,6.363402190361916
373355,The Lovers and the Despot,4.0,7.0,6.363402190361916
10168,The Freshman (1990),69.0,6.4,6.363392351894978
28789,Never Give a Sucker an Even Break,3.0,7.2,6.363384620180375
8216,Meet the Feebles,68.0,6.4,6.363375308831543
8284,The Limits of Control,68.0,6.4,6.363375308831543
31152,On Dangerous Ground,18.0,6.5,6.363360420698641
37672,"Same Time, Next Year",18.0,6.5,6.363360420698641
21142,Billy Jack,18.0,6.5,6.363360420698641
1882,The Men,18.0,6.5,6.363360420698641
11598,The Kentucky Fried Movie,67.0,6.4,6.363358249891574
25330,Dutch,66.0,6.4,6.363341175052874
8942,Wendy and Lucy,65.0,6.4,6.363324084293207
26879,How to Stuff a Wild Bikini,10.0,6.6,6.363315866219151
18408,Cherish,10.0,6.6,6.363315866219151
212849,The Dog,10.0,6.6,6.363315866219151
91217,Men Don't Leave,10.0,6.6,6.363315866219151
41768,Passion Fish,7.0,6.7,6.363311049428455
14770,Festival Express,7.0,6.7,6.363311049428455
34714,Diamond Men,7.0,6.7,6.363311049428455
37532,Slam,7.0,6.7,6.363311049428455
24548,Just One of the Guys,64.0,6.4,6.3633069775902955
16550,Storytelling,64.0,6.4,6.3633069775902955
1550,Pieces of April,64.0,6.4,6.3633069775902955
10553,Remo Williams: The Adventure Begins...,64.0,6.4,6.3633069775902955
14201,The U.S. vs. John Lennon,17.0,6.5,6.36329525959356
37557,Shanghai Triad,17.0,6.5,6.36329525959356
22167,Knightriders,17.0,6.5,6.36329525959356
29589,Green for Danger,17.0,6.5,6.36329525959356
8289,Gorky Park,62.0,6.4,6.363272716265419
183386,Terminal USA,2.0,7.5,6.363270969333901
137236,Backstage,2.0,7.5,6.363270969333901
173480,The Other Shore,2.0,7.5,6.363270969333901
26056,Snipes,2.0,7.5,6.363270969333901
71754,Margaret's Museum,2.0,7.5,6.363270969333901
276635,Experience Preferred...But Not Essential,2.0,7.5,6.363270969333901
15658,Flowers in the Attic,60.0,6.4,6.363238390899186
51359,The Haunted House,16.0,6.5,6.363230036310367
44321,Our Lady of the Assassins,16.0,6.5,6.363230036310367
3539,Off Beat,16.0,6.5,6.363230036310367
60437,Lilith,16.0,6.5,6.363230036310367
108176,Daniel Tosh: Completely Serious,16.0,6.5,6.363230036310367
23618,The Original Kings of Comedy,16.0,6.5,6.363230036310367
13259,American Teen,16.0,6.5,6.363230036310367
76397,Zoot Suit,4.0,6.9,6.363210247177099
15698,Running Scared (1986),58.0,6.4,6.36320400131187
9256,Kops,58.0,6.4,6.36320400131187
23761,Alice Sweet Alice,58.0,6.4,6.36320400131187
20565,42 Up,9.0,6.6,6.363202563299607
57211,Magic Trip,9.0,6.6,6.363202563299607
29044,Street Fight,9.0,6.6,6.363202563299607
74719,"That's Entertainment, Part II",9.0,6.6,6.363202563299607
43463,Railroaded!,9.0,6.6,6.363202563299607
63020,The Perez Family,9.0,6.6,6.363202563299607
27597,Stowaway,9.0,6.6,6.363202563299607
26336,Crazy Love,9.0,6.6,6.363202563299607
19348,Girlfight,57.0,6.4,6.363186782378958
42618,Sweet Charity,15.0,6.5,6.363164750760025
58985,Grace of My Heart,15.0,6.5,6.363164750760025
13571,True Colors,15.0,6.5,6.363164750760025
67595,The Positively True Adventures of the Alleged Texas Cheerleader Murdering Mom,6.0,6.7,6.363149641460589
55047,Born Rich,6.0,6.7,6.363149641460589
18282,One Crazy Summer,54.0,6.4,6.363135028751711
31005,Moonlight Mile,54.0,6.4,6.363135028751711
17897,The Golden Voyage of Sinbad,54.0,6.4,6.363135028751711
9523,Lantana,53.0,6.4,6.363117745190798
13346,Lucas,53.0,6.4,6.363117745190798
16857,The Dangerous Lives of Altar Boys,53.0,6.4,6.363117745190798
31965,Witchfinder General,52.0,6.4,6.363100445416034
15670,Madea Goes to Jail,52.0,6.4,6.363100445416034
38087,Mystery Team,52.0,6.4,6.363100445416034
43390,Summer Stock,14.0,6.5,6.363099402853321
31498,The Mummy's Hand,14.0,6.5,6.363099402853321
55903,Betty Fisher and Other Stories,3.0,7.0,6.363096567178624
33377,Bush's Brain,3.0,7.0,6.363096567178624
26895,Hush!,3.0,7.0,6.363096567178624
174787,Guerrilla: The Taking of Patty Hearst,3.0,7.0,6.363096567178624
5900,The Dress,3.0,7.0,6.363096567178624
43268,Poor Little Rich Girl,3.0,7.0,6.363096567178624
47585,The Five Senses,8.0,6.6,6.363089151849764
60850,Fashion Victims,8.0,6.6,6.363089151849764
48750,Les Miserables,8.0,6.6,6.363089151849764
49963,Walking and Talking,8.0,6.6,6.363089151849764
24016,The Sheltering Sky,51.0,6.4,6.3630831294045915
303623,Hello Ladies: The Movie,51.0,6.4,6.3630831294045915
31642,Heaven & Earth,51.0,6.4,6.3630831294045915
69716,The Earthling,2.0,7.3,6.363078841761192
33521,Dracula (1979),49.0,6.4,6.363048448580151
12310,The Four Musketeers,49.0,6.4,6.363048448580151
16295,Higher Learning,49.0,6.4,6.363048448580151
35119,A Cry in the Dark,49.0,6.4,6.363048448580151
10863,Eye of the Needle,49.0,6.4,6.363048448580151
33196,Tidal Wave,49.0,6.4,6.363048448580151
44516,"Same Love, Same Rain",13.0,6.5,6.363033992500879
48745,Mindwalk,13.0,6.5,6.363033992500879
31306,Crazy in Alabama,13.0,6.5,6.363033992500879
30278,Comfort and Joy,13.0,6.5,6.363033992500879
14864,The Hot Spot,48.0,6.4,6.363031083721288
295592,Monkey Kingdom,48.0,6.4,6.363031083721288
27088,The Last American Virgin,48.0,6.4,6.363031083721288
66487,Streamers,4.0,6.8,6.363018303992281
63076,Heidi Fleiss: Hollywood Madam,4.0,6.8,6.363018303992281
47507,Café au Lait,4.0,6.8,6.363018303992281
50085,Ruby Gentry,4.0,6.8,6.363018303992281
97989,Neighboring Sounds,47.0,6.4,6.363013702534011
34996,The Addiction,46.0,6.4,6.362996304995279
32569,X: The Man with the X-Ray Eyes,46.0,6.4,6.362996304995279
41569,The Nomi Song,5.0,6.7,6.362988078661221
24190,Time of the Wolf,45.0,6.4,6.362978891082008
12623,Suspect,45.0,6.4,6.362978891082008
130750,The World Before Her,7.0,6.6,6.362975631713608
401387,Sunspring,7.0,6.6,6.362975631713608
54028,The Clock,7.0,6.6,6.362975631713608
36536,Sesame Street Presents Follow That Bird,12.0,6.5,6.362968519613143
33560,Totally Fucked Up,12.0,6.5,6.362968519613143
2152,Dixie Chicks: Shut Up and Sing,12.0,6.5,6.362968519613143
41951,Chocolat (1988),12.0,6.5,6.362968519613143
137221,The Day That Lasted 21 Years,1.0,8.0,6.362964989358089
164753,Pumping Iron II: The Women,1.0,8.0,6.362964989358089
124306,My Life and Times With Antonin Artaud,1.0,8.0,6.362964989358089
223195,The Making of a Legend: Gone with the Wind,1.0,8.0,6.362964989358089
82865,"God Said, 'Ha!'",1.0,8.0,6.362964989358089
149362,The War at Home,1.0,8.0,6.362964989358089
149687,The Perils of Pauline,1.0,8.0,6.362964989358089
124460,Country Life,1.0,8.0,6.362964989358089
18118,Mackenna's Gold,44.0,6.4,6.36296146077107
12723,Inventing the Abbotts,43.0,6.4,6.362944014039291
18801,Haunted,43.0,6.4,6.362944014039291
29912,The Robe,43.0,6.4,6.362944014039291
30462,The Comancheros,43.0,6.4,6.362944014039291
16220,Wizards,42.0,6.4,6.362926550863458
46991,An Affair of Love,11.0,6.5,6.3629029841003915
29021,Road to Utopia,11.0,6.5,6.3629029841003915
35944,Lucky Break,11.0,6.5,6.3629029841003915
68569,Invincible,11.0,6.5,6.3629029841003915
42489,Sounder,11.0,6.5,6.3629029841003915
18904,A Summer Place,11.0,6.5,6.3629029841003915
30941,The Anderson Tapes,40.0,6.4,6.362891575086542
10338,Those Magnificent Men in Their Flying Machines or How I Flew from London to Paris in 25 hours 11 minutes,40.0,6.4,6.362891575086542
32081,The Pope of Greenwich Village,40.0,6.4,6.362891575086542
10941,Babylon 5: Thirdspace,39.0,6.4,6.362874062438809
38716,Rebecca of Sunnybrook Farm,6.0,6.6,6.362862002734828
22958,The Shape of Things,38.0,6.4,6.362856533253719
20605,The City of Violence,38.0,6.4,6.362856533253719
36136,Another Day in Paradise,38.0,6.4,6.362856533253719
19953,The Incredible Mr. Limpet,38.0,6.4,6.362856533253719
1682,Mothra vs. Godzilla,38.0,6.4,6.362856533253719
19596,Electric Dreams,37.0,6.4,6.362838987507836
2006,"Bell, Book and Candle",37.0,6.4,6.362838987507836
170750,Getting Go: The Go Doc Project,10.0,6.5,6.362837385872731
45695,A Wedding,10.0,6.5,6.362837385872731
18292,George Washington,36.0,6.4,6.362821425177681
48787,Mute Witness,36.0,6.4,6.362821425177681
18776,The Spirit of St. Louis,36.0,6.4,6.362821425177681
2307,A Pyromaniac's Love Story,2.0,7.0,6.36279065040213
159185,"Red Firecracker, Green Firecracker",2.0,7.0,6.36279065040213
202475,The Same River Twice,2.0,7.0,6.36279065040213
89333,Catwalk,2.0,7.0,6.36279065040213
110972,Pie in the Sky,2.0,7.0,6.36279065040213
48144,The Day the Sun Turned Cold,2.0,7.0,6.36279065040213
124645,Two Deaths,2.0,7.0,6.36279065040213
42039,All Tomorrow's Parties,2.0,7.0,6.36279065040213
26857,The Tingler,34.0,6.4,6.36278625067041
16358,Eulogy,34.0,6.4,6.36278625067041
86,The Elementary Particles,34.0,6.4,6.36278625067041
20663,Dead Reckoning,34.0,6.4,6.36278625067041
11315,Dead or Alive,34.0,6.4,6.36278625067041
34024,King of the Hill,33.0,6.4,6.362768638446113
3107,Destroy All Monsters,33.0,6.4,6.362768638446113
10434,"Faraway, So Close!",33.0,6.4,6.362768638446113
13369,Empire,33.0,6.4,6.362768638446113
40156,Priest (1994),32.0,6.4,6.362751009543178
28059,SubUrbia,32.0,6.4,6.362751009543178
28816,Chicago 10,5.0,6.6,6.362748264756811
52249,The Red Chapel,5.0,6.6,6.362748264756811
42451,The Apprenticeship of Duddy Kravitz,5.0,6.6,6.362748264756811
106833,April Love,5.0,6.6,6.362748264756811
47449,Denise Calls Up,5.0,6.6,6.362748264756811
47504,Little Odessa,31.0,6.4,6.3627333639379025
18978,Camelot,31.0,6.4,6.3627333639379025
4973,Under the Sand,31.0,6.4,6.3627333639379025
40962,Ironweed,30.0,6.4,6.362715701606538
67217,Signs of Life,8.0,6.5,6.362706000912241
14776,How to Get Ahead in Advertising,29.0,6.4,6.362698022525291
70588,The Myth of the American Sleepover,29.0,6.4,6.362698022525291
20723,That Darn Cat!,28.0,6.4,6.362680326670326
29185,An Innocent Man,28.0,6.4,6.362680326670326
16347,Auntie Mame,28.0,6.4,6.362680326670326
28313,Losing Isaiah,28.0,6.4,6.362680326670326
52059,The Gate of Heavenly Peace,3.0,6.7,6.362664487675995
121555,Stephen Tobolowsky's Birthday Party,3.0,6.7,6.362664487675995
25774,Fados,3.0,6.7,6.362664487675995
32767,Romero,3.0,6.7,6.362664487675995
45938,Sunday Bloody Sunday,27.0,6.4,6.362662614017758
20277,The Ugly Dachshund,27.0,6.4,6.362662614017758
26475,The Anniversary Party,27.0,6.4,6.362662614017758
35144,The Journey of Natty Gann,27.0,6.4,6.362662614017758
22490,The Women (1939),26.0,6.4,6.3626448845436565
14269,Polyester,26.0,6.4,6.3626448845436565
15242,"Snoopy, Come Home",26.0,6.4,6.3626448845436565
3074,The Ghost of Frankenstein,26.0,6.4,6.3626448845436565
45608,The World of Suzie Wong,7.0,6.5,6.362640213998761
78056,U2: From the Sky Down,7.0,6.5,6.362640213998761
79519,Shades of Ray,7.0,6.5,6.362640213998761
81530,Blackrock,4.0,6.6,6.362634417622647
95963,The Walking Dead,4.0,6.6,6.362634417622647
33839,Cheaper by the Dozen (1950),25.0,6.4,6.36262713822405
39871,The Major and the Minor,25.0,6.4,6.36262713822405
26661,Abbott and Costello Meet the Mummy,25.0,6.4,6.36262713822405
25520,The House of Mirth,25.0,6.4,6.36262713822405
18212,Better Than Chocolate,25.0,6.4,6.36262713822405
17734,Thirteen Conversations About One Thing,25.0,6.4,6.36262713822405
15673,Connie and Carla,24.0,6.4,6.362609375034918
27104,Steam: The Turkish Bath,24.0,6.4,6.362609375034918
2202,Lassie Come Home,24.0,6.4,6.362609375034918
43795,Penny Serenade,23.0,6.4,6.3625915949521925
21299,Benji the Hunted,23.0,6.4,6.3625915949521925
11399,Look at Me,23.0,6.4,6.3625915949521925
31835,Twentieth Century,23.0,6.4,6.3625915949521925
20945,The Seventh Victim,23.0,6.4,6.3625915949521925
25927,Staten Island,23.0,6.4,6.3625915949521925
18701,Being Julia,23.0,6.4,6.3625915949521925
30365,An Unreasonable Man,6.0,6.5,6.362574364009068
51145,Spring Forward,6.0,6.5,6.362574364009068
15173,Jonah: A VeggieTales Movie,22.0,6.4,6.362573797951766
16375,Schizopolis,22.0,6.4,6.362573797951766
18398,Suddenly,22.0,6.4,6.362573797951766
21828,Flirting,22.0,6.4,6.362573797951766
28519,The Winslow Boy,22.0,6.4,6.362573797951766
41791,Mississippi Masala,21.0,6.4,6.362555984009479
1873,Beyond Rangoon,21.0,6.4,6.362555984009479
31623,Battleground,21.0,6.4,6.362555984009479
32221,Rambling Rose,21.0,6.4,6.362555984009479
22256,Without Limits,20.0,6.4,6.362538153101128
55624,Fata Morgana,20.0,6.4,6.362538153101128
23159,The Talk of the Town,20.0,6.4,6.362538153101128
18484,Wassup Rockers,20.0,6.4,6.362538153101128
21719,The Minus Man,19.0,6.4,6.362520305202465
14633,Ten,19.0,6.4,6.362520305202465
47260,Caught,5.0,6.5,6.362508450852401
35555,Unknown White Male,5.0,6.5,6.362508450852401
17198,The Mating Habits of the Earthbound Human,18.0,6.4,6.362502440289194
17990,Impromptu,18.0,6.4,6.362502440289194
21879,The Hollywood Knights,18.0,6.4,6.362502440289194
31556,He Walked by Night,17.0,6.4,6.3624845583369725
55479,Piñero,1.0,7.0,6.362484439609176
62695,Storefront Hitchcock,1.0,7.0,6.362484439609176
125537,Smiling Fish & Goat On Fire,1.0,7.0,6.362484439609176
83500,Two Ninas,1.0,7.0,6.362484439609176
159550,The Last Brickmaker in America,1.0,7.0,6.362484439609176
15665,The Eyes of Tammy Faye,1.0,7.0,6.362484439609176
28448,Walker,16.0,6.4,6.362466659321412
31671,Breakout,16.0,6.4,6.362466659321412
47018,Carrington,16.0,6.4,6.362466659321412
37305,Pork Chop Hill,16.0,6.4,6.362466659321412
35068,Murphy's War,15.0,6.4,6.362448743218079
15938,Room Service,15.0,6.4,6.362448743218079
1411,The Rapture,15.0,6.4,6.362448743218079
24587,American Pimp,15.0,6.4,6.362448743218079
26174,T-Men,15.0,6.4,6.362448743218079
25770,The Paleface (1922),15.0,6.4,6.362448743218079
47620,Poison,15.0,6.4,6.362448743218079
14594,The Thin Man Goes Home,15.0,6.4,6.362448743218079
285597,Nixon by Nixon: In His Own Words,4.0,6.5,6.362442474437829
131313,Jane Eyre (1971),4.0,6.5,6.362442474437829
22994,The Fighting Seabees,14.0,6.4,6.36243081000249
32328,Gay Purr-ee,14.0,6.4,6.36243081000249
26558,Combat Shock,14.0,6.4,6.36243081000249
41758,Empire Falls,14.0,6.4,6.36243081000249
9483,Schultze Gets the Blues,14.0,6.4,6.36243081000249
51763,The Long Walk Home,14.0,6.4,6.36243081000249
20067,Things You Can Tell Just by Looking at Her,14.0,6.4,6.36243081000249
25641,My First Mister,14.0,6.4,6.36243081000249
69746,The String,14.0,6.4,6.36243081000249
22871,Destination Tokyo,14.0,6.4,6.36243081000249
52770,Things Change,13.0,6.4,6.362412859650118
62719,Kummeli Stories,13.0,6.4,6.362412859650118
41465,Life with Father,13.0,6.4,6.362412859650118
26763,Burma VJ: Reporting from a Closed Country,13.0,6.4,6.362412859650118
18205,Midaq Alley,12.0,6.4,6.362394892136387
46702,Why Do Fools Fall In Love,12.0,6.4,6.362394892136387
116690,The Ballad of Narayama,12.0,6.4,6.362394892136387
58257,Savage Messiah,11.0,6.4,6.362376907436674
12482,Love Is Colder Than Death,11.0,6.4,6.362376907436674
63435,Fingers,11.0,6.4,6.362376907436674
43232,Les Girls,11.0,6.4,6.362376907436674
42758,Small Faces,10.0,6.4,6.362358905526311
29492,Reform School Girls,10.0,6.4,6.362358905526311
65550,The Rose Tattoo,10.0,6.4,6.362358905526311
37437,My Side of the Mountain,10.0,6.4,6.362358905526311
42590,The Clowns,10.0,6.4,6.362358905526311
33199,No Regret,9.0,6.4,6.362340886380581
39541,Stolen Summer,9.0,6.4,6.362340886380581
52856,Unstrung Heroes,9.0,6.4,6.362340886380581
18451,The Whole Wide World,9.0,6.4,6.362340886380581
43337,Inauguration of the Pleasure Dome,9.0,6.4,6.362340886380581
54933,A Map of the World,8.0,6.4,6.362322849974719
29173,The Raiders of Atlantis,8.0,6.4,6.362322849974719
32484,Dimples,8.0,6.4,6.362322849974719
21589,Hard Core Logo,8.0,6.4,6.362322849974719
32027,Carny,8.0,6.4,6.362322849974719
99040,The Confessional,2.0,6.5,6.3623103314703595
12655,I Went Down,2.0,6.5,6.3623103314703595
67323,The Adventures of Sebastian Cole,2.0,6.5,6.3623103314703595
161495,Roommates,7.0,6.4,6.362304796283913
22319,Trouble the Water,7.0,6.4,6.362304796283913
57406,Leonard Cohen: I'm Your Man,7.0,6.4,6.362304796283913
15272,Up the Yangtze,7.0,6.4,6.362304796283913
42015,Swimming to Cambodia,6.0,6.4,6.362286725283307
43037,Kidnapped,6.0,6.4,6.362286725283307
28030,Genghis Blues,6.0,6.4,6.362286725283307
34838,The Tango Lesson,5.0,6.4,6.362268636947991
37342,Maniac (1963),5.0,6.4,6.362268636947991
47302,Stardom,5.0,6.4,6.362268636947991
125582,Down in the Delta,5.0,6.4,6.362268636947991
52470,My Man Godfrey (1957),4.0,6.4,6.362250531253013
74239,Message to Love: The Isle of Wight Festival,4.0,6.4,6.362250531253013
294086,Tiger Orange,4.0,6.4,6.362250531253013
52873,My Favorite Season,4.0,6.4,6.362250531253013
167966,Voices from the List,4.0,6.4,6.362250531253013
259389,Dancing in September,1.0,6.5,6.36224416473472
171982,Romance,0.0,0.0,6.362177934375689
51955,Hav Plenty,0.0,0.0,6.362177934375689
125705,Hamlet (2000),0.0,0.0,6.362177934375689
79306,Snowriders,0.0,0.0,6.362177934375689
124676,The Bloody Child,0.0,0.0,6.362177934375689
279414,Once My Mother,0.0,0.0,6.362177934375689
258476,"A Fragile Trust: Plagiarism, Power, and Jayson Blair at the New York Times",0.0,0.0,6.362177934375689
95627,Frogs for Snakes,0.0,0.0,6.362177934375689
276165,The Adventures of Mary-Kate & Ashley: The Case of the United States Navy Adventure,0.0,0.0,6.362177934375689
123757,All the Vermeers in New York,0.0,0.0,6.362177934375689
297645,The Story of Xinghua,0.0,0.0,6.362177934375689
221861,Aspen,0.0,0.0,6.362177934375689
124642,To Have (Or Not),0.0,0.0,6.362177934375689
60033,"This World, Then the Fireworks",0.0,0.0,6.362177934375689
145594,Descongelate!,0.0,0.0,6.362177934375689
326649,Life Is Sacred,0.0,0.0,6.362177934375689
188588,Last Summer in the Hamptons,0.0,0.0,6.362177934375689
102016,Swimming Upstream,0.0,0.0,6.362177934375689
90272,The Fern Flower,0.0,0.0,6.362177934375689
334130,Open Secret,0.0,0.0,6.362177934375689
55146,Hearts and Minds (1995),0.0,0.0,6.362177934375689
134901,Life After Tomorrow,0.0,0.0,6.362177934375689
210937,Pursuit of Happiness,0.0,0.0,6.362177934375689
262176,The Great Gatsby (1926),0.0,0.0,6.362177934375689
251481,Wonderland (1997),0.0,0.0,6.362177934375689
77120,A League of Ordinary Gentlemen,0.0,0.0,6.362177934375689
85778,Maya Lin: A Strong Clear Vision,0.0,0.0,6.362177934375689
80198,Swedish Auto,0.0,0.0,6.362177934375689
92323,Willie and Phil,0.0,0.0,6.362177934375689
49929,When Brendan Met Trudy,0.0,0.0,6.362177934375689
132641,Wife,0.0,0.0,6.362177934375689
287821,Catfish in Black Bean Sauce,0.0,0.0,6.362177934375689
241340,The Forsyte Saga,0.0,0.0,6.362177934375689
128857,Apollo 13: To the Edge and Back,0.0,0.0,6.362177934375689
410921,Nothing to Lose (1994),0.0,0.0,6.362177934375689
47925,The Story on Page One,0.0,0.0,6.362177934375689
53185,Wide Eyed and Legless,0.0,0.0,6.362177934375689
206822,No Nukes,0.0,0.0,6.362177934375689
259209,Feast of July,0.0,0.0,6.362177934375689
416437,Dear Jesse,0.0,0.0,6.362177934375689
218624,Choices,0.0,0.0,6.362177934375689
320011,Men with Guns,0.0,0.0,6.362177934375689
59533,The Secret Policeman's Other Ball,0.0,0.0,6.362177934375689
161687,The Ballad of Ramblin' Jack,0.0,0.0,6.362177934375689
54795,Keep the Aspidistra Flying,3.0,6.3,6.36208838167249
125520,Miss Julie,3.0,6.3,6.36208838167249
60608,How I Killed My Father,3.0,6.3,6.36208838167249
185444,Evocateur: The Morton Downey Jr. Movie,4.0,6.3,6.362058588068195
65889,Roseanna's Grave,4.0,6.3,6.362058588068195
12632,Kaspar Hauser,4.0,6.3,6.362058588068195
76229,Phone Call from a Stranger,4.0,6.3,6.362058588068195
119764,A Song to Remember,4.0,6.3,6.362058588068195
53516,"Billy Blazes, Esq.",5.0,6.3,6.36202882304358
29682,So Dear to My Heart,5.0,6.3,6.36202882304358
41776,This Is My Life,5.0,6.3,6.36202882304358
41756,30 YEARS TO LIFE,1.0,6.0,6.362003889860263
168535,The Substance of Fire,1.0,6.0,6.362003889860263
85242,Underworld (1996),1.0,6.0,6.362003889860263
42158,The Competition,1.0,6.0,6.362003889860263
122190,Endurance,1.0,6.0,6.362003889860263
29063,The Biggest Fan,1.0,6.0,6.362003889860263
104659,A Small Circle of Friends,1.0,6.0,6.362003889860263
215373,Love Walked In,1.0,6.0,6.362003889860263
94857,Brother Can You Spare A Dime,1.0,6.0,6.362003889860263
42657,The Mark of Zorro (1920),6.0,6.3,6.361999086557547
42087,Country,6.0,6.3,6.361999086557547
34456,I'm No Angel,6.0,6.3,6.361999086557547
40866,The Devil and Max Devlin,6.0,6.3,6.361999086557547
62128,Raiders of the Lost Ark - The Adaptation,6.0,6.3,6.361999086557547
41204,On Moonlight Bay,6.0,6.3,6.361999086557547
91076,Illuminata,7.0,6.3,6.361969378569067
45671,Rough Magic,7.0,6.3,6.361969378569067
53617,Pajama Party,7.0,6.3,6.361969378569067
32686,Gray's Anatomy,7.0,6.3,6.361969378569067
14268,Startup.com,7.0,6.3,6.361969378569067
54714,The Trials of Henry Kissinger,7.0,6.3,6.361969378569067
22288,Honeysuckle Rose,3.0,6.2,6.361944355171614
68426,Get Bruce!,3.0,6.2,6.361944355171614
5816,Waiter,8.0,6.3,6.361939699037197
32444,Dorian Blues,8.0,6.3,6.361939699037197
28433,No Way Out (1950),8.0,6.3,6.361939699037197
35404,The File on Thelma Jordon,8.0,6.3,6.361939699037197
42346,The Last Days of Emma Blank,8.0,6.3,6.361939699037197
14651,My Wife Is an Actress,9.0,6.3,6.361910047921068
25738,He Ran All The Way,10.0,6.3,6.3618804251798915
31955,Mrs. Soffel,10.0,6.3,6.3618804251798915
29887,Bright Eyes,10.0,6.3,6.3618804251798915
41480,Sherman's March,10.0,6.3,6.3618804251798915
62976,What Women Want (2011),10.0,6.3,6.3618804251798915
29877,Curly Top,11.0,6.3,6.361850830772957
41326,American Dream,2.0,6.0,6.361830012538589
140897,Outside Ozona,2.0,6.0,6.361830012538589
161158,"Paris, France",2.0,6.0,6.361830012538589
141489,Hamlet from the Lunt-Fontanne Theatre,2.0,6.0,6.361830012538589
108346,Dreaming of Joseph Lees,2.0,6.0,6.361830012538589
174325,Moms Mabley: I Got Somethin' to Tell You,2.0,6.0,6.361830012538589
54752,Firstborn,12.0,6.3,6.361821264659631
40867,The Pajama Game,12.0,6.3,6.361821264659631
42459,Bang the Drum Slowly,13.0,6.3,6.361791726799357
49320,Ambush,13.0,6.3,6.361791726799357
42713,Up the Down Staircase,5.0,6.2,6.36178900913917
148033,Dottie Gets Spanked,5.0,6.2,6.36178900913917
76330,Wild Man Blues,5.0,6.2,6.36178900913917
36791,In This World,14.0,6.3,6.361762217151657
11332,8 ½ Women,14.0,6.3,6.361762217151657
16112,The Adventures of Elmo in Grouchland,14.0,6.3,6.361762217151657
37691,Bread and Roses,14.0,6.3,6.361762217151657
50541,Ice Castles,15.0,6.3,6.361732735676133
50627,The King of Marvin Gardens,15.0,6.3,6.361732735676133
55309,Vincent & Theo,15.0,6.3,6.361732735676133
24736,A Far Off Place,15.0,6.3,6.361732735676133
44916,Spencer's Mountain,15.0,6.3,6.361732735676133
23305,The Warrior,15.0,6.3,6.361732735676133
47724,Up at the Villa,6.0,6.2,6.361711447831786
5652,The James Dean Story,6.0,6.2,6.361711447831786
39406,My Chauffeur,6.0,6.2,6.361711447831786
14441,Clean and Sober,16.0,6.3,6.361703282332457
24621,Chasing Papi,16.0,6.3,6.361703282332457
25113,The Four Seasons,16.0,6.3,6.361703282332457
43236,Peyton Place,16.0,6.3,6.361703282332457
19513,Series 7: The Contenders,16.0,6.3,6.361703282332457
46732,The Grass Harp,4.0,6.1,6.36167470169856
17995,DysFunktional Family,4.0,6.1,6.36167470169856
26765,Mr. Warmth: The Don Rickles Project,4.0,6.1,6.36167470169856
8447,Angels and Insects,17.0,6.3,6.361673857080386
42130,The Night of the Shooting Stars,17.0,6.3,6.361673857080386
28216,"Mr. Death: The Rise and Fall of Fred A. Leuchter, Jr.",17.0,6.3,6.361673857080386
16155,Safe Men,17.0,6.3,6.361673857080386
18646,Royal Wedding,17.0,6.3,6.361673857080386
194188,Punk's Dead: SLC Punk 2,3.0,6.0,6.3616563021698616
42086,Choose Me,3.0,6.0,6.3616563021698616
47139,"Blood, Guts, Bullets and Octane",3.0,6.0,6.3616563021698616
22328,The Apple Dumpling Gang Rides Again,18.0,6.3,6.361644459879747
35650,Maelström,18.0,6.3,6.361644459879747
26769,Cocaine Cowboys II: Hustlin' with the Godmother,18.0,6.3,6.361644459879747
22314,In Too Deep,18.0,6.3,6.361644459879747
1793,Max Dugan Returns,18.0,6.3,6.361644459879747
93087,Paul Williams Still Alive,7.0,6.2,6.36163396085422
14251,Weirdsville,19.0,6.3,6.361615090690447
62000,Johnny Belinda,19.0,6.3,6.361615090690447
18642,G.I. Blues,19.0,6.3,6.361615090690447
31930,Murder!,19.0,6.3,6.361615090690447
21736,Everest (1998),20.0,6.3,6.361585749472471
2211,Aimee & Jaguar,20.0,6.3,6.361585749472471
23333,Mrs. Parker and the Vicious Circle,20.0,6.3,6.361585749472471
67062,Entranced Earth,20.0,6.3,6.361585749472471
34637,The Navigator: A Medieval Odyssey,20.0,6.3,6.361585749472471
61536,I'm Not Rappaport,8.0,6.2,6.361556548099674
56931,Tom Thumb,8.0,6.2,6.361556548099674
13245,Atanarjuat: The Fast Runner,21.0,6.3,6.361556436185875
42521,Idiots and Angels,21.0,6.3,6.361556436185875
12664,The Snapper,21.0,6.3,6.361556436185875
82437,Following Sean,5.0,6.1,6.36154919523476
37969,The Incredible Journey,22.0,6.3,6.3615271507907964
15800,Trekkies,22.0,6.3,6.3615271507907964
1403,Duel at Diablo,22.0,6.3,6.3615271507907964
15378,The Grand,22.0,6.3,6.3615271507907964
101230,1-900,1.0,5.0,6.361523340111351
105045,The Promise,1.0,5.0,6.361523340111351
36943,In God's Hands,1.0,5.0,6.361523340111351
125099,Unmade Beds,1.0,5.0,6.361523340111351
125707,Innocence,1.0,5.0,6.361523340111351
113273,On the Ropes,1.0,5.0,6.361523340111351
138217,Koch,1.0,5.0,6.361523340111351
150823,The Shooter,1.0,5.0,6.361523340111351
109600,Shakespeare Wallah,1.0,5.0,6.361523340111351
64900,I Can't Sleep,1.0,5.0,6.361523340111351
50035,Lovely & Amazing,23.0,6.3,6.361497893247444
43388,King Solomon's Mines (1950),23.0,6.3,6.361497893247444
37939,Youth of the Beast,23.0,6.3,6.361497893247444
16388,The Brothers McMullen,23.0,6.3,6.361497893247444
2894,The Lady and the Duke,4.0,6.0,6.361482758513743
54155,Hands in the Air,4.0,6.0,6.361482758513743
368620,My Friend Rockefeller,9.0,6.2,6.361479209461555
373348,Author: The JT LeRoy Story,9.0,6.2,6.361479209461555
31546,American Buffalo,9.0,6.2,6.361479209461555
33245,It's My Party,9.0,6.2,6.361479209461555
21801,The Slaughter Rule,9.0,6.2,6.361479209461555
14904,Proof (1991),24.0,6.3,6.361468663516108
24664,Bamboozled,24.0,6.3,6.361468663516108
47692,Felicia's Journey,24.0,6.3,6.361468663516108
18670,Legend of the Red Dragon,24.0,6.3,6.361468663516108
22692,A Star Is Born (1937),24.0,6.3,6.361468663516108
22874,Indiscreet,24.0,6.3,6.361468663516108
31863,True Believer,25.0,6.3,6.361439461557146
17487,Body and Soul,25.0,6.3,6.361439461557146
17450,Pennies from Heaven,25.0,6.3,6.361439461557146
41970,The Last of England,6.0,6.1,6.361423809106026
45335,Double Trouble,6.0,6.1,6.361423809106026
22597,The Broken Hearts Club: A Romantic Comedy,26.0,6.3,6.3614102873309974
42518,Gulliver's Travels (1939),26.0,6.3,6.3614102873309974
30363,The State of Things,10.0,6.2,6.361401944833472
24071,Mumford,27.0,6.3,6.361381140798175
1811,Nowhere,27.0,6.3,6.361381140798175
18161,U2: Rattle and Hum,28.0,6.3,6.361352021919265
126996,Marcello Mastroianni: I Remember,2.0,5.5,6.361349693606818
144953,Where's Marlowe?,2.0,5.5,6.361349693606818
45905,The Opportunists,2.0,5.5,6.361349693606818
60855,Double Happiness,2.0,5.5,6.361349693606818
318033,Dreamcatcher (2015),2.0,5.5,6.361349693606818
37405,Eden,2.0,5.5,6.361349693606818
41878,Savage Nights,11.0,6.2,6.361324754109239
25832,Aria,11.0,6.2,6.361324754109239
43122,The Private Life of Henry VIII,11.0,6.2,6.361324754109239
7015,American Heart,11.0,6.2,6.361324754109239
33642,Hells Angels on Wheels,11.0,6.2,6.361324754109239
55123,Tumbleweeds,11.0,6.2,6.361324754109239
49806,The Daytrippers,11.0,6.2,6.361324754109239
18153,Steal This Movie,11.0,6.2,6.361324754109239
45153,Eve's Bayou,29.0,6.3,6.361322930654929
21259,Testament,29.0,6.3,6.361322930654929
25350,Imaginary Heroes,29.0,6.3,6.361322930654929
17352,South Pacific,29.0,6.3,6.361322930654929
13915,Waydowntown,5.0,6.0,6.36130938133035
43510,Guadalcanal Diary,5.0,6.0,6.36130938133035
47959,Callas Forever,5.0,6.0,6.36130938133035
20405,Puccini for Beginners,7.0,6.1,6.361298543139373
25212,Deterrence,7.0,6.1,6.361298543139373
38583,Separate Lies,7.0,6.1,6.361298543139373
29879,The Little Colonel,7.0,6.1,6.361298543139373
65158,Squanto: A Warrior's Tale,7.0,6.1,6.361298543139373
29372,Flying Tigers,7.0,6.1,6.361298543139373
35196,Restoration,30.0,6.3,6.361293866965907
42222,Julia,30.0,6.3,6.361293866965907
18555,Foxfire (1996),30.0,6.3,6.361293866965907
33344,The House of Yes,30.0,6.3,6.361293866965907
102933,Things Behind the Sun,4.0,5.9,6.361290815328926
43261,The Benny Goodman Story,4.0,5.9,6.361290815328926
185768,Boy Crazy,1.0,4.5,6.361283065236894
29786,North Dallas Forty,12.0,6.2,6.361247637182874
31112,"Bon Voyage, Charlie Brown (and Don't Come Back!)",12.0,6.2,6.361247637182874
37636,High Art,32.0,6.3,6.361235822157113
5179,The Prime of Miss Jean Brodie,32.0,6.3,6.361235822157113
31593,Cutter's Way,32.0,6.3,6.361235822157113
10174,Madonna: Truth or Dare,32.0,6.3,6.361235822157113
10219,Snow Falling on Cedars,32.0,6.3,6.361235822157113
284362,El vals de los inútiles,3.0,5.7,6.361224222667233
19590,By the Light of the Silvery Moon,3.0,5.7,6.361224222667233
36764,Uuno Turhapuro,3.0,5.7,6.361224222667233
142051,Jazz,3.0,5.7,6.361224222667233
14757,Osama,33.0,6.3,6.361206840959187
15237,De-Lovely,33.0,6.3,6.361206840959187
19601,Bent,34.0,6.3,6.361177887180261
20536,61*,34.0,6.3,6.361177887180261
14694,The Snow Walker,34.0,6.3,6.361177887180261
30950,Metroland,8.0,6.1,6.361173397162152
49410,Motorama,13.0,6.2,6.3611705939485965
42234,Dona Flor and Her Two Husbands,13.0,6.2,6.3611705939485965
32567,The Endurance: Shackleton's Legendary Antarctic Expedition,13.0,6.2,6.3611705939485965
43004,Long Day's Journey Into Night,13.0,6.2,6.3611705939485965
43525,In This Our Life,13.0,6.2,6.3611705939485965
129628,Stars & Bars,2.0,5.3,6.36115756603411
124837,A Perfect Candidate,2.0,5.3,6.36115756603411
85328,The Pompatus of Love,2.0,5.3,6.36115756603411
15462,Car Wash,35.0,6.3,6.361148960781443
9082,Blind Spot: Hitler's Secretary,6.0,6.0,6.361136170380266
77350,Unzipped,6.0,6.0,6.361136170380266
43049,Where the Boys Are,6.0,6.0,6.361136170380266
56830,Johns,6.0,6.0,6.361136170380266
24032,"Oh, God!",36.0,6.3,6.361120061723913
1836,In My Skin,36.0,6.3,6.361120061723913
26518,Old Joy,36.0,6.3,6.361120061723913
38702,Reckless (1984),4.0,5.8,6.361098872144108
77583,Long-Term Relationship,4.0,5.8,6.361098872144108
62994,Dog Park,4.0,5.8,6.361098872144108
44388,It Had to Be You,4.0,5.8,6.361098872144108
26268,Harper,37.0,6.3,6.361091189968924
45864,Extreme Days,5.0,5.9,6.36106956742594
71940,The Ballad of Little Jo,5.0,5.9,6.36106956742594
28124,Seems Like Old Times,38.0,6.3,6.361062345477804
24908,Happenstance,9.0,6.1,6.361048371002042
19600,Bossa Nova,9.0,6.1,6.361048371002042
44164,Chaos (2001),9.0,6.1,6.361048371002042
31610,Trixie,1.0,4.0,6.361042790362437
226229,Mirage,1.0,4.0,6.361042790362437
26618,Clay Pigeons,39.0,6.3,6.3610335282119514
9089,Home for the Holidays,39.0,6.3,6.3610335282119514
12645,Inhale,39.0,6.3,6.3610335282119514
19855,The War,39.0,6.3,6.3610335282119514
11940,Sinbad and the Eye of the Tiger,39.0,6.3,6.3610335282119514
43864,Stage Door,15.0,6.2,6.361016728134187
4281,Appointment with Death,15.0,6.2,6.361016728134187
21594,The Blue Gardenia,15.0,6.2,6.361016728134187
17993,Henry & June,40.0,6.3,6.3610047381328405
31121,Shampoo,41.0,6.3,6.360975975202015
87078,Suture,7.0,6.0,6.360963125424526
16560,Tap,7.0,6.0,6.360963125424526
30266,"20,000 Leagues Under the Sea (1916)",7.0,6.0,6.360963125424526
18209,Bedazzled (1967),42.0,6.3,6.360947239381095
31667,The Paradine Case,42.0,6.3,6.360947239381095
5122,The Day of the Locust,16.0,6.2,6.3609399053435025
77064,Public Access,3.0,5.5,6.360936169665481
64877,"The One and Only, Genuine, Original Family Band",3.0,5.5,6.360936169665481
28881,Wind,10.0,6.1,6.360923464487052
28907,The Harvey Girls,10.0,6.1,6.360923464487052
13075,Sherrybaby,43.0,6.3,6.360918530631769
51980,Germinal,43.0,6.3,6.360918530631769
38291,Educating Rita,44.0,6.3,6.3608898489158
17889,Anchors Aweigh,44.0,6.3,6.3608898489158
43475,Gumby: The Movie,2.0,5.0,6.3608693746750475
180318,The Chicago 8,2.0,5.0,6.3608693746750475
55615,Burn Up!,2.0,5.0,6.3608693746750475
23427,29th and Gay,2.0,5.0,6.3608693746750475
40206,The Inspector General,17.0,6.2,6.3608631558237985
14590,Shadow of the Thin Man,17.0,6.2,6.3608631558237985
26203,Blink,45.0,6.3,6.360861194195023
10341,Until the End of the World,45.0,6.3,6.360861194195023
30994,Dogs in Space,6.0,5.9,6.360848531654505
31465,Traveller,6.0,5.9,6.360848531654505
36758,The Portrait of a Lady,46.0,6.3,6.360832566431343
17795,My Fellow Americans,46.0,6.3,6.360832566431343
59585,Immediate Family,5.0,5.8,6.3608297535215295
42541,From the Terrace,5.0,5.8,6.3608297535215295
28367,The Wonderful World of the Brothers Grimm,5.0,5.8,6.3608297535215295
48149,"Good Morning, Babylon",5.0,5.8,6.3608297535215295
23997,Every Little Step,5.0,5.8,6.3608297535215295
13936,Oklahoma!,47.0,6.3,6.360803965586739
14655,Soul Men,47.0,6.3,6.360803965586739
24559,Slaughterhouse-Five,47.0,6.3,6.360803965586739
24137,An Ideal Husband,47.0,6.3,6.360803965586739
24458,The Age of Stupid,18.0,6.2,6.360786479470299
24012,The Prince and the Showgirl,48.0,6.3,6.3607753916232594
41823,Mo' Better Blues,48.0,6.3,6.3607753916232594
9382,Boys on the Side,48.0,6.3,6.3607753916232594
26149,Music of the Heart,49.0,6.3,6.360746844503024
15192,The Grey Zone,49.0,6.3,6.360746844503024
38727,Susannah of the Mounties,4.0,5.6,6.360714985774474
87387,The Agony and Ecstasy of Phil Spector,4.0,5.6,6.360714985774474
27686,State Fair,19.0,6.2,6.360709876178429
18989,Moll Flanders,19.0,6.2,6.360709876178429
43277,The Great Ziegfeld,19.0,6.2,6.360709876178429
45964,When a Stranger Calls (1979),51.0,6.3,6.360689830641129
310121,I'll See You in My Dreams,51.0,6.3,6.360689830641129
25430,All the King's Men,51.0,6.3,6.360689830641129
17775,Toronto Stories,2.0,4.8,6.360677247102339
31094,Taking Sides,12.0,6.1,6.360674009706118
32284,Dream for an Insomniac,12.0,6.1,6.360674009706118
23111,Moscow on the Hudson,52.0,6.3,6.3606613638240646
51182,Sex: The Annabel Chong Story,3.0,5.3,6.360648116663729
13795,Alaska: Spirit of the Wild,3.0,5.3,6.360648116663729
24060,Darfur Now,3.0,5.3,6.360648116663729
108401,Star Maps,3.0,5.3,6.360648116663729
27977,The Groove Tube,3.0,5.3,6.360648116663729
20238,The Shakiest Gun in the West,20.0,6.2,6.360633345843812
34774,In Search of the Castaways,20.0,6.2,6.360633345843812
26520,Bob & Carol & Ted & Alice,20.0,6.2,6.360633345843812
39074,The Bedroom Window,20.0,6.2,6.360633345843812
32060,Brighton Beach Memoirs,20.0,6.2,6.360633345843812
22414,Postcards from the Edge,53.0,6.3,6.360632923699436
65994,Prince Valiant,7.0,5.9,6.3606277077096784
30856,Gunner Palace,7.0,5.9,6.3606277077096784
31603,The Formula,9.0,6.0,6.360617532542529
50562,Porn Star: The Legend of Ron Jeremy,9.0,6.0,6.360617532542529
66035,The Kentuckian,9.0,6.0,6.360617532542529
34423,The Slammin' Salmon,54.0,6.3,6.360604510229721
10170,The Russia House,54.0,6.3,6.360604510229721
71125,Fool for Love,5.0,5.7,6.360589939617119
15745,Made,55.0,6.3,6.360576123377463
42697,Mondo Hollywood,1.0,3.0,6.3605622406135245
81442,The Independent,6.0,5.8,6.360560892928745
34760,"'night, Mother",6.0,5.8,6.360560892928745
20468,The Big Tease,6.0,5.8,6.360560892928745
19214,Passion of Mind,6.0,5.8,6.360560892928745
36434,Stag,6.0,5.8,6.360560892928745
30964,The Lost Son,6.0,5.8,6.360560892928745
23101,Topper,21.0,6.2,6.360556888362272
1404,Ae Fond Kiss...,21.0,6.2,6.360556888362272
77223,Paradise Road,21.0,6.2,6.360556888362272
4984,White Lightning,21.0,6.2,6.360556888362272
28029,A Walk on the Moon,21.0,6.2,6.360556888362272
21056,Big Eden,13.0,6.1,6.360549461097835
22479,Kansas City,13.0,6.1,6.360549461097835
51823,Across the Line: The Exodus of Charlie Wright,13.0,6.1,6.360549461097835
33250,Real Life,13.0,6.1,6.360549461097835
29056,The Raven (1963),56.0,6.3,6.360547763105275
7506,Harum Scarum,4.0,5.5,6.360523042589657
43466,The Farmer's Daughter,4.0,5.5,6.360523042589657
86241,Welcome to L.A.,4.0,5.5,6.360523042589657
102640,Union Square,4.0,5.5,6.360523042589657
31043,Mike's Murder,4.0,5.5,6.360523042589657
8217,Alice (1990),57.0,6.3,6.360519429375846
10635,Threesome,57.0,6.3,6.360519429375846
25472,Merry Madagascar,57.0,6.3,6.360519429375846
70042,Theremin: An Electronic Odyssey,3.0,5.2,6.360504090162853
18551,Flesh and Bone,22.0,6.2,6.360480503629827
15944,The Shaggy Dog,22.0,6.2,6.360480503629827
16605,Somersault,22.0,6.2,6.360480503629827
12582,Without a Clue,59.0,6.3,6.360462841396346
11938,Clockwise,59.0,6.3,6.360462841396346
57022,Sunshine State,10.0,6.0,6.360444984140632
21185,Vibes,10.0,6.0,6.360444984140632
13965,Return to Snowy River,10.0,6.0,6.360444984140632
61563,Touch,10.0,6.0,6.360444984140632
26133,Tuesdays with Morrie,10.0,6.0,6.360444984140632
53779,Kings Row,10.0,6.0,6.360444984140632
13068,Rocket Science,60.0,6.3,6.360434587071993
59820,Come See the Paradise,14.0,6.1,6.360425031449993
46119,Crime + Punishment in Suburbia,14.0,6.1,6.360425031449993
37146,Penn & Teller Get Killed,8.0,5.9,6.360407095287107
43340,Young at Heart,8.0,5.9,6.360407095287107
41166,Plenty,8.0,5.9,6.360407095287107
15742,Taxidermia,61.0,6.3,6.360406359141836
13441,Roger Dodger,61.0,6.3,6.360406359141836
10209,Hideous Kinky,23.0,6.2,6.360404191542696
125123,Among Giants,2.0,4.5,6.360389055743276
42244,The First Nudie Musical,2.0,4.5,6.360389055743276
29938,Alien Escape,2.0,4.5,6.360389055743276
146599,Once Upon a Time... When We Were Colored,2.0,4.5,6.360389055743276
197537,The Machine,2.0,4.5,6.360389055743276
25232,This Is My Father,2.0,4.5,6.360389055743276
36584,Interview with the Assassin,5.0,5.6,6.360350125712709
41636,Get Your Stuff,5.0,5.6,6.360350125712709
73067,Frankie Starlight,4.0,5.4,6.360331099404839
39410,Mothra,24.0,6.2,6.360327951997298
1774,The Big One,24.0,6.2,6.360327951997298
33539,Once Upon a Forest,24.0,6.2,6.360327951997298
1253,Breaking and Entering,64.0,6.3,6.360321833347193
16084,Freaky Friday (1976),64.0,6.3,6.360321833347193
97406,Georgia,15.0,6.1,6.360300720592241
14120,End of the Spear,15.0,6.1,6.360300720592241
14334,The Secret of Roan Inish,15.0,6.1,6.360300720592241
32636,Vanya on 42nd Street,15.0,6.1,6.360300720592241
17906,Dummy,15.0,6.1,6.360300720592241
15050,Brainstorm,65.0,6.3,6.3602937106248225
20391,Paint Your Wagon,65.0,6.3,6.3602937106248225
22688,Angel on My Shoulder,6.0,5.7,6.360273254202984
42013,Sammy and Rosie Get Laid,6.0,5.7,6.360273254202984
49792,Queens Logic,6.0,5.7,6.360273254202984
34582,Junk Mail,6.0,5.7,6.360273254202984
61416,Beautiful People,11.0,6.0,6.360272600781804
32330,Worth Winning,11.0,6.0,6.360272600781804
54982,Introducing Dorothy Dandridge,11.0,6.0,6.360272600781804
49805,The Browning Version,11.0,6.0,6.360272600781804
22279,An Awfully Big Adventure,11.0,6.0,6.360272600781804
2074,Flirting with Disaster,66.0,6.3,6.360265614112498
9452,Bulworth,66.0,6.3,6.360265614112498
17131,The Glass Key,25.0,6.2,6.360251784890242
29911,FairyTale: A True Story,25.0,6.2,6.360251784890242
10078,Magicians,25.0,6.2,6.360251784890242
16806,Johnny Dangerously,67.0,6.3,6.360237543773593
69234,The Phantom of the Opera (1990),3.0,5.0,6.3602160371611
15659,Foul Play,68.0,6.3,6.360209499571551
14671,Summer School,68.0,6.3,6.360209499571551
58911,Hotel de Love,2.0,4.3,6.360196928170568
259679,Requiem For The Big East,2.0,4.3,6.360196928170568
24560,Sour Grapes,9.0,5.9,6.360186694083016
18691,Frankie and Johnny,9.0,5.9,6.360186694083016
13794,Africa: The Serengeti,9.0,5.9,6.360186694083016
14521,The Cup,9.0,5.9,6.360186694083016
67307,The Big Town,9.0,5.9,6.360186694083016
64945,That was Then... This is Now,9.0,5.9,6.360186694083016
27332,Tex,9.0,5.9,6.360186694083016
22067,Jason's Lyric,9.0,5.9,6.360186694083016
41580,Colonel Chabert,9.0,5.9,6.360186694083016
60994,Guinevere,9.0,5.9,6.360186694083016
49314,Dominick and Eugene,16.0,6.1,6.360176528354548
3547,Reflections in a Golden Eye,16.0,6.1,6.360176528354548
36773,The Third Miracle,16.0,6.1,6.360176528354548
11956,When the Cat's Away,16.0,6.1,6.360176528354548
32904,Tony,26.0,6.2,6.360175690118338
5922,The Hunter,26.0,6.2,6.360175690118338
39780,Oscar and Lucinda,26.0,6.2,6.360175690118338
37091,FAQs,4.0,5.3,6.360139156220022
1772,City of Hope,4.0,5.3,6.360139156220022
11447,The Son's Room,71.0,6.3,6.3601255234220755
14475,Used Cars,71.0,6.3,6.3601255234220755
13168,Smiley Face,71.0,6.3,6.3601255234220755
27645,200 Motels,5.0,5.5,6.360110311808299
41590,Trial by Jury,5.0,5.5,6.360110311808299
33731,Marjorie Morningstar,5.0,5.5,6.360110311808299
30168,It Came from Hollywood,12.0,6.0,6.360100382229362
16535,Titanic (1953),27.0,6.2,6.3600996675785915
53113,One True Thing,27.0,6.2,6.3600996675785915
125548,The 24 Hour Woman,1.0,2.0,6.360081690864612
39953,"Boys Life: Three Stories of Love, Lust, and Liberation",1.0,2.0,6.360081690864612
56135,The Razor's Edge (1946),17.0,6.1,6.360052454567212
24111,Bedlam,17.0,6.1,6.360052454567212
38731,An Unmarried Woman,17.0,6.1,6.360052454567212
52302,Matango: Attack of the Mushroom People,17.0,6.1,6.360052454567212
70912,The Advocate,8.0,5.8,6.360023944349584
43230,Kronos,8.0,5.8,6.360023944349584
25445,The Happiest Millionaire,8.0,5.8,6.360023944349584
46797,Tom & Viv,8.0,5.8,6.360023944349584
53650,The Ugly American,8.0,5.8,6.360023944349584
27983,"Yours, Mine and Ours",28.0,6.2,6.360023717168203
10729,Quick Change,75.0,6.3,6.360013918933021
23655,Groove,6.0,5.6,6.359985615477224
41971,The Moderns,6.0,5.6,6.359985615477224
63639,A Month in the Country,10.0,5.9,6.359966503794213
50043,Cousin Bette,10.0,5.9,6.359966503794213
15310,The Jazz Singer,10.0,5.9,6.359966503794213
8391,When Night Is Falling,10.0,5.9,6.359966503794213
65157,Cheetah,10.0,5.9,6.359966503794213
34084,I Bury the Living,10.0,5.9,6.359966503794213
49681,Lost Embrace,10.0,5.9,6.359966503794213
52772,Shoot the Moon,7.0,5.7,6.359956872279985
22649,A Farewell to Arms,29.0,6.2,6.359947838784567
33831,The Onion Field,29.0,6.2,6.359947838784567
27995,She's Gotta Have It,29.0,6.2,6.359947838784567
47939,Three Wishes,18.0,6.1,6.359928499060851
20457,The Matchmaker,18.0,6.1,6.359928499060851
4460,The Snows of Kilimanjaro,18.0,6.1,6.359928499060851
43542,The Rainmaker (1956),18.0,6.1,6.359928499060851
13140,Kenny,18.0,6.1,6.359928499060851
42217,Bobby Deerfield,13.0,6.0,6.359928328247075
44326,Extremities,13.0,6.0,6.359928328247075
1815,The Big Sleep (1978),13.0,6.0,6.359928328247075
74349,Antonio das Mortes,13.0,6.0,6.359928328247075
18290,Arranged,13.0,6.0,6.359928328247075
21202,Madame Butterfly,3.0,4.8,6.359927984159348
86369,Mina Tannenbaum,3.0,4.8,6.359927984159348
43895,Our Little Girl,2.0,4.0,6.359908736811506
56235,Return with Honor,2.0,4.0,6.359908736811506
41276,The Life and Times of Hank Greenberg,2.0,4.0,6.359908736811506
13637,Sukiyaki Western Django,79.0,6.3,6.359902727994958
31918,"The Russians Are Coming, The Russians Are Coming",30.0,6.2,6.359872032325275
28177,Two Thousand Maniacs!,30.0,6.2,6.359872032325275
3103,House of Frankenstein,30.0,6.2,6.359872032325275
16082,White Nights,30.0,6.2,6.359872032325275
18905,Caveman,30.0,6.2,6.359872032325275
92326,Straight-Jacket,5.0,5.4,6.359870497903889
36447,Carried Away,5.0,5.4,6.359870497903889
41660,The Making of '...And God Spoke',5.0,5.4,6.359870497903889
2185,Big Trouble,82.0,6.3,6.359819604803402
30707,Star 80,19.0,6.1,6.359804661666411
26454,Deliver Us from Eva,19.0,6.1,6.359804661666411
21873,My Bodyguard,31.0,6.2,6.359796297688109
268171,Elsa & Fred,31.0,6.2,6.359796297688109
22733,Beat the Devil,31.0,6.2,6.359796297688109
52961,That's Life!,3.0,4.7,6.359783957658472
85689,The Son of the Sheik,3.0,4.7,6.359783957658472
86959,Getting It Right,3.0,4.7,6.359783957658472
55955,My Son the Fanatic,3.0,4.7,6.359783957658472
168538,"Nana, the True Key of Pleasure",3.0,4.7,6.359783957658472
60276,Scenes from the Class Struggle in Beverly Hills,3.0,4.7,6.359783957658472
98505,Seventh Heaven,3.0,4.7,6.359783957658472
37920,An American Rhapsody,14.0,6.0,6.3597564385991605
26319,The Man Who Came to Dinner,14.0,6.0,6.3597564385991605
58261,Transcendent Man,14.0,6.0,6.3597564385991605
31812,Road to Zanzibar,9.0,5.8,6.3597558556235025
84050,Fanny,9.0,5.8,6.3597558556235025
10613,The King Is Alive,9.0,5.8,6.3597558556235025
8353,Limite,9.0,5.8,6.3597558556235025
21246,Kids in America,9.0,5.8,6.3597558556235025
76996,Love and Other Catastrophes,9.0,5.8,6.3597558556235025
84259,Hearts of the West,4.0,5.1,6.359755269850387
45042,The Girl Next Door (1999),4.0,5.1,6.359755269850387
44807,Forever Fever,4.0,5.1,6.359755269850387
42228,The Late Show,11.0,5.9,6.359746524118087
40694,Bedrooms and Hallways,11.0,5.9,6.359746524118087
27593,"Scotland, Pa.",11.0,5.9,6.359746524118087
49721,Me Myself I,11.0,5.9,6.359746524118087
26278,Quatermass II,32.0,6.2,6.3597206347710475
14797,Warriors of Heaven and Earth,32.0,6.2,6.3597206347710475
5757,Man of the Year (1995),2.0,3.8,6.359716609238798
23750,Revengers Tragedy,2.0,3.8,6.359716609238798
10534,White Squall,86.0,6.3,6.359709132068938
114719,Friends & Lovers,6.0,5.5,6.359697976751463
12775,Flesh + Blood,87.0,6.3,6.359681577611258
26573,Dr. Goldfoot and the Bikini Machine,20.0,6.1,6.359680942215155
30528,Bye Bye Love,20.0,6.1,6.359680942215155
10390,For Love of the Game,88.0,6.3,6.359654048573405
8512,Devil in a Blue Dress,88.0,6.3,6.359654048573405
41003,White Palace,33.0,6.2,6.359645043472261
128158,The Patience Stone,33.0,6.2,6.359645043472261
1723,The Front,33.0,6.2,6.359645043472261
63066,25 Watts,8.0,5.7,6.359640793412062
93775,The Member of the Wedding,8.0,5.7,6.359640793412062
41940,Roadkill,5.0,5.3,6.3596306839994785
94725,To Sleep with Anger,7.0,5.6,6.359621454565137
45147,Strictly Business,7.0,5.6,6.359621454565137
38802,For the Love of Benji,7.0,5.6,6.359621454565137
42257,Hester Street,7.0,5.6,6.359621454565137
37272,"A Cool, Dry Place",7.0,5.6,6.359621454565137
17402,Miami Rhapsody,7.0,5.6,6.359621454565137
15752,Barenaked in America,1.0,1.0,6.359601141115699
19050,The Bad News Bears in Breaking Training,15.0,6.0,6.359584713050294
50704,The Boat,15.0,6.0,6.359584713050294
31962,Shining Through,34.0,6.2,6.359569523690112
42791,The Americanization of Emily,21.0,6.1,6.359557340538668
34574,Nadja,12.0,5.9,6.359526754752606
164741,Little Richard,3.0,4.5,6.359495904656719
60784,Win/Win,3.0,4.5,6.359495904656719
82623,T-Rex: Back to the Cretaceous,3.0,4.5,6.359495904656719
9465,Cookie's Fortune,35.0,6.2,6.359494075323158
9742,Werner - Beinhart!,35.0,6.2,6.359494075323158
13533,Free Enterprise,10.0,5.8,6.359488023447793
41800,Superman and the Mole-Men,10.0,5.8,6.359488023447793
42121,Tender Mercies,22.0,6.1,6.359433856468857
15788,The Bellboy,22.0,6.1,6.359433856468857
24798,True Stories,22.0,6.1,6.359433856468857
15271,Bright Young Things,22.0,6.1,6.359433856468857
43258,Friendly Persuasion,22.0,6.1,6.359433856468857
16407,Dragon Lord,22.0,6.1,6.359433856468857
107973,The Dolly Sisters,2.0,3.5,6.359428417879736
139405,Across the Sea of Time,2.0,3.5,6.359428417879736
542,The Crime of Padre Amaro,36.0,6.2,6.3594186982701455
61280,The Turning Point,16.0,6.0,6.359413151365593
127901,Eat Sleep Die,16.0,6.0,6.359413151365593
30839,Waterboys,16.0,6.0,6.359413151365593
23626,Blue Collar Comedy Tour: The Movie,16.0,6.0,6.359413151365593
42750,Return of the Secaucus Seven,6.0,5.4,6.359410338025703
15158,Phantasm II,97.0,6.3,6.359407425344961
14684,School Ties,97.0,6.3,6.359407425344961
106837,Different for Girls,5.0,5.2,6.359390870095068
61524,A-Haunting We Will Go,4.0,4.9,6.359371383480753
18250,Dr. Phibes Rises Again,37.0,6.2,6.359343392430012
15035,Fire and Ice,37.0,6.2,6.359343392430012
12635,Backbeat,37.0,6.2,6.359343392430012
10699,Hero (1992),100.0,6.3,6.359325670132211
332534,Bana Masal Anlatma,9.0,5.7,6.359325017163989
24078,Off the Map,9.0,5.7,6.359325017163989
32325,Mi Vida Loca,9.0,5.7,6.359325017163989
66600,Sweet Liberty,9.0,5.7,6.359325017163989
42724,Morgan: A Suitable Case for Treatment,9.0,5.7,6.359325017163989
7992,It's a Free World...,23.0,6.1,6.359310489837948
43096,Gidget,13.0,5.9,6.359307195396314
48155,The Big Knife,13.0,5.9,6.359307195396314
16240,Breakfast with Scot,13.0,5.9,6.359307195396314
2287,Rize,13.0,5.9,6.359307195396314
86616,The Young Savages,7.0,5.5,6.359286036850291
32275,Duel in the Sun,38.0,6.2,6.359268157701888
18993,Mysterious Island,38.0,6.2,6.359268157701888
25009,Mogambo,38.0,6.2,6.359268157701888
12708,That Touch of Mink,38.0,6.2,6.359268157701888
28356,Black Beauty (1971),8.0,5.6,6.35925764247454
19952,Best Men,8.0,5.6,6.35925764247454
26378,They Made Me a Criminal,8.0,5.6,6.35925764247454
11379,The Adventures of Buckaroo Banzai Across the 8th Dimension,103.0,6.3,6.359244139629728
43939,I'm Still Here,103.0,6.3,6.359244139629728
513,Fire,17.0,6.0,6.359241753310625
34014,Moon Over Parador,17.0,6.0,6.359241753310625
17207,Houseguest,17.0,6.0,6.359241753310625
15568,Gracie,17.0,6.0,6.359241753310625
17804,The Paleface (1948),17.0,6.0,6.359241753310625
42635,"Rachel, Rachel",17.0,6.0,6.359241753310625
48259,Crimes of the Heart,17.0,6.0,6.359241753310625
25010,The Flamingo Kid,17.0,6.0,6.359241753310625
43471,Anna and the King of Siam,11.0,5.8,6.359220447454369
49981,Goodbye Lover,11.0,5.8,6.359220447454369
20239,Fear of a Black Hat,11.0,5.8,6.359220447454369
28295,I Saw What You Did,11.0,5.8,6.359220447454369
27397,Crossing Delancey,11.0,5.8,6.359220447454369
11169,Spartan,104.0,6.3,6.359217012571128
25440,Widows' Peak,3.0,4.3,6.3592078516549675
13560,Max,39.0,6.2,6.3591929939850935
32076,The Believers,39.0,6.2,6.3591929939850935
306482,Partisan,39.0,6.2,6.3591929939850935
19133,The Big Bus,24.0,6.1,6.359187240478488
1926,11'09''01 - September 11,24.0,6.1,6.359187240478488
47502,Faithful,4.0,4.8,6.359179440295936
34328,Monster in a Box,4.0,4.8,6.359179440295936
124963,Monsignor,4.0,4.8,6.359179440295936
278348,The Maid's Room,4.0,4.8,6.359179440295936
43860,King Solomon's Mines (1937),4.0,4.8,6.359179440295936
40879,Whiteboyz,4.0,4.8,6.359179440295936
13373,Millions,106.0,6.3,6.359162832912333
65014,Female on the Beach,6.0,5.3,6.359122699299943
53575,The Passionate Plumber,1.0,0.0,6.3591205913667865
172545,Alive and Kicking,1.0,0.0,6.3591205913667865
40873,Pete Seeger: The Power of Song,1.0,0.0,6.3591205913667865
23431,An Angel Named Billy,1.0,0.0,6.3591205913667865
24735,Agnes of God,40.0,6.2,6.359117901179139
31908,Ghosts of Mississippi,40.0,6.2,6.359117901179139
38043,Shag,14.0,5.9,6.359087845748329
40961,The Ugly,14.0,5.9,6.359087845748329
22711,Blaze,14.0,5.9,6.359087845748329
35115,"Davy Crockett, King of the Wild Frontier",14.0,5.9,6.359087845748329
86812,Sound of My Voice,109.0,6.3,6.3590817490599205
28134,The Impostors,18.0,6.0,6.3590705186514045
19375,Were The World Mine,25.0,6.1,6.359064108223338
26032,Make the Yuletide Gay,25.0,6.1,6.359064108223338
42252,The Missouri Breaks,41.0,6.2,6.359042879183721
70842,Salome's Last Dance,10.0,5.7,6.359009543101373
64802,Love! Valour! Compassion!,10.0,5.7,6.359009543101373
27681,Wish Upon a Star,42.0,6.2,6.358967927898732
47866,Gas Food Lodging,12.0,5.8,6.35895312727585
22588,Radioland Murders,12.0,5.8,6.35895312727585
24081,From the Hip,12.0,5.8,6.35895312727585
20377,The Brave Little Toaster Goes to Mars,12.0,5.8,6.35895312727585
53922,Carbon Copy,12.0,5.8,6.35895312727585
29040,Matti: Hell Is for Heroes,12.0,5.8,6.35895312727585
38955,Project S,12.0,5.8,6.35895312727585
62529,Sound and Fury,7.0,5.4,6.3589506191354435
74692,Rare Birds,7.0,5.4,6.3589506191354435
37044,Wisconsin Death Trip,7.0,5.4,6.3589506191354435
124475,La séparation,7.0,5.4,6.3589506191354435
25872,The Pirate Movie,7.0,5.4,6.3589506191354435
118098,Madame Sousatzka,7.0,5.4,6.3589506191354435
37616,Palookaville,7.0,5.4,6.3589506191354435
38904,Mrs. Dalloway,7.0,5.4,6.3589506191354435
15560,Mission to Mir,2.0,3.0,6.358948098947964
140887,The Three Musketeers (1933),2.0,3.0,6.358948098947964
19828,10 Attitudes,2.0,3.0,6.358948098947964
85247,Killer,2.0,3.0,6.358948098947964
27292,Prime Cut,26.0,6.1,6.358941092905678
28120,Crossfire,26.0,6.1,6.358941092905678
33809,Everyone Else,26.0,6.1,6.358941092905678
17768,A Funny Thing Happened on the Way to the Forum,26.0,6.1,6.358941092905678
10279,Summer of Sam,115.0,6.3,6.358920246294773
2360,Saving Grace,115.0,6.3,6.358920246294773
54973,Dopamine,5.0,5.0,6.358911242286248
9995,Turn It Up,5.0,5.0,6.358911242286248
78734,In Old Chicago,5.0,5.0,6.358911242286248
2302,Avalon (1990),19.0,6.0,6.358899447154394
30308,Lured,19.0,6.0,6.358899447154394
46063,Last Dance,9.0,5.6,6.3588941787044755
32622,Angela,9.0,5.6,6.3588941787044755
64567,Dead Tired,9.0,5.6,6.3588941787044755
10859,Stakeout,116.0,6.3,6.358893414970612
15239,The Toxic Avenger,116.0,6.3,6.358893414970612
8420,...And God Created Woman,43.0,6.2,6.358893047224246
15278,CB4,43.0,6.2,6.358893047224246
34723,The Adventures of Huck Finn,43.0,6.2,6.358893047224246
17168,The Temp,8.0,5.5,6.3588744915370174
55551,Lumumba,8.0,5.5,6.3588744915370174
170767,Goya in Bordeaux,8.0,5.5,6.3588744915370174
11844,The Van,15.0,5.9,6.358868705508349
32331,Stealing Home,15.0,5.9,6.358868705508349
26486,The Last Shot,15.0,5.9,6.358868705508349
28257,The Maltese Falcon (1931),15.0,5.9,6.358868705508349
26477,Back to the Beach,15.0,5.9,6.358868705508349
41090,Wisdom,15.0,5.9,6.358868705508349
9090,"To Wong Foo, Thanks for Everything! Julie Newmar",117.0,6.3,6.358866608072425
106230,The Iron Ladies,6.0,5.2,6.358835060574182
18927,Stander,27.0,6.1,6.358818194359009
27857,Prick Up Your Ears,27.0,6.1,6.358818194359009
36739,School Daze,27.0,6.1,6.358818194359009
4175,Under Capricorn,27.0,6.1,6.358818194359009
122796,Bad Karma,4.0,4.6,6.358795553926301
46159,Stand Up and Cheer!,3.0,4.0,6.358775772152339
35694,Chelsea Walls,3.0,4.0,6.358775772152339
54850,Loaded,3.0,4.0,6.358775772152339
13333,Game of Death,121.0,6.3,6.358759624073565
18647,One-Eyed Jacks,45.0,6.2,6.358743497308038
258099,Just Before I Go,122.0,6.3,6.358732938806383
43103,Room at the Top,20.0,6.0,6.3587285385864964
31504,Little Big League,20.0,6.0,6.3587285385864964
383,Mala Noche,20.0,6.0,6.3587285385864964
19209,White Water Summer,28.0,6.1,6.358695412417141
17771,Sunshine (1999),28.0,6.1,6.358695412417141
27472,The Odd Couple II,28.0,6.1,6.358695412417141
57834,Blue Sky,28.0,6.1,6.358695412417141
42884,Cinderella (1997),28.0,6.1,6.358695412417141
12774,Last Exit to Brooklyn,28.0,6.1,6.358695412417141
8677,The Bourne Identity (1988),28.0,6.1,6.358695412417141
34379,No Man's Land (1987),28.0,6.1,6.358695412417141
66588,A Thousand Acres,11.0,5.7,6.358694370790652
28736,Hot Lead & Cold Feet,11.0,5.7,6.358694370790652
84922,Mahler,11.0,5.7,6.358694370790652
116014,Enemies: A Love Story,11.0,5.7,6.358694370790652
21433,Don't Tell Her It's Me,13.0,5.8,6.358686062545552
20298,Black Angel,13.0,5.8,6.358686062545552
118991,Keys to Tulsa,5.0,4.9,6.358671428381838
41426,Jubilee,16.0,5.9,6.358649774376638
15513,Kissing a Fool,16.0,5.9,6.358649774376638
220620,Ismael,16.0,5.9,6.358649774376638
13984,Fubar,16.0,5.9,6.358649774376638
33734,Pal Joey,16.0,5.9,6.358649774376638
1990,Paranoid Park,126.0,6.3,6.3586264396766525
20857,Hardball,126.0,6.3,6.3586264396766525
11120,The Mosquito Coast,126.0,6.3,6.3586264396766525
10801,The Superwife,7.0,5.3,6.358615201420596
27429,Shivers,127.0,6.3,6.358599875214533
86555,Take This Waltz,127.0,6.3,6.358599875214533
12661,Undercover Blues,47.0,6.2,6.358594228639467
13698,Gung Ho,47.0,6.2,6.358594228639467
9688,Melinda and Melinda,128.0,6.3,6.35857333481497
10921,Babylon 5: The River of Souls,29.0,6.1,6.358572746914205
29973,Cobb,29.0,6.1,6.358572746914205
36614,The Sum of Us,21.0,6.0,6.3585577927150645
41469,Next Stop Wonderland,21.0,6.0,6.3585577927150645
28171,Kandahar,21.0,6.0,6.3585577927150645
27329,The Legend of Suriyothai,6.0,5.1,6.358547421848422
47889,Ruby in Paradise,10.0,5.6,6.358531062754953
42689,Berserk,10.0,5.6,6.358531062754953
32669,The Two Jakes,48.0,6.2,6.358519699525231
26973,Pretty Baby,48.0,6.2,6.358519699525231
11889,Iris,48.0,6.2,6.358519699525231
9585,Not Without My Daughter,48.0,6.2,6.358519699525231
13250,Butterfly on a Wheel,131.0,6.3,6.3584938576651275
92381,Phat Beach,8.0,5.4,6.358491340599494
43897,The Littlest Rebel,8.0,5.4,6.358491340599494
25694,Alice in Wonderland (1933),8.0,5.4,6.358491340599494
42470,The Day of the Dolphin,8.0,5.4,6.358491340599494
40505,I Got the Hook Up,8.0,5.4,6.358491340599494
62422,Year of the Horse,3.0,3.8,6.358487719150586
215875,Violets Are Blue,2.0,2.5,6.358467780016194
95682,Long Night's Journey Into Day,2.0,2.5,6.358467780016194
135418,Dim Sum: A Little Bit of Heart,2.0,2.5,6.358467780016194
41730,Desert Blue,9.0,5.5,6.358463340244962
19654,The Man I Love,9.0,5.5,6.358463340244962
64828,The Landlord,9.0,5.5,6.358463340244962
29968,Nothing in Common,30.0,6.1,6.358450197684644
32049,Best of the Best 2,30.0,6.1,6.358450197684644
11112,The Associate,49.0,6.2,6.358445240425897
138122,Student of the Year,49.0,6.2,6.358445240425897
64861,Thirst (2010),5.0,4.8,6.3584316144774276
31581,Bloody Mama,17.0,5.9,6.358431052054038
31342,The Love Letter,17.0,5.9,6.358431052054038
77469,Your Friends & Neighbors,17.0,5.9,6.358431052054038
36196,Party Girl,14.0,5.8,6.358419252897496
15104,Tortilla Soup,14.0,5.8,6.358419252897496
10952,New Jack City,134.0,6.3,6.358414595905379
37264,Straight Talk,22.0,6.0,6.358387209307888
43654,Edward II,12.0,5.7,6.358379499799094
72711,The Interrupters,12.0,5.7,6.358379499799094
55177,Touch of Pink,12.0,5.7,6.358379499799094
11385,Hatari!,50.0,6.2,6.358370851242853
24655,The Car,50.0,6.2,6.358370851242853
9260,Welcome to Collinwood,50.0,6.2,6.358370851242853
41659,My Life,50.0,6.2,6.358370851242853
75490,Imaginary Crimes,3.0,3.7,6.3583436926497106
111794,20 Dates,3.0,3.7,6.3583436926497106
84586,Relax... It's Just Sex,3.0,3.7,6.3583436926497106
34388,Funeral in Berlin,31.0,6.1,6.358327764563213
72842,Albatross,31.0,6.1,6.358327764563213
14664,Sharky's Machine,31.0,6.1,6.358327764563213
46528,The Warrior's Way,138.0,6.3,6.358309247099671
11088,Heist,138.0,6.3,6.358309247099671
29355,Wildcats,51.0,6.2,6.3582965318776665
22820,Gentlemen Broncos,51.0,6.2,6.3582965318776665
14195,Cecil B. Demented,51.0,6.2,6.3582965318776665
39681,Seven Days,51.0,6.2,6.3582965318776665
10269,Yentl,51.0,6.2,6.3582965318776665
43368,The Big Trees,7.0,5.2,6.35827978370575
17132,Savannah Smiles,7.0,5.2,6.35827978370575
31621,Baby Take a Bow,7.0,5.2,6.35827978370575
28033,Stuart Saves His Family,6.0,5.0,6.358259783122661
1378,Shortbus,141.0,6.3,6.358230484524512
19483,It Came from Outer Space,52.0,6.2,6.358222282232095
11028,The Big Easy,52.0,6.2,6.358222282232095
24767,Iron Will,52.0,6.2,6.358222282232095
12593,Fritz the Cat,52.0,6.2,6.358222282232095
37818,The Allnighter,4.0,4.3,6.358219724371849
33575,Pat and Mike,18.0,5.9,6.358212538241957
26890,I Shot Andy Warhol,32.0,6.1,6.358205447384983
2071,Shattered,32.0,6.1,6.358205447384983
104301,The Good Mother,5.0,4.7,6.358191800573017
12665,Powder,143.0,6.3,6.358178094246256
13967,Miss Potter,143.0,6.3,6.358178094246256
47715,Intervista,11.0,5.6,6.358168294126934
26299,Clambake,11.0,5.6,6.358168294126934
12839,The Curiosity of Chance,15.0,5.8,6.3581526979664025
12921,Strange Brew,53.0,6.2,6.358148102208075
32633,Almost Normal,8.0,5.3,6.358108189661972
43358,Carrie (1952),8.0,5.3,6.358108189661972
15655,The Tigger Movie,146.0,6.3,6.358099685349947
10354,True Crime (1999),146.0,6.3,6.358099685349947
17202,Why Did I Get Married?,33.0,6.1,6.358083245985335
14040,American Flyers,33.0,6.1,6.358083245985335
15741,Dorothy Mills,54.0,6.2,6.358073991707731
26522,A Soldier's Story,54.0,6.2,6.358073991707731
9967,Uncommon Valor,54.0,6.2,6.358073991707731
11559,Tideland,147.0,6.3,6.358073595996639
22777,The Million Dollar Duck,13.0,5.7,6.358064929694792
42797,The Unsinkable Molly Brown,13.0,5.7,6.358064929694792
36652,The Good Earth,13.0,5.7,6.358064929694792
24488,Demonlover,13.0,5.7,6.358064929694792
29371,The Incredibly True Adventure of Two Girls In Love,13.0,5.7,6.358064929694792
43673,Sleeping Dogs Lie,13.0,5.7,6.358064929694792
58680,Woo,10.0,5.5,6.358052582408534
13193,Saved!,148.0,6.3,6.3580475300633825
32617,Bite the Bullet,24.0,6.0,6.358046528959679
29049,The Plague of the Zombies,24.0,6.0,6.358046528959679
33644,How Stella Got Her Groove Back,24.0,6.0,6.358046528959679
72031,The Glass Shield,9.0,5.4,6.358032501785449
228028,Back in the Day,9.0,5.4,6.358032501785449
49299,Dangerous Game,9.0,5.4,6.358032501785449
28353,Def Jam's How to Be a Player,9.0,5.4,6.358032501785449
12117,Instinct,149.0,6.3,6.358021487518658
18095,Dragon Ball GT: A Hero's Legacy,55.0,6.2,6.357999950633371
11827,Heavy Metal,150.0,6.3,6.3579954683310005
38874,Don't Tempt Me,19.0,5.9,6.357994232642375
36234,Timecode,19.0,5.9,6.357994232642375
31022,Aftermath,34.0,6.1,6.357961160199964
31357,Waiting to Exhale,34.0,6.1,6.357961160199964
4822,Kismet,5.0,4.6,6.357951986668607
21488,Funny Felix,7.0,5.1,6.357944365990902
37144,True Crime (1996),7.0,5.1,6.357944365990902
78406,Steal Big Steal Little,7.0,5.1,6.357944365990902
47070,Brenda Starr,7.0,5.1,6.357944365990902
10115,Stick It,153.0,6.3,6.357917550596617
10894,May,153.0,6.3,6.357917550596617
27176,"The Prize Winner of Defiance, Ohio",16.0,5.8,6.357886397387683
42048,The Coca-Cola Kid,16.0,5.8,6.357886397387683
11331,The Old Man and the Sea,25.0,6.0,6.357876431556433
40634,Nuts,25.0,6.0,6.357876431556433
32631,The Hunted (1995),25.0,6.0,6.357876431556433
26912,Quatermass and the Pit,57.0,6.2,6.357852076372734
175291,Cheap Thrills,156.0,6.3,6.3578398419484845
23069,Benji,35.0,6.1,6.357839189864873
54405,Hear My Song,4.0,4.1,6.357835838002215
25890,Looking for Comedy in the Muslim World,12.0,5.6,6.357805872322338
29787,Monkey Shines,58.0,6.2,6.3577782429919845
26182,The Big Store,20.0,5.9,6.357776134957839
10954,Farinelli,20.0,5.9,6.357776134957839
30309,Real Women Have Curves,20.0,5.9,6.357776134957839
41423,Eighteen,3.0,3.3,6.357767586646205
39424,Music from Another Room,14.0,5.7,6.357750660046665
34322,Murphy's Romance,14.0,5.7,6.357750660046665
29117,The Unsuspected,8.0,5.2,6.35772503872445
18690,Spinout,8.0,5.2,6.35772503872445
26269,Twilight (1998),36.0,6.1,6.357717334816377
5691,The Canterbury Tales,36.0,6.1,6.357717334816377
39145,Dragon Ball: Sleeping Princess in Devil's Castle,36.0,6.1,6.357717334816377
8197,Midnight in the Garden of Good and Evil,161.0,6.3,6.35771078989032
63945,Bliss,6.0,4.8,6.35768450567114
17912,Gypsy (1993),6.0,4.8,6.35768450567114
9698,Straight to Hell,6.0,4.8,6.35768450567114
49788,Slaves of New York,6.0,4.8,6.35768450567114
96966,Raggedy Man,6.0,4.8,6.35768450567114
31978,Defying Gravity,6.0,4.8,6.35768450567114
68098,Menolippu Mombasaan,6.0,4.8,6.35768450567114
56428,Beyond Bedlam,4.0,4.0,6.3576438948173974
43398,Challenge to Lassie,4.0,4.0,6.3576438948173974
31911,Mr. Wonderful,11.0,5.5,6.3576422174632174
19975,Care Bears Movie II: A New Generation,11.0,5.5,6.3576422174632174
31921,They All Laughed,11.0,5.5,6.3576422174632174
29015,The Specials,11.0,5.5,6.3576422174632174
4507,Jamon Jamon,60.0,6.2,6.357630783244802
2193,My Tutor,17.0,5.8,6.357620350797451
21200,Intimate Strangers,17.0,5.8,6.357620350797451
35343,Varning för Jönssonligan,17.0,5.8,6.357620350797451
42725,The Wild Angels,17.0,5.8,6.357620350797451
60082,Sprung,7.0,5.0,6.357608948276056
47199,The Secret Agent,7.0,5.0,6.357608948276056
9086,Young Guns II,165.0,6.3,6.357607962139341
41495,Johnny Eager,9.0,5.3,6.357601663325936
62488,Destiny Turns on the Radio,9.0,5.3,6.357601663325936
51426,Battle Cry,9.0,5.3,6.357601663325936
44412,Company Man,9.0,5.3,6.357601663325936
9977,Children of the Revolution,9.0,5.3,6.357601663325936
39041,The Conrad Boys,9.0,5.3,6.357601663325936
21925,Naqoyqatsi,37.0,6.1,6.3575955948911
1816,A Chorus Line,37.0,6.1,6.3575955948911
41801,Female Perversions,10.0,5.4,6.357574102062114
30529,The Truce,10.0,5.4,6.357574102062114
11526,Bandits (1997),10.0,5.4,6.357574102062114
2115,Light of Day,10.0,5.4,6.357574102062114
47122,Flaming Creatures,10.0,5.4,6.357574102062114
253270,Kelly & Cal,21.0,5.9,6.357558244891461
19053,Valley Girl,61.0,6.2,6.357557156684982
17006,I'm Gonna Git You Sucka,62.0,6.2,6.357483598872388
1809,The Rules of Attraction,170.0,6.3,6.357479941600798
18994,Tarzan and His Mate,38.0,6.1,6.357473969925973
3062,42nd Street,38.0,6.1,6.357473969925973
10525,Forget Paris,38.0,6.1,6.357473969925973
37345,Princess Caraboo,5.0,4.4,6.357472358859787
32872,Til There Was You,4.0,3.9,6.35745195163258
45549,Shopping,13.0,5.6,6.357443796844031
55561,Clockwatchers,13.0,5.6,6.357443796844031
35976,The End,15.0,5.7,6.357436690424456
8410,The Wild Blue Yonder,15.0,5.7,6.357436690424456
36351,Light Sleeper,15.0,5.7,6.357436690424456
13380,One Magic Christmas,15.0,5.7,6.357436690424456
28121,A Thin Line Between Love and Hate,15.0,5.7,6.357436690424456
31017,"Truth or Consequences, N.M.",15.0,5.7,6.357436690424456
32613,Horror Express,63.0,6.2,6.357410109710779
85325,Citizen's Band,6.0,4.7,6.35739686694538
4365,Munchies,6.0,4.7,6.35739686694538
84278,The Group,6.0,4.7,6.35739686694538
11676,Nothing to Lose (1997),174.0,6.3,6.357377934117755
26949,In Love and War,28.0,6.0,6.3573671076660805
37997,Permanent Vacation,28.0,6.0,6.3573671076660805
59558,Miami Connection,28.0,6.0,6.3573671076660805
39938,Little Women (1933),28.0,6.0,6.3573671076660805
19311,$9.99,28.0,6.0,6.3573671076660805
18133,The Program,28.0,6.0,6.3573671076660805
13817,Head On,18.0,5.8,6.35735455783251
22694,The Trip (1967),18.0,5.8,6.35735455783251
32611,Babes in Toyland (1961),18.0,5.8,6.35735455783251
19051,The New Adventures of Pippi Longstocking,18.0,5.8,6.35735455783251
47249,America America,18.0,5.8,6.35735455783251
30285,The Evening Star,18.0,5.8,6.35735455783251
2895,The Apostle,39.0,6.1,6.3573524597582365
61369,Rain,8.0,5.1,6.357341887786927
43752,The Wackiest Ship in the Army,8.0,5.1,6.357341887786927
48311,Parasite,8.0,5.1,6.357341887786927
31924,The Morning After,22.0,5.9,6.357340562146918
24408,C.S.A.: The Confederate States of America,22.0,5.9,6.357340562146918
46929,Fun & Fancy Free,64.0,6.2,6.35733668910409
134368,One Tough Cop,3.0,3.0,6.357335507143577
49803,Safe Passage,7.0,4.9,6.3572735305612085
48385,Indestructible Man,7.0,4.9,6.3572735305612085
84735,So Fine,7.0,4.9,6.3572735305612085
18569,Made for Each Other,7.0,4.9,6.3572735305612085
47941,Under the Rainbow,7.0,4.9,6.3572735305612085
40454,"Follow Me, Boys!",7.0,4.9,6.3572735305612085
9686,New York Stories,65.0,6.2,6.357263336956439
19753,Start the Revolution Without Me,12.0,5.5,6.357232244845582
53426,The Evil That Men Do,12.0,5.5,6.357232244845582
53027,Mystery Date,12.0,5.5,6.357232244845582
27307,How I Got Into College,12.0,5.5,6.357232244845582
12280,The Paper,40.0,6.1,6.357231064225437
5769,Tom Jones,40.0,6.1,6.357231064225437
10806,In & Out,181.0,6.3,6.3572002895264
15300,Newsies,66.0,6.2,6.357190053172122
15059,The Loss of Sexual Innocence,9.0,5.2,6.357170824866423
39467,Still Breathing,9.0,5.2,6.357170824866423
1909,Don Juan DeMarco,184.0,6.3,6.3571244924157835
41488,The Statement,23.0,5.9,6.357123086428452
17190,Gross Anatomy,23.0,5.9,6.357123086428452
15122,Love Stinks,11.0,5.4,6.3571161407995
18974,The 3 Worlds of Gulliver,11.0,5.4,6.3571161407995
10324,If Lucy Fell,11.0,5.4,6.3571161407995
27854,For Whom the Bell Tolls,41.0,6.1,6.357109783165427
18252,My Science Project,41.0,6.1,6.357109783165427
333555,Schneider vs. Bax,19.0,5.8,6.357089018130358
43029,Bells Are Ringing,14.0,5.6,6.357082067195832
41852,A Family Thing,14.0,5.6,6.357082067195832
18420,City of Industry,14.0,5.6,6.357082067195832
9599,The Blob (1988),187.0,6.3,6.357048895919501
38150,Heartless,68.0,6.2,6.357043690311559
15728,Boy Culture,30.0,6.0,6.357028363044012
76176,Da Hip Hop Witch,2.0,1.0,6.357026823220882
10060,Get Rich or Die Tryin',188.0,6.3,6.357023741530771
133575,The Velocity of Gary,5.0,4.2,6.356992731050966
52855,Dangerous Ground,8.0,5.0,6.356958736849405
39197,Miss Firecracker,8.0,5.0,6.356958736849405
45225,The Big Picture,24.0,5.9,6.356905817440868
30202,Children of the Damned,24.0,5.9,6.356905817440868
23127,The Haunted World of El Superbeasto,43.0,6.1,6.356867563816723
26352,A Low Down Dirty Shame,31.0,6.0,6.3568592314383165
18771,They Were Expendable,31.0,6.0,6.3568592314383165
15875,Donovan's Reef,31.0,6.0,6.3568592314383165
35645,Gold Diggers: The Secret of Bear Mountain,20.0,5.8,6.3568237313291815
18080,Out to Sea,20.0,5.8,6.3568237313291815
13141,Strangers with Candy,20.0,5.8,6.3568237313291815
10305,Merci pour le Chocolat,13.0,5.5,6.35682266399327
40913,Dance with a Stranger,13.0,5.5,6.35682266399327
45712,Gloria (1999),13.0,5.5,6.35682266399327
39287,Stagecoach (1966),6.0,4.5,6.356821589493859
11684,La Cage aux folles II,17.0,5.7,6.356809649540864
44490,Chuck & Buck,17.0,5.7,6.356809649540864
24951,Prancer,17.0,5.7,6.356809649540864
31781,Redemption: The Stan Tookie Williams Story,17.0,5.7,6.356809649540864
61752,Girl 6,17.0,5.7,6.356809649540864
7873,Harsh Times,198.0,6.3,6.356773412324552
18764,Twin Dragons,72.0,6.2,6.356751780759178
9548,The Adventures of Ford Fairlane,72.0,6.2,6.356751780759178
15256,200 Cigarettes,44.0,6.1,6.356746625205261
59181,H.O.T.S.,9.0,5.1,6.35673998640691
57575,The Last Time I Saw Paris,9.0,5.1,6.35673998640691
36141,The Underneath,15.0,5.6,6.35672068288251
26956,Puppet Master III Toulon's Revenge,32.0,6.0,6.356690259998918
6016,The Good Thief,32.0,6.0,6.356690259998918
22318,Permanent Midnight,32.0,6.0,6.356690259998918
12777,It's All About Love,25.0,5.9,6.356688754889529
25993,Asylum,25.0,5.9,6.356688754889529
19072,Blithe Spirit,25.0,5.9,6.356688754889529
43177,Son of Lassie,4.0,3.5,6.35668417889331
163869,Just Write,4.0,3.5,6.35668417889331
12611,The Fury,73.0,6.2,6.356678972853393
10990,Mulholland Falls,73.0,6.2,6.356678972853393
4997,Wonderland (2003),73.0,6.2,6.356678972853393
46889,Living Out Loud,12.0,5.4,6.356658617368826
29150,Big Fan,45.0,6.1,6.356625800421052
20173,The Barefoot Executive,10.0,5.2,6.356617141369274
77332,Urbania,10.0,5.2,6.356617141369274
87729,Jefferson in Paris,10.0,5.2,6.356617141369274
42986,The Courtship of Eddie's Father,7.0,4.7,6.356602695131515
11566,Dave,205.0,6.3,6.356599485592557
43634,Boys (1996),11.0,5.3,6.356590064135782
52867,Lord Love a Duck,8.0,4.9,6.356575585911882
123056,Desert Bloom,8.0,4.9,6.356575585911882
28436,The Curse of the Cat People,21.0,5.8,6.356558697067857
12478,Skin Deep,21.0,5.8,6.356558697067857
39931,Mark of the Devil,21.0,5.8,6.356558697067857
27813,Basket Case,75.0,6.2,6.356533559759955
35080,The Cat's Meow,33.0,6.0,6.356521448498409
106143,I'll Do Anything,18.0,5.7,6.356496577423062
38925,The Lords of Flatbush,18.0,5.7,6.356496577423062
19414,Please Don't Eat the Daisies,18.0,5.7,6.356496577423062
242042,Barefoot,210.0,6.3,6.356475903231386
49291,Time and Tide,26.0,5.9,6.35647189848036
66027,Women in Love,26.0,5.9,6.35647189848036
39437,Beloved,26.0,5.9,6.35647189848036
18414,Kids in the Hall: Brain Candy,26.0,5.9,6.35647189848036
20455,Digimon: The Movie,76.0,6.2,6.356460954384246
284296,Top Five,212.0,6.3,6.356426621263428
3040,Night Watch,212.0,6.3,6.356426621263428
38701,The Devil's Rain,14.0,5.5,6.3564134743450005
35122,Splendor,14.0,5.5,6.3564134743450005
30250,Cold Souls,47.0,6.1,6.356384491692195
11413,Employee of the Month (2004),47.0,6.1,6.356384491692195
27590,Gotcha!,47.0,6.1,6.356384491692195
10897,The Little Rascals,214.0,6.3,6.356377425229283
31016,Sidewalks of New York,16.0,5.6,6.356359643409773
38617,Off Limits,16.0,5.6,6.356359643409773
4974,Five Times Two,34.0,6.0,6.356352796709815
24452,The Little Shop of Horrors,78.0,6.2,6.356315945506019
28586,Tormented,9.0,5.0,6.356309147947397
21059,Girls Will Be Girls,9.0,5.0,6.356309147947397
77670,Kansas,4.0,3.3,6.3563002925236765
40773,Meatballs 4,4.0,3.3,6.3563002925236765
40044,Tarzan Finds a Son!,22.0,5.8,6.356293914985948
25944,Blood for Dracula,22.0,5.8,6.356293914985948
59930,The Inkwell,5.0,3.9,6.356273289337736
18620,Go Fish,5.0,3.9,6.356273289337736
66194,Deadtime Stories,7.0,4.6,6.356267277416667
43079,Mad About Mambo,7.0,4.6,6.356267277416667
13005,Where the Buffalo Roam,48.0,6.1,6.356264007427202
20438,The Tao of Steve,27.0,5.9,6.356255247919844
19267,The Big Brawl,27.0,5.9,6.356255247919844
49636,Master of the Flying Guillotine,27.0,5.9,6.356255247919844
12124,The Journey,6.0,4.3,6.356246312042338
39102,Dragon Ball Z: Lord Slug,79.0,6.2,6.356243541816491
4629,December Boys,79.0,6.2,6.356243541816491
44772,No Small Affair,13.0,5.4,6.356201531142509
38909,Salsa,8.0,4.8,6.35619243497436
18417,The Other Sister,35.0,6.0,6.356184304406588
10688,Hamlet (2000),35.0,6.0,6.356184304406588
24936,The Deep End,35.0,6.0,6.356184304406588
39929,Hello Mary Lou: Prom Night II,35.0,6.0,6.356184304406588
26798,Switching Channels,19.0,5.7,6.35618380361834
31064,The Business of Strangers,19.0,5.7,6.35618380361834
11548,Batteries not Included,222.0,6.3,6.356181495951135
26170,Coogan's Bluff,80.0,6.2,6.356171205168969
16072,Gods and Generals,49.0,6.1,6.3561436363487696
10381,Plunkett & MacLeane,49.0,6.1,6.3561436363487696
2021,Jack & Sarah,10.0,5.1,6.356138661022854
14587,Bhaji on the Beach,10.0,5.1,6.356138661022854
16248,D.A.R.Y.L.,81.0,6.2,6.356098935470379
46498,Candy,12.0,5.3,6.35608498989207
17539,Billy's Hollywood Screen Kiss,11.0,5.2,6.356063987472065
196257,Freaky Friday (1995),11.0,5.2,6.356063987472065
9064,Hellbound: Hellraiser II,227.0,6.3,6.356059730208593
10651,The Dead Pool,227.0,6.3,6.356059730208593
34681,Melvin Goes to Dinner,5.0,3.8,6.356033475433326
146778,The Men Next Door,5.0,3.8,6.356033475433326
53879,Love Is a Many-Splendored Thing,23.0,5.8,6.356029384723704
18588,52 Pick-Up,23.0,5.8,6.356029384723704
39231,Man's Favorite Sport?,23.0,5.8,6.356029384723704
24816,The Gnome-Mobile,23.0,5.8,6.356029384723704
43329,Apache,23.0,5.8,6.356029384723704
8141,You Kill Me,82.0,6.2,6.35602673262782
14771,The Onion Movie,50.0,6.1,6.356023378297478
24086,The Boy Who Could Fly,36.0,6.0,6.356015971362609
47406,Arabian Nights,36.0,6.0,6.356015971362609
184098,Think Like a Man Too,229.0,6.3,6.3560111715735355
42106,Carmen,15.0,5.5,6.356004675340564
31776,Where the Money is,15.0,5.5,6.356004675340564
15477,Love and a .45,15.0,5.5,6.356004675340564
71881,Five Corners,15.0,5.5,6.356004675340564
44853,The Claim,17.0,5.6,6.355998948284277
49671,Paragraph 175,6.0,4.2,6.355958673316578
10409,Strictly Ballroom,83.0,6.2,6.355954596548562
12271,Factory Girl,83.0,6.2,6.355954596548562
316042,Hyena Road,51.0,6.1,6.355903233114204
40932,Can't Stop the Music,9.0,4.9,6.355878309487884
41913,Making Love,9.0,4.9,6.355878309487884
21241,Cannonball,20.0,5.7,6.355871327700523
14652,Bon voyage,20.0,5.7,6.355871327700523
20287,Extreme Prejudice,20.0,5.7,6.355871327700523
34101,Hollywood Shuffle,20.0,5.7,6.355871327700523
5709,Amazon Women on the Moon,37.0,6.0,6.355847797352188
19797,I Think I Do,8.0,4.7,6.355809284036837
14012,Flicka,52.0,6.1,6.355783200640125
16094,House Party,52.0,6.1,6.355783200640125
28679,House on the Edge of the Park,24.0,5.8,6.355765105922059
25723,Overnight Delivery,24.0,5.8,6.355765105922059
2887,And the Band Played On,24.0,5.8,6.355765105922059
51333,Love's Labour's Lost,14.0,5.4,6.355744881494168
23724,BUtterfield 8,14.0,5.4,6.355744881494168
91550,Violet & Daisy,86.0,6.2,6.355738587965888
47867,Gordy,4.0,3.0,6.355724462969224
57351,Love and a Bullet,4.0,3.0,6.355724462969224
22784,Boxcar Bertha,38.0,6.0,6.355679782150058
13150,Pride and Glory,243.0,6.3,6.355673602361099
54494,The Sterile Cuckoo,6.0,4.1,6.355671034590817
17585,Surviving the Game,53.0,6.1,6.355663280716713
47886,Pieces,53.0,6.1,6.355663280716713
1610,Fever Pitch (1997),53.0,6.1,6.355663280716713
27609,Personal Best,10.0,5.0,6.355660180676434
11497,All Dogs Go to Heaven,244.0,6.3,6.355649645906631
20712,Whore,18.0,5.6,6.355638597013615
13907,Kurt & Courtney,30.0,5.9,6.355606528403381
13132,All the Real Girls,30.0,5.9,6.355606528403381
42694,Who's That Knocking at My Door,30.0,5.9,6.355606528403381
48482,Thief of Hearts,16.0,5.5,6.355596266420818
36049,Rich and Strange,16.0,5.5,6.355596266420818
25297,Cannery Row,16.0,5.5,6.355596266420818
16231,Wild Zero,16.0,5.5,6.355596266420818
17133,Homegrown,16.0,5.5,6.355596266420818
45840,Best Friends,13.0,5.3,6.355580398291749
11622,Blast from the Past,247.0,6.3,6.355577900085827
25128,Love & Sex,21.0,5.7,6.355559149244254
71208,Judas Kiss,21.0,5.7,6.355559149244254
52036,The Company,21.0,5.7,6.355559149244254
1718,Santa Fe Trail,5.0,3.6,6.355553847624505
19369,3-Day Weekend,5.0,3.6,6.355553847624505
29918,Lassie,54.0,6.1,6.355543473185742
16297,With Honors,54.0,6.1,6.355543473185742
100046,The Giant Mechanical Man,54.0,6.1,6.355543473185742
10671,Airport,89.0,6.2,6.3555231769311025
16233,Tromeo & Juliet,39.0,6.0,6.355511925531379
26689,Retroactive,39.0,6.0,6.355511925531379
32911,Wide Awake,12.0,5.2,6.355511362415313
39473,Silent Fall,12.0,5.2,6.355511362415313
40718,Wake of the Red Witch,12.0,5.2,6.355511362415313
60307,Diary of a Wimpy Kid: Rodrick Rules,250.0,6.3,6.355506339022174
24124,The Burning,90.0,6.2,6.3554515056129
49338,National Lampoon's Last Resort,8.0,4.6,6.355426133099315
34341,Men with Brooms,8.0,4.6,6.355426133099315
23283,Our Town,8.0,4.6,6.355426133099315
21143,The Day of the Triffids,55.0,6.1,6.3554237778892775
30924,Motel Hell,55.0,6.1,6.3554237778892775
40723,Trouble Every Day,31.0,5.9,6.35539069831342
12505,Little Nikita,31.0,5.9,6.35539069831342
3681,What's New Pussycat?,40.0,6.0,6.355344227271735
75761,John Dies at the End,257.0,6.3,6.3553400777101405
10222,Kickboxer,257.0,6.3,6.3553400777101405
14112,Auto Focus,56.0,6.1,6.355304194669685
10135,Road House,259.0,6.3,6.35529275726489
311291,45 Years,259.0,6.3,6.35529275726489
13352,It's a Very Merry Muppet Christmas Movie,15.0,5.4,6.355288667798618
11572,Kaena: The Prophecy,15.0,5.4,6.355288667798618
19317,"Zorro, The Gay Blade",15.0,5.4,6.355288667798618
15850,The Trip (2002),15.0,5.4,6.355288667798618
17731,The Fluffer,15.0,5.4,6.355288667798618
15943,The Shaggy D.A.,15.0,5.4,6.355288667798618
323679,Manson Family Vacation,19.0,5.6,6.355278589106321
31618,Betrayed,19.0,5.6,6.355278589106321
23423,Friends and Family,7.0,4.3,6.355261024272126
60375,Rocky VI,22.0,5.7,6.3552472678249785
19610,A Star Is Born (1976),22.0,5.7,6.3552472678249785
19742,Rodan,22.0,5.7,6.3552472678249785
15142,Dream a Little Dream,26.0,5.8,6.3552373012677
32261,Scandal,26.0,5.8,6.3552373012677
30237,Onegin,26.0,5.8,6.3552373012677
11308,The Hotel New Hampshire,26.0,5.8,6.3552373012677
27586,The Runaways,262.0,6.3,6.355221928138822
17761,The High and the Mighty,17.0,5.5,6.35518824702769
101998,Foxfire (2012),17.0,5.5,6.35518824702769
56386,SS Experiment Love Camp,10.0,4.9,6.355181700330014
33076,Wholly Moses,10.0,4.9,6.355181700330014
20764,Sleep Dealer,41.0,6.0,6.355176687147134
10355,Shiri,41.0,6.0,6.355176687147134
40082,The Mambo Kings,32.0,5.9,6.355175072612853
10978,The Best Man's Wedding,32.0,5.9,6.355175072612853
22828,Homicide,32.0,5.9,6.355175072612853
19324,Born in East L.A.,32.0,5.9,6.355175072612853
10750,Toy Soldiers,94.0,6.2,6.355165479705013
244509,Cold in July,265.0,6.3,6.355151280242527
10249,The Rocketeer,265.0,6.3,6.355151280242527
109614,Losing Chase,6.0,3.9,6.3550957571392965
15902,Faces of Death IV,6.0,3.9,6.3550957571392965
13990,The Wackness,95.0,6.2,6.355094137614526
98502,The Myth Of Fingerprints,5.0,3.4,6.355074219815685
33374,Class Reunion,5.0,3.4,6.355074219815685
56811,Cropsey,58.0,6.1,6.355065363832042
13764,Santa Claus: The Movie,58.0,6.1,6.355065363832042
9077,Tarantula,58.0,6.1,6.355065363832042
1687,Escape from the Planet of the Apes,270.0,6.3,6.355033934596359
1363,The Hi-Lo Country,9.0,4.7,6.355016632568858
49478,Warriors of Virtue,9.0,4.7,6.355016632568858
83714,Angie,11.0,5.0,6.35501183414463
18446,Swing Shift,11.0,5.0,6.35501183414463
18913,Betsy's Wedding,11.0,5.0,6.35501183414463
32625,Personal Velocity,11.0,5.0,6.35501183414463
14425,PCU,42.0,6.0,6.355009304934006
16081,Doctor Dolittle (1967),42.0,6.0,6.355009304934006
14845,Gray Matters,27.0,5.8,6.354973774700261
14474,The Oh in Ohio,27.0,5.8,6.354973774700261
4939,Send Me No Flowers,33.0,5.9,6.354959651011484
121676,Inescapable,13.0,5.2,6.354959265440987
22915,North Shore,13.0,5.2,6.354959265440987
24625,Dinner with Friends,13.0,5.2,6.354959265440987
47947,Young Doctors in Love,13.0,5.2,6.354959265440987
39517,Clapham Junction,13.0,5.2,6.354959265440987
18535,Loving You,13.0,5.2,6.354959265440987
2575,The Tailor of Panama,97.0,6.2,6.35495165006303
4516,My Best Friend,59.0,6.1,6.354946115900192
9664,Flyboys,274.0,6.3,6.354940417003213
27993,Senior Trip,23.0,5.7,6.354935683018955
13966,Maybe Baby,20.0,5.6,6.354918924071866
41291,One from the Heart,20.0,5.6,6.354918924071866
28370,Date With an Angel,20.0,5.6,6.354918924071866
39002,No Holds Barred,20.0,5.6,6.354918924071866
268238,The Second Best Exotic Marigold Hotel,277.0,6.3,6.354870487114582
40850,Cherrybomb,43.0,6.0,6.354842080409201
4482,French Twist,43.0,6.0,6.354842080409201
6028,The Mirror Crack'd,43.0,6.0,6.354842080409201
38867,Delta of Venus,5.0,3.3,6.354834405911276
66599,Love Field,16.0,5.4,6.354832889431863
22640,Shrink,60.0,6.1,6.354826979417609
9455,The Corruptor,60.0,6.1,6.354826979417609
2612,Mr. Destiny,60.0,6.1,6.354826979417609
37725,It's a Boy Girl Thing,279.0,6.3,6.354823966003821
20174,The Fast and the Furious (1955),6.0,3.8,6.354808118413536
2251,Unfaithful,282.0,6.3,6.3547543320581354
16131,Undertow,34.0,5.9,6.354744433219666
15171,Charlotte's Web (1973),100.0,6.2,6.354738408956496
34038,Magical Mystery Tour,28.0,5.8,6.354710498163957
38225,Wild America,28.0,5.8,6.354710498163957
29228,The Computer Wore Tennis Shoes,28.0,5.8,6.354710498163957
54662,The Future,28.0,5.8,6.354710498163957
4435,Asoka,28.0,5.8,6.354710498163957
1698,Anatomy,61.0,6.1,6.354707954228129
16110,Thomas and the Magic Railroad,10.0,4.8,6.354703219983595
18713,The Jerky Boys,10.0,4.8,6.354703219983595
20721,Code of Silence,44.0,6.0,6.354675013349991
20794,Novocaine,44.0,6.0,6.354675013349991
10056,Killer's Kiss,101.0,6.2,6.354667458953536
8388,¡Three Amigos!,287.0,6.3,6.354638667738953
12616,One Night Stand,24.0,5.7,6.354624394403249
76421,Role/Play,7.0,4.1,6.354590188842432
47898,The Gun in Betty Lou's Handbag,7.0,4.1,6.354590188842432
10081,The Principal,62.0,6.1,6.354589040175874
79593,The Tie That Binds,9.0,4.6,6.354585794109345
35463,Fatal Beauty,15.0,5.3,6.354572660256672
4916,Guilty as Sin,21.0,5.6,6.35455960142065
2625,Mr. Jones,35.0,5.9,6.354529418948303
6393,Taking Care of Business,45.0,6.0,6.354508103534067
19345,Black Widow,45.0,6.0,6.354508103534067
54318,The Water Horse,293.0,6.3,6.354500513961404
44465,The Rich Man's Wife,11.0,4.9,6.354485757480912
11259,Far and Away,294.0,6.3,6.354477556226843
17880,Because of Winn-Dixie,63.0,6.1,6.354470237105259
2212,Nightwatch,104.0,6.2,6.354454998788761
23601,We Don't Live Here Anymore,29.0,5.8,6.354447471303119
41963,Masquerade,14.0,5.2,6.354407695792504
43488,A Walk in the Sun,14.0,5.2,6.354407695792504
26156,Hiding Out,14.0,5.2,6.354407695792504
25447,Tapeheads,17.0,5.4,6.354377545771103
31866,Sylvia Scarlett,12.0,5.0,6.354364107461801
55667,Carnosaur 3: Primal Species,12.0,5.0,6.354364107461801
40446,Sorority House Massacre II,12.0,5.0,6.354364107461801
30500,To Gillian on Her 37th Birthday,13.0,5.1,6.354338132590226
23325,At War with the Army,13.0,5.1,6.354338132590226
16725,The Tracey Fragments,36.0,5.9,6.354314607908842
18658,Clean Slate,25.0,5.7,6.3543134015557206
42604,"Goodbye, Columbus",8.0,4.3,6.354276680286747
24525,Hurlyburly,22.0,5.6,6.35420062066401
15258,The Aristocrats,47.0,6.0,6.354174754744923
15947,The Three Caballeros,108.0,6.2,6.354172624879323
31395,"Car 54, Where Are You?",5.0,3.0,6.354114964198045
173153,Phil Spector,37.0,5.9,6.3540999998132754
9748,D.O.A. (1988),37.0,5.9,6.3540999998132754
1680,King Kong vs. Godzilla,48.0,6.0,6.354008315329174
43535,A Simple Twist of Fate,26.0,5.7,6.354002704055041
36094,Stanley & Iris,26.0,5.7,6.354002704055041
22189,Havana,20.0,5.5,6.353966520443207
41952,Criminal Law,20.0,5.5,6.353966520443207
11444,The Closet,111.0,6.2,6.353961521077484
692,Pink Flamingos,111.0,6.2,6.353961521077484
10074,Hot Rod,317.0,6.3,6.35395481532978
38509,Polish Wedding,18.0,5.4,6.353922636194721
20815,The Handmaid's Tale,31.0,5.8,6.353922165188524
7450,Titan A.E.,320.0,6.3,6.3538873704055145
1965,A Perfect Murder,320.0,6.3,6.3538873704055145
40814,Crimes of Passion,38.0,5.9,6.353885594374142
17281,Gigi,68.0,6.1,6.353877881051567
24873,Death Wish 3,68.0,6.1,6.353877881051567
2621,Return to Me,68.0,6.1,6.353877881051567
9786,Art School Confidential,68.0,6.1,6.353877881051567
11366,Spiral,49.0,6.0,6.3538420322716425
31608,Three Fugitives,49.0,6.0,6.3538420322716425
21055,All Over the Guy,23.0,5.6,6.353841981314208
41760,Author! Author!,23.0,5.6,6.353841981314208
9035,Slither,324.0,6.3,6.353797705694674
40480,Bad Company (1995),12.0,4.9,6.353790479985045
1956,Gerry,69.0,6.1,6.353759740619704
16409,Last Chance Harvey,69.0,6.1,6.353759740619704
34053,Everybody's All-American,10.0,4.6,6.353746259290755
24585,Fraternity Vacation,14.0,5.1,6.353739102941671
18856,The Invisible Circus,14.0,5.1,6.353739102941671
83403,Conception,9.0,4.4,6.353724117190318
10866,Joy Ride,328.0,6.3,6.353708338879426
38965,18 Again!,27.0,5.7,6.353692301480677
42149,The Hand,27.0,5.7,6.353692301480677
17707,Brokedown Palace,115.0,6.2,6.353680946994106
34223,Vamp,39.0,5.9,6.353671391304521
10368,Tea with Mussolini,32.0,5.8,6.353659885226788
15259,Breakin',32.0,5.8,6.353659885226788
26954,Puppet Master II,32.0,5.8,6.353659885226788
12637,"New York, New York",70.0,6.1,6.353641710088473
18111,Bride of Re-Animator,70.0,6.1,6.353641710088473
8675,Orgazmo,116.0,6.2,6.3536109631843685
2577,Code 46,116.0,6.2,6.3536109631843685
17770,Trial and Error,17.0,5.3,6.353566844514516
111815,Mr & Mrs Bridge,17.0,5.3,6.353566844514516
34765,Zenon: Z3,17.0,5.3,6.353566844514516
27465,Once Upon a Crime,17.0,5.3,6.353566844514516
61178,Nadine,21.0,5.5,6.353560053597047
39578,The Monster Club,21.0,5.5,6.353560053597047
53287,The Super,21.0,5.5,6.353560053597047
24924,Night of the Demons,71.0,6.1,6.353523789304593
54325,Back Soon,8.0,4.1,6.353510378411703
23939,Stay Tuned,51.0,6.0,6.353509934350742
13644,All I Want For Christmas,24.0,5.6,6.3534836828844385
33339,Camp,24.0,5.6,6.3534836828844385
17915,Dance with Me,24.0,5.6,6.3534836828844385
32146,Body Parts,24.0,5.6,6.3534836828844385
17991,Tetsuo II: Body Hammer,24.0,5.6,6.3534836828844385
13497,Drumline,118.0,6.2,6.3534711866078455
19415,Summer Lovers,19.0,5.4,6.3534681600822855
16617,Mindhunters,339.0,6.3,6.353464104096701
1247,The Good Shepherd,342.0,6.3,6.353397879644383
33516,Gothic,33.0,5.8,6.353397853524558
32644,Two of a Kind,28.0,5.7,6.353382193412896
16219,Gladiator 1992,28.0,5.7,6.353382193412896
50463,The Favor,6.0,3.3,6.353369924784734
11855,Pecker,52.0,6.0,6.353344119048155
9872,Explorers,120.0,6.2,6.353331664176328
11503,The Serpent and the Rainbow,120.0,6.2,6.353331664176328
36288,Night and the City (1992),16.0,5.2,6.353306135453954
6435,Practical Magic,348.0,6.3,6.353265921705436
17287,Poultrygeist: Night of the Chicken Dead,41.0,5.9,6.35324359112884
30141,The Singing Detective,41.0,5.9,6.35324359112884
16363,The Best Little Whorehouse in Texas,41.0,5.9,6.35324359112884
65460,Carnosaur 2,12.0,4.8,6.353216852508289
441,Human Nature,74.0,6.1,6.3531706839085
14373,Death Wish 2,74.0,6.1,6.3531706839085
27526,The Crossing Guard,74.0,6.1,6.3531706839085
5638,Alice's Restaurant,22.0,5.5,6.35315397350304
41828,Prom Night III: The Last Kiss,15.0,5.1,6.35314064517278
37744,Rocketship X-M,15.0,5.1,6.35314064517278
30548,Zerophillia,15.0,5.1,6.35314064517278
8357,What the #$*! Do We (K)now!?,34.0,5.8,6.353136069729517
309887,Bad Asses on the Bayou,34.0,5.8,6.353136069729517
49126,Audrey Rose,34.0,5.8,6.353136069729517
126797,Mental,34.0,5.8,6.353136069729517
22377,The Green Berets,34.0,5.8,6.353136069729517
33657,A Smile Like Yours,6.0,3.2,6.3530822860589735
59427,Ring of Bright Water,6.0,3.2,6.3530822860589735
30949,Palmetto,29.0,5.7,6.353072379432757
4927,Edge of Seventeen,29.0,5.7,6.353072379432757
49728,Office Killer,14.0,5.0,6.35307051009084
21311,I Dreamed of Africa,18.0,5.3,6.353064655785273
11343,Salem's Lot (1979),124.0,6.2,6.35305337898079
5172,The Astronaut Farmer,124.0,6.2,6.35305337898079
14460,Battle Beyond the Stars,42.0,5.9,6.353029993451643
14911,Bat*21,42.0,5.9,6.353029993451643
9816,Save the Last Dance,359.0,6.3,6.353025685071328
39916,Contamination,20.0,5.4,6.35301411681455
27767,Slumber Party Massacre III,20.0,5.4,6.35301411681455
44027,"My Son, My Son, What Have Ye Done",54.0,6.0,6.353012954663752
12583,Ginger Snaps Back: The Beginning,54.0,6.0,6.353012954663752
10502,The Man without a Face,125.0,6.2,6.3529839654435305
15417,Every Which Way But Loose,126.0,6.2,6.352914614839281
16097,House Party 3,11.0,4.6,6.35290752748976
24249,Bad Influence,35.0,5.8,6.352874533490017
6643,The Unforgiven,35.0,5.8,6.352874533490017
12912,Chaos Theory,127.0,6.2,6.352845327082496
13703,Less Than Zero,77.0,6.1,6.352818560747683
27346,Maniac (1980),77.0,6.1,6.352818560747683
1266,Street Kings,369.0,6.3,6.3528091609076185
34812,H.G. Wells' War of the Worlds,10.0,4.4,6.352789298597916
32519,"Kiss Me, Guido",10.0,4.4,6.352789298597916
11890,Oscar,128.0,6.2,6.3527761020877795
12628,Playing God,26.0,5.6,6.352768106842381
54087,Mr. Saturday Night,17.0,5.2,6.352756143257929
2608,Maid to Order,17.0,5.2,6.352756143257929
28100,Carousel,23.0,5.5,6.352748279609459
5187,Three of Hearts,8.0,3.9,6.352744076536657
10622,Mr. Nice Guy,129.0,6.2,6.352706939769897
26320,Taking Woodstock,129.0,6.2,6.352706939769897
9584,Convoy,78.0,6.1,6.352701403927206
16148,Zero Effect,56.0,6.0,6.35268241045189
26271,Live Nude Girls,12.0,4.7,6.352643225031533
58467,Girl,12.0,4.7,6.352643225031533
8067,A Life Less Ordinary,130.0,6.2,6.352637840043763
9944,The Pelican Brief,377.0,6.3,6.352637210608565
88036,Sparkle,36.0,5.8,6.352613244455074
24746,Six-String Samurai,36.0,5.8,6.352613244455074
25167,Bye Bye Birdie,36.0,5.8,6.352613244455074
14799,For Your Consideration,44.0,5.9,6.352603401494721
35588,Geronimo: An American Legend,44.0,5.9,6.352603401494721
17941,Hush (1998),44.0,5.9,6.352603401494721
10643,Godzilla 2000,44.0,5.9,6.352603401494721
42807,The Newton Boys,44.0,5.9,6.352603401494721
11591,The Man with Two Brains,131.0,6.2,6.3525688028244485
15007,Number Seventeen,19.0,5.3,6.352562945570268
33632,Sweet Bird of Youth,21.0,5.4,6.352560505773443
36372,Half Moon Street,16.0,5.1,6.352542758464999
40247,Please Give,57.0,6.0,6.3525173703665105
42176,The Main Event,13.0,4.8,6.352474734037944
24341,Dolls (1987),80.0,6.1,6.352467415729398
18886,Flight of the Intruder,31.0,5.7,6.352453632063628
301748,The Opposite Sex,9.0,4.1,6.352431601811778
46924,Being Human,15.0,5.0,6.3524246376308335
13163,Buying the Cow,27.0,5.6,6.352410828261095
19378,The Cat from Outer Space,27.0,5.6,6.352410828261095
27985,Far from Home: The Adventures of Yellow Dog,27.0,5.6,6.352410828261095
9100,The Craft,388.0,6.3,6.352402599163157
67772,"Come Back to the 5 & Dime, Jimmy Dean, Jimmy Dean",14.0,4.9,6.352401917240007
32058,Making Mr. Right,8.0,3.8,6.352360925599135
30943,The Deep End of the Ocean,58.0,6.0,6.352352484672099
43566,Before and After,37.0,5.8,6.352352202274363
18828,Double Take,24.0,5.5,6.352342971365629
25767,The Grass Is Greener,24.0,5.5,6.352342971365629
37308,100 Rifles,24.0,5.5,6.352342971365629
41225,Spirits of the Dead,24.0,5.5,6.352342971365629
15128,Speechless,24.0,5.5,6.352342971365629
16471,Modern Problems,24.0,5.5,6.352342971365629
9779,The Sisterhood of the Traveling Pants,396.0,6.3,6.352233282014868
73873,Albert Nobbs,136.0,6.2,6.352224551368359
11954,Lifeforce,136.0,6.2,6.352224551368359
66195,The Perfect Host,136.0,6.2,6.352224551368359
11521,Little Man Tate,59.0,6.0,6.352187753152115
9709,My Summer of Love,59.0,6.0,6.352187753152115
14742,Night Shift,46.0,5.9,6.352177612175598
16270,Career Opportunities,46.0,5.9,6.352177612175598
9515,The Matador,137.0,6.2,6.352155887415013
10612,The Englishman Who Went Up a Hill But Came Down a Mountain,83.0,6.1,6.352117244783612
31503,My Boyfriend's Back,22.0,5.4,6.35210732634207
16508,Doug's 1st Movie,22.0,5.4,6.35210732634207
200,Star Trek: Insurrection,402.0,6.3,6.352107010457387
31650,Someone to Watch Over Me,38.0,5.8,6.352091406598227
21500,Class,38.0,5.8,6.352091406598227
16820,F/X2,38.0,5.8,6.352091406598227
60309,The Conspirator,138.0,6.2,6.352087285378261
13483,Awake,403.0,6.3,6.352086024529175
26725,Nomads,20.0,5.3,6.352061713185892
51995,Salvation Boulevard,28.0,5.6,6.3520538886618345
321,Mambo Italiano,28.0,5.6,6.3520538886618345
89326,96 Minutes,28.0,5.6,6.3520538886618345
14550,The Dream Team,60.0,6.0,6.352023175590417
10611,Barbershop,139.0,6.2,6.352018745174391
5551,Space Cowboys,407.0,6.3,6.352002249584718
10410,Hoffa,84.0,6.1,6.352000736895359
38554,Dear God,17.0,5.1,6.351945442001343
19893,Flipper (1963),17.0,5.1,6.351945442001343
46625,The End of Violence,17.0,5.1,6.351945442001343
28368,Gardens of Stone,25.0,5.5,6.351938048221912
26291,Shakes the Clown,25.0,5.5,6.351938048221912
11860,Sabrina (1995),141.0,6.2,6.351881849931207
1551,Flatliners,413.0,6.3,6.35187709123918
25562,Soapdish,61.0,6.0,6.3518587517712755
73079,Clara's Heart,11.0,4.4,6.351855374162325
14205,Holding Trevor,13.0,4.7,6.351853601187183
38126,Return of the Fly,33.0,5.7,6.351836056037632
49763,Bad Moon,33.0,5.7,6.351836056037632
10851,Revolver,415.0,6.3,6.351835505563123
14351,Crossover,10.0,4.2,6.351832337905076
17203,Blow Dry,39.0,5.8,6.351830857077663
9280,Femme Fatale,142.0,6.2,6.351813494725225
38921,Burglar,16.0,5.0,6.351779381476044
314420,Body,16.0,5.0,6.351779381476044
10447,No Escape,86.0,6.1,6.3517680438628386
44754,Margaret,86.0,6.1,6.3517680438628386
2453,Harley Davidson and the Marlboro Man,86.0,6.1,6.3517680438628386
19004,The Land Before Time III: The Time of the Great Giving,86.0,6.1,6.3517680438628386
208869,Plastic,86.0,6.1,6.3517680438628386
39100,Dragon Ball Z: The World's Strongest,86.0,6.1,6.3517680438628386
13818,Heartburn,48.0,5.9,6.351752623231145
45145,Johnny Suede,14.0,4.8,6.3517333243891745
21915,Booty Call,29.0,5.6,6.351697287562395
21910,I Sell The Dead,62.0,6.0,6.351694481479359
6964,Something's Gotta Give,422.0,6.3,6.351690479268056
11034,The Great Gatsby (1974),144.0,6.2,6.351676968728935
42114,Nightmares,23.0,5.4,6.3516545779047116
18256,Castle Freak,40.0,5.8,6.351570553364331
13561,Murder Party,40.0,5.8,6.351570553364331
41843,Surviving Picasso,21.0,5.3,6.3515609579498395
15556,At First Sight,49.0,5.9,6.351540428194515
32685,Ernest Scared Stupid,49.0,5.9,6.351540428194515
9033,The Prophecy II,49.0,5.9,6.351540428194515
14347,Blame It on Rio,49.0,5.9,6.351540428194515
5680,"Elvira, Mistress of the Dark",88.0,6.1,6.351535780163156
40952,Alone in the Dark,26.0,5.5,6.351533509629722
40001,Mrs. Winterbourne,26.0,5.5,6.351533509629722
28466,The Survivors,34.0,5.7,6.351527706239368
36912,The Sting II,12.0,4.5,6.3514959700780205
8851,The Blob (1958),147.0,6.2,6.351472639531518
7870,Down in the Valley,64.0,6.0,6.351366400617885
34043,On the Line,10.0,4.1,6.351353857558657
98851,Parts: The Clonus Horror,10.0,4.1,6.351353857558657
22976,Biggles,18.0,5.1,6.351348694966378
15855,Phantom of the Opera,30.0,5.6,6.351341024481488
14578,Outside Providence,30.0,5.6,6.351341024481488
43742,Love Affair,11.0,4.3,6.351329297498608
55699,The Experts,11.0,4.3,6.351329297498608
15647,Kissing Jessica Stein,50.0,5.9,6.35132843240673
27374,Lake Mungo,90.0,6.1,6.351303944609191
44181,National Lampoon's Gold Diggers,7.0,3.1,6.351236011693962
16888,The Ladies Man,35.0,5.7,6.351219648031733
29076,Gun Shy,24.0,5.4,6.351202259846819
13022,Rogue,151.0,6.2,6.351201055426932
2290,Jakob the Liar,91.0,6.1,6.3511881870170726
31633,The Marrying Man,17.0,5.0,6.351134740744755
36915,Heaven's Prisoners,17.0,5.0,6.351134740744755
47608,Mad Love,27.0,5.5,6.351129355041512
128248,What Richard Did,27.0,5.5,6.351129355041512
28117,Delirious (1991),27.0,5.5,6.351129355041512
9302,Up Close & Personal,51.0,5.9,6.35111663558728
37244,Leave it to Beaver,20.0,5.2,6.351109309557234
10540,Outland,153.0,6.2,6.351065628251736
2045,Unforgettable,22.0,5.3,6.3510606791811
12606,A Very Brady Sequel,42.0,5.8,6.35105068196928
617,Wild Things,454.0,6.3,6.35103770579716
231,Syriana,455.0,6.3,6.35101757218277
54007,Star Kid,16.0,4.9,6.351016004487089
47818,A Night in the Life of Jimmy Reardon,16.0,4.9,6.351016004487089
47168,The Wind in the Willows,16.0,4.9,6.351016004487089
33525,Morons from Outer Space,15.0,4.8,6.350992622546942
32077,True Confessions,31.0,5.6,6.3509850989387315
29756,13 Ghosts,31.0,5.6,6.3509850989387315
3486,The Fiendish Plot of Dr. Fu Manchu,12.0,4.4,6.350922342601264
24197,Mr. & Mrs. Smith (1941),36.0,5.7,6.3509118810013065
2088,Romeo Is Bleeding,36.0,5.7,6.3509118810013065
28005,Kama Sutra - A Tale of Love,36.0,5.7,6.3509118810013065
26860,White Zombie,52.0,5.9,6.350905037456186
13950,All About the Benjamins,52.0,5.9,6.350905037456186
11062,City Hall,67.0,6.0,6.350875425419649
15785,Cherry 2000,67.0,6.0,6.350875425419649
29425,The Crazies (1973),67.0,6.0,6.350875425419649
18462,Night of the Comet,94.0,6.1,6.3508415532117635
29030,The Tomb of Ligeia,43.0,5.8,6.3507911135941555
32456,Two Girls and a Guy,25.0,5.4,6.350750371555008
84290,Keep the Lights On,25.0,5.4,6.350750371555008
17169,Any Which Way You Can,95.0,6.1,6.3507262211106985
26560,Continental Divide,28.0,5.5,6.350725583910773
20704,Necessary Roughness,28.0,5.5,6.350725583910773
53830,'Neath the Arizona Skies,9.0,3.7,6.350708247973726
194722,At Middleton,53.0,5.9,6.35069363773399
9930,Legal Eagles,53.0,5.9,6.35069363773399
20242,Outrageous Fortune,32.0,5.6,6.350629510454658
28377,Hell Night,32.0,5.6,6.350629510454658
25628,Hawk the Slayer,13.0,4.5,6.350611335485661
7515,London,96.0,6.1,6.350610995015839
12488,The Gingerbread Man,37.0,5.7,6.350604404735451
1729,The Forbidden Kingdom,476.0,6.3,6.35059840552621
48287,The Baby-Sitters Club,23.0,5.3,6.350560876199963
14317,The Wild Thornberrys Movie,44.0,5.8,6.350531789639452
11286,The Cannonball Run,161.0,6.2,6.350526336868164
9440,Primary Colors,97.0,6.1,6.350495874781099
75531,Isn't She Great,14.0,4.6,6.35039613868751
11215,Baby Boom,70.0,6.0,6.35038582041662
15301,Twilight Zone: The Movie,164.0,6.2,6.35032509396587
23945,Carpool,17.0,4.9,6.350324039488169
17343,Vampyros Lesbos,29.0,5.5,6.350322195692033
12656,Feeling Minnesota,29.0,5.5,6.350322195692033
26789,No Mercy,38.0,5.7,6.350297218822312
13526,The Weight of Water,33.0,5.6,6.350274258550706
27815,Basket Case 2,33.0,5.6,6.350274258550706
15213,Everyone's Hero,55.0,5.9,6.350271432401093
31052,The Accidental Tourist,55.0,5.9,6.350271432401093
33666,The Glass Bottom Boat,16.0,4.8,6.350252627498134
10449,When a Man Loves a Woman,71.0,6.0,6.350222922245852
1713,Jungle Fever,71.0,6.0,6.350222922245852
15198,"Mystery, Alaska",71.0,6.0,6.350222922245852
699,For Your Eyes Only,497.0,6.3,6.350186070589151
13704,License to Drive,100.0,6.1,6.350151147780781
11395,The Santa Clause,501.0,6.3,6.350108291367409
19736,Baby: Secret of the Lost Legend,24.0,5.3,6.350061548328009
31582,Flawless (1999),56.0,5.9,6.350060626234094
9844,The Opposite of Sex,56.0,5.9,6.350060626234094
24099,Dreamscape,72.0,6.0,6.350060175470951
11828,Erik the Viking,72.0,6.0,6.350060175470951
16384,My Blue Heaven,72.0,6.0,6.350060175470951
9445,Apt Pupil,168.0,6.2,6.3500576056427915
2655,What Lies Beneath,504.0,6.3,6.35005011498083
1249,Hollywoodland,101.0,6.1,6.350036449531037
11115,Deal,22.0,5.2,6.350014032020131
29229,Left Behind II: Tribulation Force,22.0,5.2,6.350014032020131
41670,A Stranger Among Us,22.0,5.2,6.350014032020131
2269,Day Watch,170.0,6.2,6.349924218140276
28200,Sylvia,34.0,5.6,6.34991934274922
7216,Zombie Holocaust,34.0,5.6,6.34991934274922
21344,The Krays,34.0,5.6,6.34991934274922
19380,White Sands,30.0,5.5,6.349919189840857
38940,Men of War,30.0,5.5,6.349919189840857
9671,Crocodile Dundee,512.0,6.3,6.349895636337396
10333,The Prince of Tides,57.0,5.9,6.349850017363399
33278,Deadly Friend,57.0,5.9,6.349850017363399
1775,Canadian Bacon,57.0,5.9,6.349850017363399
30713,Shiver,27.0,5.4,6.34984788182193
113739,Ring of Terror,5.0,1.2,6.349798313918662
46286,The Suburbans,11.0,4.0,6.349751067507455
10491,Enigma,74.0,6.0,6.34973513526531
14170,Funny Farm,74.0,6.0,6.34973513526531
19760,Two If by Sea,14.0,4.5,6.349727545836679
10606,The Philadelphia Experiment,104.0,6.1,6.349692985006394
2084,Birthday Girl,104.0,6.1,6.349692985006394
22317,Lightning Jack,40.0,5.7,6.349683716410629
34563,Our Family Wedding,40.0,5.7,6.349683716410629
22160,Against All Odds,40.0,5.7,6.349683716410629
4561,The Story of O,40.0,5.7,6.349683716410629
40722,How to Make Love to a Woman,18.0,4.9,6.349632734147484
37843,Blood Beach,18.0,4.9,6.349632734147484
112336,Hitchcock,527.0,6.3,6.349608544316045
7091,Vampire's Kiss,75.0,6.0,6.3495728414138215
20096,The Butcher's Wife,35.0,5.6,6.349564762573448
17362,Loverboy,31.0,5.5,6.349516565813834
36577,Vampire Girl vs. Frankenstein Girl,23.0,5.2,6.349467174495215
25087,Bloodsport II,23.0,5.2,6.349467174495215
16235,Amityville II: The Possession,59.0,5.9,6.349429390404037
15901,Faces of Death III,9.0,3.4,6.349415732595187
1362,The Hobbit,76.0,6.0,6.349410698116707
1689,Little Buddha,76.0,6.0,6.349410698116707
3043,Flesh for Frankenstein,28.0,5.4,6.349397279159711
15139,The Pagemaster,178.0,6.2,6.34939303111438
19819,Blue Chips,41.0,5.7,6.349377399092253
11038,Tough Guys,41.0,5.7,6.349377399092253
2069,The Whole Nine Yards,540.0,6.3,6.349362390352759
811,Silent Running,179.0,6.2,6.349326897277369
397,French Kiss,179.0,6.2,6.349326897277369
10380,An American Tail: Fievel Goes West,180.0,6.2,6.349260821967173
9674,Ringu 0,49.0,5.8,6.349238824117387
260001,Life Partners,108.0,6.1,6.349236497454108
66918,Beginning of the End,11.0,3.9,6.349224990843738
20735,That Darn Cat,11.0,3.9,6.349224990843738
39154,The Giant Spider Invasion,11.0,3.9,6.349224990843738
9458,Desperate Measures,60.0,5.9,6.349219371763224
14922,Happy Endings,36.0,5.6,6.349210517547538
65203,The Broadway Melody,20.0,5.0,6.349204502299918
26677,The Video Dead,20.0,5.0,6.349204502299918
9777,Proof (2005),182.0,6.2,6.34912884661673
10029,Very Bad Things,182.0,6.2,6.34912884661673
9975,Curious George,109.0,6.1,6.3491226362432736
53985,Mutant Pumpkins from Outer Space,78.0,6.0,6.3490868623483925
14931,Miami Blues,42.0,5.7,6.349071370486917
38295,She's So Lovely,26.0,5.3,6.349064315204403
13408,The Wash,26.0,5.3,6.349064315204403
28172,Blood Feast,26.0,5.3,6.349064315204403
40772,Meatballs III: Summer Job,14.0,4.4,6.349058952985846
17465,Youngblood,50.0,5.8,6.348980959461356
42861,Cimarron,22.0,5.1,6.3489673848591615
34867,The Manson Family,10.0,3.6,6.348961455826558
8461,Funny Games (2007),562.0,6.3,6.348951340716029
681,Diamonds Are Forever,562.0,6.3,6.348951340716029
17644,Barney's Great Adventure,8.0,2.9,6.348912567161434
507,Killing Zoe,111.0,6.1,6.348895225634868
19379,Condorman,37.0,5.6,6.348856607196539
117974,Sightseers,187.0,6.2,6.348799927040611
6346,The Chamber,62.0,5.9,6.348799922782844
9448,The Big Hit,112.0,6.1,6.348781675952789
2058,Addicted to Love,112.0,6.1,6.348781675952789
71142,One Good Cop,18.0,4.8,6.348774753738037
26554,Class of Nuke 'Em High,43.0,5.7,6.348765630186634
18423,B.A.P.S.,13.0,4.2,6.348747936933378
17691,4 for Texas,16.0,4.6,6.348725873520224
14940,Gigantic,51.0,5.8,6.348723336823817
41417,Firestorm,17.0,4.7,6.348702636974995
42695,I Am Curious (Yellow),17.0,4.7,6.348702636974995
9422,A Civil Action,113.0,6.1,6.348668229829551
38153,Shadow Conspiracy,12.0,4.0,6.348627832694239
22311,The Inglorious Bastards,63.0,5.9,6.3485904918942175
10544,Ned Kelly,114.0,6.1,6.348554887123551
330112,Ashby,191.0,6.2,6.3485378342124275
14822,Return from Witch Mountain,38.0,5.6,6.348503031046397
10607,Don't Be a Menace to South Central While Drinking Your Juice in the Hood,192.0,6.2,6.348472455205755
11449,The Amityville Horror (1979),192.0,6.2,6.348472455205755
15644,Paparazzi,52.0,5.8,6.348465955864215
10871,Switchback,52.0,5.8,6.348465955864215
4141,Shoot 'Em Up,589.0,6.3,6.348456132413388
1049,Sommersby,82.0,6.0,6.348440988276655
8204,The Spiderwick Chronicles,593.0,6.3,6.348383619074324
17898,Silver Bullet,116.0,6.1,6.348328511398126
31640,Blood and Wine,34.0,5.5,6.348310979259071
18074,Duets,34.0,5.5,6.348310979259071
2990,Pacific Heights,83.0,6.0,6.3482798930186615
10337,Bugsy,83.0,6.0,6.3482798930186615
36568,Paulie,83.0,6.0,6.3482798930186615
282984,Irrational Man,600.0,6.3,6.348257241592087
27202,Pauly Shore Is Dead,20.0,4.9,6.348252098671261
1281,Bean,602.0,6.3,6.348221254909567
28032,Thumbelina,117.0,6.1,6.348215478096777
99008,Hillbillys in a Haunted House,6.0,1.5,6.348192427721045
158990,Wrong Cops,65.0,5.9,6.348172215951287
14140,Herbie Goes To Monte Carlo,65.0,5.9,6.348172215951287
10585,Child's Play,605.0,6.3,6.348167375409119
19259,Volunteers,39.0,5.6,6.348149788623948
32303,Mitchell,15.0,4.4,6.348128592379157
41769,Prom Night IV: Deliver Us from Evil,15.0,4.4,6.348128592379157
12559,First Kid,28.0,5.3,6.34806897440865
3515,I'll Sleep When I'm Dead,28.0,5.3,6.34806897440865
23752,The Couch Trip,28.0,5.3,6.34806897440865
31638,Beyond the Poseidon Adventure,28.0,5.3,6.34806897440865
135708,Nature Calls,12.0,3.9,6.348054205217483
2613,Prelude to a Kiss,31.0,5.4,6.348048032688938
11243,The Care Bears Movie,31.0,5.4,6.348048032688938
136386,The Knot,10.0,3.4,6.3480044951337185
13937,Raising Cain,66.0,5.9,6.3479633703509935
36599,Prom Night (1980),85.0,6.0,6.347958148966357
27549,Beastmaster 2: Through the Portal of Time,17.0,4.6,6.347891935718407
29143,Eyes of Laura Mars,46.0,5.7,6.347850135047726
60270,Wish You Were Here,26.0,5.2,6.347829717991744
9272,The Good Son,202.0,6.2,6.34782181669393
16279,The Great Buck Howard,86.0,6.0,6.347797499759789
25438,Trick or Treat,40.0,5.6,6.3477968794569275
42580,Life With Mikey,24.0,5.1,6.34778012529039
39282,Funny Lady,24.0,5.1,6.34778012529039
15739,Annie,203.0,6.2,6.347757066341669
21349,Anywhere But Here,67.0,5.9,6.347754719301667
9941,Down and Out in Beverly Hills,67.0,5.9,6.347754719301667
9729,Where the Truth Lies,67.0,5.9,6.347754719301667
9460,Black Mask,55.0,5.8,6.347695259657001
15037,Can't Hardly Wait,122.0,6.1,6.3476518515882345
20726,Little Giants,87.0,6.0,6.347636998825407
17600,Spanking the Monkey,29.0,5.3,6.347572011951309
38223,Harriet the Spy,47.0,5.7,6.347545543903108
129507,Joker,10.0,3.3,6.347526014787299
10393,The Replacements,207.0,6.2,6.3474986311920745
25557,The Puppet Masters,41.0,5.6,6.347444303073959
31662,Affliction,56.0,5.8,6.347438842016299
13567,Sleepaway Camp,124.0,6.1,6.347427117041999
10922,The Human Stain,124.0,6.1,6.347427117041999
10052,Dragonfly,209.0,6.2,6.347369752333916
229182,The Harvest,69.0,5.9,6.347337999769522
27958,Cruising,89.0,6.0,6.347316440952864
9374,Death Becomes Her,655.0,6.3,6.347286785719927
5241,Two Moon Junction,23.0,5.0,6.347279771085719
36807,The Sixth Man,23.0,5.0,6.347279771085719
47288,The King and I (1999),23.0,5.0,6.347279771085719
31611,White Man's Burden,25.0,5.1,6.347187341554296
33172,Watchers,25.0,5.1,6.347187341554296
41817,Heart Condition,25.0,5.1,6.347187341554296
11834,Jabberwocky,57.0,5.8,6.347182664360287
14906,Saludos Amigos,57.0,5.8,6.347182664360287
84330,Room 237,212.0,6.2,6.347176855779888
9416,Money Talks,90.0,6.0,6.347156383605481
26932,The Island of Dr. Moreau (1977),33.0,5.4,6.347150663576854
25066,Tales from the Hood,33.0,5.4,6.347150663576854
34549,Max Keeble's Big Move,33.0,5.4,6.347150663576854
10670,Rollercoaster,33.0,5.4,6.347150663576854
928,Gremlins 2: The New Batch,664.0,6.3,6.34713168775113
192126,Revenge for Jolly!,19.0,4.7,6.34713165849816
11128,Ladder 49,213.0,6.2,6.347112669096454
34766,Zenon: Girl of the 21st Century,37.0,5.5,6.347108809657627
2162,Chill Factor,30.0,5.3,6.347075520559594
166680,Avalanche,10.0,3.2,6.347047534440878
50725,Take Me Home Tonight,215.0,6.2,6.346984463541565
1945,Nell,128.0,6.1,6.346978869360589
8643,The Exorcism of Emily Rose,675.0,6.3,6.346943499738549
14236,Super High Me,71.0,5.9,6.34692205518711
7512,Idiocracy,681.0,6.3,6.346841483766354
43595,She Done Him Wrong,28.0,5.2,6.3467406696575885
12479,Breakfast of Champions,28.0,5.2,6.3467406696575885
31995,Jamaica Inn,43.0,5.6,6.346740146779111
10371,For Richer or Poorer,43.0,5.6,6.346740146779111
9681,Casanova,219.0,6.2,6.34672872163584
10057,The Three Musketeers (1993),219.0,6.2,6.34672872163584
286554,Two Night Stand,690.0,6.3,6.3466892884726125
11347,The Lair of the White Worm,59.0,5.8,6.34667102765596
308024,The Overnight,131.0,6.1,6.3466437479837685
10442,So I Married an Axe Murderer,131.0,6.1,6.3466437479837685
27303,Hideaway,24.0,5.0,6.346639413771579
21430,New Rose Hotel,24.0,5.0,6.346639413771579
10179,The Ice Pirates,50.0,5.7,6.346633486515981
37718,The Muse,31.0,5.3,6.346579499564042
114750,Dear White People,222.0,6.2,6.346537498470737
9570,The Black Hole,132.0,6.1,6.346532242864764
13275,Annapolis,94.0,6.0,6.346517626718514
9401,2 Days in the Valley,73.0,5.9,6.346506883394743
13019,Young People Fucking,73.0,5.9,6.346506883394743
12153,White Chicks,704.0,6.3,6.346454496167214
13766,SpaceCamp,60.0,5.8,6.346415567936033
20762,The Substitute,60.0,5.8,6.346415567936033
12145,Fierce Creatures,95.0,6.0,6.346358304606871
6972,Australia,712.0,6.3,6.3463213863445675
24066,"Happy, Texas",39.0,5.5,6.34630925439709
88005,Seeking a Friend for the End of the World,713.0,6.3,6.3463048012333605
13998,Margot at the Wedding,74.0,5.9,6.346299586622119
37536,Ringmaster,13.0,3.8,6.346263405530335
61651,And God Created Woman,13.0,3.8,6.346263405530335
17258,The Pick-up Artist,35.0,5.4,6.346254991656878
17043,The Crocodile Hunter: Collision Course,35.0,5.4,6.346254991656878
34170,Larger Than Life,35.0,5.4,6.346254991656878
2160,Voyage to the Bottom of the Sea,35.0,5.4,6.346254991656878
11145,The Electric Horseman,35.0,5.4,6.346254991656878
27545,The Wasp Woman,19.0,4.6,6.346226443986143
36759,Sgt. Pepper's Lonely Hearts Club Band,18.0,4.5,6.346200812509695
344041,Standoff,96.0,6.0,6.346199128934358
11587,The Exorcist III,135.0,6.1,6.346198331612323
39053,Cyrus,135.0,6.1,6.346198331612323
313074,Sword of Vengeance,29.0,5.2,6.3461969200809465
26957,Puppet Master 4,23.0,4.9,6.346186069380971
21355,All the Pretty Horses,61.0,5.8,6.346160346857569
12220,The Story of Us,75.0,5.9,6.3460924822407545
4965,Impostor,136.0,6.1,6.34608722877534
32043,The Guardian,32.0,5.3,6.346083948296463
6217,Cat People (1982),97.0,6.0,6.346040099499168
14819,Heavyweights,97.0,6.0,6.346040099499168
3537,Fame,97.0,6.0,6.346040099499168
31606,The Package,45.0,5.6,6.346037315986124
8744,Albino Alligator,45.0,5.6,6.346037315986124
7461,Vantage Point,731.0,6.3,6.346008287093229
20927,Bed of Roses,27.0,5.1,6.346003462163181
308077,Nasty Baby,27.0,5.1,6.346003462163181
14774,Cheech & Chong's The Corsican Brothers,25.0,5.0,6.345999664887391
22718,Attack of the Giant Leeches,15.0,4.1,6.345980569753318
18935,Ernest Goes to Camp,40.0,5.5,6.345910042503226
54271,The Big Bang,40.0,5.5,6.345910042503226
14429,Drive Me Crazy,62.0,5.8,6.345905364086329
1406,City Slickers,232.0,6.2,6.345903672053771
318,The Million Dollar Hotel,76.0,5.9,6.345885569982937
16873,Battle for Terra,98.0,6.0,6.345881216099871
19457,The Yards,98.0,6.0,6.345881216099871
44968,Born Yesterday (1993),22.0,4.8,6.345827443376253
36797,RocketMan,36.0,5.4,6.345807790640003
59678,Attack the Block,748.0,6.3,6.345731711877761
20761,Play It to the Bone,53.0,5.7,6.345723994751266
8130,Desperately Seeking Susan,99.0,6.0,6.345722478535402
16441,The Beastmaster,99.0,6.0,6.345722478535402
10869,Herbie Rides Again,77.0,5.9,6.345678849581453
31723,Women in Trouble,30.0,5.2,6.345653685918962
24961,The Wiz,63.0,5.8,6.345650619288698
17494,Unlawful Entry,63.0,5.8,6.345650619288698
3586,Prêt-à-Porter,33.0,5.3,6.345588866089928
14484,Body Shots,21.0,4.7,6.345563671008217
15070,Undisputed,141.0,6.1,6.345533215337903
6961,The Wedding Date,238.0,6.2,6.345526001253139
11131,Nuns on the Run,41.0,5.5,6.345511207055665
19419,Screwed,24.0,4.9,6.34549870225277
99367,Date and Switch,78.0,5.9,6.34547232076958
11955,Iron Eagle II,17.0,4.3,6.345459831948647
17464,Breakin' 2: Electric Boogaloo,28.0,5.1,6.345412364906527
622,The Ninth Gate,768.0,6.3,6.345410556577438
16340,Rugrats in Paris: The Movie,101.0,6.0,6.345405440108537
10684,Courage Under Fire,240.0,6.2,6.345400545099987
13107,Henry Poole Is Here,64.0,5.8,6.345396112131679
38809,Black and White,20.0,4.6,6.345394887785287
26141,Fatal Instinct,37.0,5.4,6.345361012118715
10416,What Planet Are You From?,37.0,5.4,6.345361012118715
31655,The Terror,26.0,5.0,6.345360523566425
7553,Waiting...,241.0,6.2,6.345337898104101
309304,Grandma,143.0,6.1,6.345312307791319
9407,Red Corner,79.0,5.9,6.345265983281092
11082,The Seventh Sign,79.0,5.9,6.345265983281092
14035,Meatballs,79.0,5.9,6.345265983281092
38093,Just Wright,102.0,6.0,6.345247138845855
944,Lethal Weapon 4,782.0,6.3,6.34518841859736
17182,Eye for an Eye,65.0,5.8,6.345141842282904
157409,Crystal Fairy & the Magical Cactus,65.0,5.8,6.345141842282904
42033,Def-Con 4,10.0,2.8,6.345133613055199
13819,Laurel Canyon,55.0,5.7,6.345119086912908
12519,Sirens,31.0,5.2,6.345110966439146
24919,Burial Ground,34.0,5.3,6.345094252278773
27816,Basket Case 3,23.0,4.8,6.345092367676223
12262,The Hills Have Eyes (1977),145.0,6.1,6.3450917973908245
10765,Private Benjamin,103.0,6.0,6.345088982617428
10426,Friday After Next,103.0,6.0,6.345088982617428
1599,I Heart Huckabees,245.0,6.2,6.34508784903104
26603,Vice Versa,48.0,5.6,6.3449855469370595
13092,How to Lose Friends & Alienate People,247.0,6.2,6.344963146868095
10832,Them,147.0,6.1,6.344871683066398
9770,Mad City,81.0,5.9,6.344853881211835
10128,Alien Nation,81.0,5.9,6.344853881211835
20759,The Great White Hype,29.0,5.1,6.344821828210585
13496,American Outlaws,56.0,5.7,6.344817057798504
24405,Chasers,22.0,4.7,6.344780796215283
40760,Sorority House Massacre,22.0,4.7,6.344780796215283
16096,House Party 2,22.0,4.7,6.344780796215283
4105,Black Rain,250.0,6.2,6.344776495034106
83186,Wrong,105.0,6.0,6.344773104466791
25059,Homeward Bound II: Lost in San Francisco,105.0,6.0,6.344773104466791
10467,The Road to Wellville,43.0,5.5,6.3447146633715885
33689,It Takes Two,149.0,6.1,6.344651963751862
59387,The Powerpuff Girls Movie,49.0,5.6,6.344635615963133
831,This Island Earth,49.0,5.6,6.344635615963133
21449,"What's Up, Tiger Lily?",49.0,5.6,6.344635615963133
8986,Milk Money,49.0,5.6,6.344635615963133
14557,Dead Man on Campus,49.0,5.6,6.344635615963133
2321,Married to the Mob,67.0,5.8,6.344634013183686
22717,Wanted (2009),32.0,5.2,6.344568760910398
154282,Touchy Feely,32.0,5.2,6.344568760910398
18228,Blue Hawaii,32.0,5.2,6.344568760910398
36344,Alaska,32.0,5.2,6.344568760910398
270005,By the Gun,21.0,4.6,6.344564123184614
43109,The Killer Shrews,18.0,4.3,6.3444848516908
37917,Honkytonk Man,39.0,5.4,6.344468720170233
13982,8 Heads in a Duffel Bag,39.0,5.4,6.344468720170233
10972,Session 9,255.0,6.2,6.344466474487554
11858,Renaissance Man,83.0,5.9,6.344442541253711
50204,Burke & Hare,151.0,6.1,6.344432638384865
14683,The Nine Lives of Fritz the Cat,19.0,4.4,6.344416014962107
152599,The Immigrant (2013),256.0,6.2,6.344404629638783
40771,Meatballs Part II,13.0,3.5,6.344400006978052
30502,Big Top Pee-wee,30.0,5.1,6.344231851278331
10591,The Girl Next Door (2004),844.0,6.3,6.344230234649947
9899,The Producers (2005),153.0,6.1,6.344213705906856
7227,Airport '77,69.0,5.8,6.34412712934443
13555,The Funhouse,69.0,5.8,6.34412712934443
39964,Lost & Found,26.0,4.9,6.344125926353766
174311,All Is Bright,36.0,5.3,6.344106427186235
10660,It Could Happen to You,154.0,6.1,6.344104386671463
9102,Screamers,154.0,6.1,6.344104386671463
48289,The Debt,261.0,6.2,6.344096197955836
15074,Extreme Ops,28.0,5.0,6.344084060155466
28169,The Toxic Avenger Part III: The Last Temptation of Toxie,28.0,5.0,6.344084060155466
19507,Neighbors (1981),33.0,5.2,6.344027068603002
20343,Make Mine Music,33.0,5.2,6.344027068603002
9489,You've Got Mail,859.0,6.3,6.3440044895642025
13225,FernGully: The Last Rainforest,155.0,6.1,6.3439951652630775
9333,Last Man Standing,263.0,6.2,6.3439731938815225
18169,About Last Night...,51.0,5.6,6.343936739296893
12647,Billy Bathgate,59.0,5.7,6.343912664907882
11002,"Greystoke: The Legend of Tarzan, Lord of the Apes",111.0,6.0,6.343828930192252
10945,Jumpin' Jack Flash,86.0,5.9,6.3438269556567395
6472,Guarding Tess,86.0,5.9,6.3438269556567395
39106,Dragon Ball Z: Bio-Broly,86.0,5.9,6.3438269556567395
9919,How to Lose a Guy in 10 Days,873.0,6.3,6.343795863324714
10543,Fear,157.0,6.1,6.343777015402541
256687,Swelter,22.0,4.6,6.343734149054313
13975,In the Electric Mist,112.0,6.0,6.343672070350471
9991,Mean Machine,158.0,6.1,6.343668086688583
1957,Enough,268.0,6.2,6.343666600483278
1369,Rambo: First Blood Part II,884.0,6.3,6.343633325327591
15423,Hood of Horror,18.0,4.2,6.343626871281352
61755,1990: The Bronx Warriors,18.0,4.2,6.343626871281352
9066,The Brady Bunch Movie,87.0,5.9,6.343622139230123
8973,Lord of Illusions,87.0,5.9,6.343622139230123
182,The Good German,87.0,5.9,6.343622139230123
28794,The House by the Cemetery,71.0,5.8,6.343621188128369
8054,The Imaginarium of Doctor Parnassus,885.0,6.3,6.343618608949464
256740,Wicked Blood,37.0,5.3,6.343613214579803
35233,The Scout,37.0,5.3,6.343613214579803
18065,Next Day Air,37.0,5.3,6.343613214579803
12238,The Night Flier,60.0,5.7,6.34361176410884
18402,Something to Talk About,60.0,5.7,6.34361176410884
30874,The New York Ripper,60.0,5.7,6.34361176410884
16723,Sugar & Spice,60.0,5.7,6.34361176410884
17834,A Simple Wish,46.0,5.5,6.343522657919854
9466,Celebrity,113.0,6.0,6.343515353566982
38828,Left Behind III: World at War,20.0,4.4,6.343490080527972
286709,Revenge of the Green Dragons,34.0,5.2,6.343485888788624
7300,One Fine Day,160.0,6.1,6.34345052104052
82501,The Woman in the Fifth,29.0,5.0,6.343446736340223
18835,Private School,29.0,5.0,6.343446736340223
17496,Urban Cowboy,61.0,5.7,6.343311144400716
27475,The Slumber Party Massacre,61.0,5.7,6.343311144400716
137968,Drift,61.0,5.7,6.343311144400716
15138,Little Monsters,53.0,5.6,6.343239173259904
12146,The Missing,162.0,6.1,6.343233343564625
9297,Monster House,912.0,6.3,6.343224985245313
47045,She's Out of Control,24.0,4.7,6.34321727921515
11484,Rollerball (1975),115.0,6.0,6.343202348392771
12278,Soul Man,42.0,5.4,6.343133436039828
10396,Tequila Sunrise,116.0,6.0,6.343046059611883
11008,Major Payne,164.0,6.1,6.343016553222984
12222,Horton Hears a Who!,927.0,6.3,6.34300935985125
34482,The Clique,35.0,5.2,6.342945220740307
14976,Rachel Getting Married,165.0,6.1,6.342908302904169
15186,Full Frontal,26.0,4.8,6.342891329141107
50780,The Beaver,281.0,6.2,6.342875535104392
10424,Jennifer Eight,74.0,5.8,6.342864037978929
24913,April Fool's Day,74.0,5.8,6.342864037978929
11976,Legend (1985),282.0,6.2,6.342815044604972
10398,Double Jeopardy,282.0,6.2,6.342815044604972
27764,Slumber Party Massacre II,30.0,5.0,6.3428100166377
39545,TiMER,91.0,5.9,6.342804760406603
24113,Town & Country,18.0,4.1,6.3427688908719055
26391,Cabin Boy,28.0,4.9,6.342755755404404
14629,Woman on Top,48.0,5.5,6.342729854839031
6524,Life Stinks,48.0,5.5,6.342729854839031
25166,Drowning Mona,43.0,5.4,6.342689179964066
266285,The Salvation,285.0,6.2,6.342633880041741
28165,The Toxic Avenger Part II,39.0,5.3,6.342628185943375
11065,O,75.0,5.8,6.3426121230676875
26958,Puppet Master 5: The Final Chapter,19.0,4.2,6.342605585938071
12658,Someone Like You...,119.0,6.0,6.342578046160537
9771,Major League: Back to the Minors,20.0,4.3,6.342537676899314
47881,My Giant,33.0,5.1,6.342465271116077
2110,Wasabi,288.0,6.2,6.342453174520034
10466,The Money Pit,288.0,6.2,6.342453174520034
23805,The Toy,64.0,5.7,6.3424109678885765
2038,Iron Eagle III,15.0,3.6,6.342400532043588
18892,Jawbreaker,93.0,5.9,6.342397199477537
9642,Asterix and the Vikings,170.0,6.1,6.342368494679755
10766,Damien: Omen II,170.0,6.1,6.342368494679755
12538,Senseless,76.0,5.8,6.342360441849168
295964,Burnt,974.0,6.3,6.342347449894305
52015,Stake Land,290.0,6.2,6.342332958334443
10782,Basic,290.0,6.2,6.342332958334443
16139,Phantasm III: Lord of the Dead,56.0,5.6,6.342195273580709
14753,Silk,56.0,5.6,6.342195273580709
26180,Excess Baggage,56.0,5.6,6.342195273580709
30765,The Amazing Panda Adventure,31.0,5.0,6.342173900189353
21352,Andre,31.0,5.0,6.342173900189353
29742,Zenon: The Zequel,27.0,4.8,6.3421590425044325
27274,Frankenhooker,65.0,5.7,6.34211146861452
12590,Below,122.0,6.0,6.342111307979161
172385,Rio 2,997.0,6.3,6.3420309054761095
59457,Womb,95.0,5.9,6.341990388103044
26390,Brooklyn's Finest,296.0,6.2,6.3419735241081305
15653,An Extremely Goofy Movie,123.0,6.0,6.341956011078197
6283,MouseHunt,297.0,6.2,6.3419137948230775
24070,Mixed Nuts,37.0,5.2,6.341865417040891
21845,Rookie of the Year,78.0,5.8,6.341857779190766
22102,Troop Beverly Hills,57.0,5.6,6.341847958354062
13552,The Doom Generation,57.0,5.6,6.341847958354062
21362,High Spirits,57.0,5.6,6.341847958354062
28902,In Dreams,45.0,5.4,6.341801922212153
45325,Tom and Huck,45.0,5.4,6.341801922212153
24103,Haunted Honeymoon,45.0,5.4,6.341801922212153
10551,Family Business,45.0,5.4,6.341801922212153
13997,Black Sheep,124.0,6.0,6.341800855103207
9061,Just Cause,124.0,6.0,6.341800855103207
40688,Meet the Deedles,19.0,4.1,6.341700371426053
14372,Leviathan,125.0,6.0,6.341645839862452
13282,Death Race 2000,125.0,6.0,6.341645839862452
10879,I Love Trouble,41.0,5.3,6.341645015019078
35696,Juwanna Mann,20.0,4.2,6.341585273270656
12157,Green Card,97.0,5.9,6.341584324217237
9529,Candyman,303.0,6.2,6.341556471854094
12714,She's Having a Baby,51.0,5.5,6.341543440533431
18862,House Arrest,32.0,5.0,6.341538386138268
16406,Dick,67.0,5.7,6.341513307065705
9556,Darkman,304.0,6.2,6.341497092894026
178,Blown Away,126.0,6.0,6.341490965164538
14136,The Love Bug,126.0,6.0,6.341490965164538
14709,Varsity Blues,126.0,6.0,6.341490965164538
13027,Eagle Eye,1038.0,6.3,6.341478213122313
10158,White Men Can't Jump,305.0,6.2,6.341437763728679
84306,Liberal Arts,179.0,6.1,6.341402861774149
3594,The Number 23,1045.0,6.3,6.341385300438315
3587,Bogus,46.0,5.4,6.341358919355918
11107,Eddie,46.0,5.4,6.341358919355918
7510,Running with Scissors,80.0,5.8,6.341356047410687
73723,The Lorax,1048.0,6.3,6.341345608019538
11191,Mystic Pizza,127.0,6.0,6.3413362308184205
3172,Bandits (2001),307.0,6.2,6.341319254531814
9313,The Man in the Iron Mask,1052.0,6.3,6.34129280307946
11702,The Replacement Killers,128.0,6.0,6.341181636633399
10576,Psycho II,128.0,6.0,6.341181636633399
13973,Choke,128.0,6.0,6.341181636633399
157099,Better Living Through Chemistry,99.0,5.9,6.341179005761818
118677,Why Stop Now?,42.0,5.3,6.341154124557465
18681,Eye of the Beholder,42.0,5.3,6.341154124557465
16172,Simply Irresistible,52.0,5.5,6.341148711088306
27582,The Mechanic,1066.0,6.3,6.341109043247577
29621,Solo,18.0,3.9,6.341052930053011
6552,Idle Hands,183.0,6.1,6.340976157053719
9962,The Good Girl,183.0,6.1,6.340976157053719
157547,Oculus,1079.0,6.3,6.340939867552419
1496,Cool as Ice,27.0,4.7,6.340877569284849
37141,The Babysitter,27.0,4.7,6.340877569284849
9715,Hope Floats,82.0,5.8,6.340855243925491
47607,Tiny Furniture,60.0,5.6,6.340807960281648
2667,The Blair Witch Project,1090.0,6.3,6.340797802679763
17832,Kull the Conqueror,39.0,5.2,6.340787651716517
10246,Porky's,185.0,6.1,6.340763369877796
588,Silent Hill,1093.0,6.3,6.340759228668814
34023,Bloodsucking Freaks,31.0,4.9,6.340705367064457
145220,Muppets Most Wanted,318.0,6.2,6.340670987553834
30815,Mortal Thoughts,43.0,5.3,6.340663696556543
9005,The Ice Harvest,83.0,5.8,6.34060518948876
11560,High Crimes,187.0,6.1,6.340550958161721
123,The Lord of the Rings,187.0,6.1,6.340550958161721
13539,Here On Earth,48.0,5.4,6.340474162741002
7518,Over the Hedge,1116.0,6.3,6.340465900469254
22213,Boiling Point,26.0,4.6,6.340422134715788
11557,St. Elmo's Fire,133.0,6.0,6.340410761474373
238615,Self/less,1122.0,6.3,6.34039007311317
36763,Salem's Lot (2004),54.0,5.5,6.340360362053803
29095,Waxwork,71.0,5.7,6.340320321069627
11363,She's the One,71.0,5.7,6.340320321069627
2978,Ghostbusters II,1131.0,6.3,6.340276863421951
19114,Endless Love,34.0,5.0,6.340269161808327
11857,Orange County,134.0,6.0,6.340257004270518
10498,Point of No Return,134.0,6.0,6.340257004270518
15900,Faces of Death II,15.0,3.3,6.340252509417749
2086,Nick of Time,190.0,6.1,6.3402330424038915
26978,Spacehunter: Adventures in the Forbidden Zone,37.0,5.1,6.340117619501979
40160,Meteor,37.0,5.1,6.340117619501979
17710,Hey Arnold! The Movie,62.0,5.6,6.3401162466933
13853,The Clan of the Cave Bear,28.0,4.7,6.340099145902281
9294,Phenomenon,328.0,6.2,6.340086793581559
2246,Malice,105.0,5.9,6.339967502507935
13511,Rawhead Rex,30.0,4.8,6.339966347356437
11352,Always,136.0,6.0,6.339949906182321
241554,Run All Night,1169.0,6.3,6.339805781746322
21989,Hot Dog... The Movie,24.0,4.4,6.33979514465872
32305,Simon Sez,17.0,3.6,6.339784923152538
23631,Machete,1171.0,6.3,6.33978129303887
33518,Alligator,63.0,5.6,6.339770874077656
6069,The Witches of Eastwick,334.0,6.2,6.339738600470065
13341,Bad News Bears,73.0,5.7,6.33972549042231
26441,The Big Green,41.0,5.2,6.339711919000784
17949,The Pest,35.0,5.0,6.339635449823737
9079,Dying Young,87.0,5.8,6.339607279634839
41671,Amityville: It's About Time,21.0,4.1,6.339566384066596
20919,The Devil's Chair,21.0,4.1,6.339566384066596
33783,It's Pat,16.0,3.4,6.339565349652766
1961,My Name Is Bruce,107.0,5.9,6.339565145341555
6917,The Gate,107.0,5.9,6.339565145341555
10714,The Jungle Book (1994),107.0,5.9,6.339565145341555
10379,Drop Dead Fred,107.0,5.9,6.339565145341555
16299,The Stupids,22.0,4.2,6.339547560410435
19176,The Cowboy Way,38.0,5.1,6.339532092166819
16222,Whatever It Takes,38.0,5.1,6.339532092166819
44048,Unstoppable,1193.0,6.3,6.339513892544865
9605,Single White Female,139.0,6.0,6.339490297034504
26515,Pumpkinhead,108.0,5.9,6.3393642426036765
69798,The Inbetweeners Movie,341.0,6.2,6.339334556519017
17170,"Bright Lights, Big City",29.0,4.7,6.339321460729137
9342,The Mask of Zorro,1211.0,6.3,6.339297769520872
20421,Rock-A-Doodle,46.0,5.3,6.3391951807919815
2620,Armed and Dangerous,46.0,5.3,6.3391951807919815
14342,Almost Heroes,57.0,5.5,6.3391806053509505
10547,The Arrival,200.0,6.1,6.33917936560219
9545,Sniper,109.0,5.9,6.339163523426627
11822,Nekromantik,51.0,5.4,6.339150141769968
9308,High School High,51.0,5.4,6.339150141769968
9583,Divine Secrets of the Ya-Ya Sisterhood,65.0,5.6,6.339081094946136
15516,The Last House on the Left,142.0,6.0,6.339031928983422
26261,Cops & Robbersons,36.0,5.0,6.339002336824931
52263,Amityville: Dollhouse,17.0,3.5,6.338974221895952
10720,Down with Love,202.0,6.1,6.338969738427536
308504,Last Knights,348.0,6.2,6.338932842358662
10991,Pokémon: Spell of the Unknown,143.0,6.0,6.338879414563852
47475,Mr. Wrong,16.0,3.3,6.338801972663811
9782,The Night Listener,58.0,5.5,6.338788088872384
26594,The Secret,58.0,5.5,6.338788088872384
30618,Bunraku,111.0,5.9,6.338762634749636
10523,W.,144.0,6.0,6.338727037300621
10096,13 Going on 30,1260.0,6.3,6.338721236726512
209269,Felony,52.0,5.4,6.3387096294963365
9835,Jane Austen's Mafia!,52.0,5.4,6.3387096294963365
13787,Holy Smoke!,47.0,5.3,6.33870659611402
261023,Black Mass,1262.0,6.3,6.338698063886269
9753,Survival Island,34.0,4.9,6.338660798318179
9437,Kiss the Girls,353.0,6.2,6.338647318935743
28893,Galaxy of Terror,43.0,5.2,6.338638213149021
1907,The Beach,1271.0,6.3,6.338594128412753
11777,I.Q.,112.0,5.9,6.338562464748154
9024,For Love or Money,77.0,5.7,6.338539138415223
9095,Mary Reilly,77.0,5.7,6.338539138415223
11846,Father of the Bride (1991),355.0,6.2,6.338533437895938
12257,Home Fries,32.0,4.8,6.338508011366137
215,Saw II,1288.0,6.3,6.338399321428381
38410,The Poughkeepsie Tapes,67.0,5.6,6.338392600947723
1058,Breathless (1983),67.0,5.6,6.338392600947723
17819,Her Alibi,37.0,5.0,6.338369821963067
20701,Tales from the Darkside: The Movie,92.0,5.8,6.338365061168403
40490,Man of the House,40.0,5.1,6.338362694688419
46717,Intersection,40.0,5.1,6.338362694688419
10480,Nurse Betty,113.0,5.9,6.338362477304414
11896,Throw Momma from the Train,147.0,6.0,6.3382707266012766
11234,The Omega Man,147.0,6.0,6.3382707266012766
121793,Capital,53.0,5.4,6.338269530277181
10411,The Distinguished Gentleman,78.0,5.7,6.338243237611953
2275,The General's Daughter,209.0,6.1,6.3382389281568905
2661,Batman (1966),209.0,6.1,6.3382389281568905
345468,Contracted: Phase II,48.0,5.3,6.338218470642974
12129,Herbie Goes Bananas,48.0,5.3,6.338218470642974
9573,Blood Work,210.0,6.1,6.3381348914189015
9785,The Invisible,148.0,6.0,6.338118896117378
189,Sin City: A Dame to Kill For,1314.0,6.3,6.338105156117418
11983,Proof of Life,211.0,6.1,6.338030945505015
59726,Wake Wood,60.0,5.5,6.338004156454456
23449,Celtic Pride,35.0,4.9,6.337980564365452
31947,King Kong Lives,29.0,4.6,6.337946368858774
41479,The Joneses,212.0,6.1,6.337927090296348
10208,Muppets from Space,94.0,5.8,6.337869773732015
165739,Pawn,54.0,5.4,6.3378298435318134
9695,Karla,33.0,4.8,6.337779878655299
40820,Punchline,41.0,5.1,6.33777882298249
32059,The January Man,41.0,5.1,6.33777882298249
2267,The Last Mimzy,116.0,5.9,6.33776360782564
120292,Not Suitable For Children,49.0,5.3,6.337730803731752
8987,The River Wild,214.0,6.1,6.337719651520178
242022,The Inbetweeners 2,214.0,6.1,6.337719651520178
20443,Johnny Be Good,25.0,4.3,6.337685928219062
22897,It's Complicated,370.0,6.2,6.337685256680632
1685,Beneath the Planet of the Apes,370.0,6.2,6.337685256680632
11306,Extreme Measures,80.0,5.7,6.337652257971117
11851,The Presidio,80.0,5.7,6.337652257971117
2610,Shopgirl,80.0,5.7,6.337652257971117
284276,Cake,371.0,6.2,6.33762908039932
24929,Return of the Living Dead Part II,95.0,5.8,6.337622471599216
59961,Safe House,1361.0,6.3,6.337584677081828
39283,Carnosaur,21.0,3.9,6.337567288419389
6341,Blue Thunder,117.0,5.9,6.33756434812113
10047,The Messenger: The Story of Joan of Arc,373.0,6.2,6.337516865245813
36489,Bride of the Monster,24.0,4.2,6.337513721621101
3687,Flesh Gordon,28.0,4.5,6.337442536400158
10539,James and the Giant Peach,375.0,6.2,6.337404832931308
21539,The Preacher's Wife,55.0,5.4,6.3373905686806316
58048,Shanghai Surprise,15.0,2.9,6.337388479249965
18041,Gossip,70.0,5.6,6.337362261729209
22172,Street Trash,70.0,5.6,6.337362261729209
10677,Dirty Dancing: Havana Nights,154.0,6.0,6.337210767745345
46094,The Air Up There,42.0,5.1,6.337195501592739
23570,The Pallbearer,30.0,4.6,6.337122678075175
82532,"Jeff, Who Lives at Home",220.0,6.1,6.337099499817263
12600,Pokémon 4Ever: Celebi - Voice of the Forest,82.0,5.7,6.337062371749909
9457,Deep Rising,155.0,6.0,6.337059887068934
301228,Narcopolis,34.0,4.8,6.3370524348280295
14908,McHale's Navy,27.0,4.4,6.337033149626102
209247,The Art of the Steal (2013),221.0,6.1,6.336996455639937
11808,U.S. Marshals,383.0,6.2,6.336958523155043
22832,Ninja Assassin,384.0,6.2,6.336902938210887
11342,Warlock,98.0,5.8,6.336881927778284
14628,Fletch Lives,98.0,5.8,6.336881927778284
12703,The Brown Bunny,63.0,5.5,6.336831001472136
6071,Kiss of Death (1995),83.0,5.7,6.3367678377238095
15983,Invasion U.S.A.,51.0,5.3,6.336756843006506
10090,Reno 911!: Miami,72.0,5.6,6.336676964894497
8818,Evita,122.0,5.9,6.336570764370087
9425,Soldier,226.0,6.1,6.336482575339757
84336,Shadow Dancer,84.0,5.7,6.336473575916594
310131,The Witch,1471.0,6.3,6.336420393022912
9694,One Missed Call,100.0,5.8,6.336389364253636
9611,Romy and Michele's High School Reunion,160.0,6.0,6.336307504455329
7442,Sleeping with the Enemy,228.0,6.1,6.336277646658166
9085,Harlem Nights,85.0,5.7,6.336179585951045
162145,The Liability,85.0,5.7,6.336179585951045
11891,Kung Pow: Enter the Fist,161.0,6.0,6.336157430823853
19905,"The Goods: Live Hard, Sell Hard",58.0,5.4,6.336075209712441
33408,The Crush,65.0,5.5,6.3360507212777515
15482,Return of the Killer Tomatoes!,44.0,5.1,6.336030506652564
21398,Grace,44.0,5.1,6.336030506652564
179,The Interpreter,400.0,6.2,6.3360196756405225
14462,The Manchurian Candidate (2004),401.0,6.2,6.335964849998876
20681,The Dogs of War,38.0,4.9,6.335943716614988
4722,Body Snatchers,102.0,5.8,6.335897703707562
8866,The Truth About Cats & Dogs,86.0,5.7,6.33588586745064
26959,Curse of the Puppet Master,20.0,3.6,6.335870851498709
27583,Greenberg,163.0,6.0,6.335857685015143
65851,Jackass 3.5,164.0,6.0,6.335708012480097
10428,Hackers,406.0,6.2,6.3356913834166875
17127,The Object of My Affection,75.0,5.6,6.335651404721554
249923,Someone Marry Barry,75.0,5.6,6.335651404721554
14240,Maniac Cop,87.0,5.7,6.335592420039555
72525,Syrup,87.0,5.7,6.335592420039555
36586,Blade II,1556.0,6.3,6.335568969486575
18220,Poison Ivy II: Lily,32.0,4.6,6.335477636594008
24018,Glen or Glenda,32.0,4.6,6.335477636594008
11863,Jade,45.0,5.1,6.335448831551196
319389,Lovesick,34.0,4.7,6.33544407133788
18550,Fled,49.0,5.2,6.335429199654625
60672,Crimson Rivers II: Angels of the Apocalypse,166.0,6.0,6.33540906725649
254194,Starry Eyes,128.0,5.9,6.335384403906208
9788,Accepted,412.0,6.2,6.335364672086002
3604,Flash Gordon,237.0,6.1,6.3353598457475195
2019,Hard Target,237.0,6.1,6.3353598457475195
18519,Free Willy 3: The Rescue,76.0,5.6,6.33531018558163
11123,Earthquake,76.0,5.6,6.33531018558163
10164,Cadillac Man,54.0,5.3,6.3352993250098235
56909,The Immature,167.0,6.0,6.3352597942120275
8961,Bad Boys II,1588.0,6.3,6.33525865799826
50546,Just Go with It,1588.0,6.3,6.33525865799826
9507,Runaway,42.0,5.0,6.335216190110376
10385,Hanging Up,42.0,5.0,6.335216190110376
2789,The Chronicles of Riddick,1593.0,6.3,6.335210660260747
20009,Slackers,60.0,5.4,6.335200352627264
18011,Leprechaun in the Hood,29.0,4.4,6.3351961851180505
31388,Santa with Muscles,20.0,3.5,6.334918447870051
4923,Zardoz,106.0,5.8,6.334917081637144
15276,Barely Legal,50.0,5.2,6.33489612178911
26953,Puppet Master,68.0,5.5,6.334883025491614
8970,The Out-of-Towners,46.0,5.1,6.334867703664109
35680,Madeline,46.0,5.1,6.334867703664109
18395,Exit to Eden,28.0,4.3,6.334785926898036
31220,Krippendorf's Tribe,28.0,4.3,6.334785926898036
1688,Conquest of the Planet of the Apes,243.0,6.1,6.3347519294882435
11244,The Meteor Man,33.0,4.6,6.334656283681447
10188,The Sisterhood of the Traveling Pants 2,244.0,6.1,6.334650915297108
4953,Be Kind Rewind,426.0,6.2,6.334608429779012
13553,The Driller Killer,40.0,4.9,6.334589020781015
2454,The Chronicles of Narnia: Prince Caspian,1668.0,6.3,6.334506061875081
250574,Creep,246.0,6.1,6.33444914749015
15413,Don't Tell Mom the Babysitter's Dead,108.0,5.8,6.334428115178461
10733,The Alamo (2004),108.0,5.8,6.334428115178461
9417,Wrongfully Accused,91.0,5.7,6.334421333796133
9275,Death to Smoochy,133.0,5.9,6.334400684427896
16288,Creepshow 2,133.0,5.9,6.334400684427896
26827,Who's That Girl,51.0,5.2,6.334363544243043
21866,Bronco Billy,51.0,5.2,6.334363544243043
12106,The Quick and the Dead,431.0,6.2,6.3343403869470585
14728,The Librarian: The Curse of the Judas Chalice,134.0,5.9,6.334204473725565
18890,We're Back! A Dinosaur's Story,109.0,5.8,6.334183967018303
13668,Catch and Release,109.0,5.8,6.334183967018303
2144,One Night at McCool's,92.0,5.7,6.334129236218474
387893,Ice Age: The Great Egg-Scapade,92.0,5.7,6.334129236218474
31278,The Pumaman,17.0,2.9,6.33411001435643
19173,Diary of a Nymphomaniac,70.0,5.5,6.334106372057356
11419,Vegas Vacation,175.0,6.0,6.334070376107991
8488,Hitch,1721.0,6.3,6.334024913404468
52067,Cedar Rapids,135.0,5.9,6.334008440192652
8842,Against the Ropes,32.0,4.5,6.3339624492079425
28774,Communion,44.0,5.0,6.333958894797295
53172,Henry's Crime,110.0,5.8,6.3339400418295915
30062,Eaten Alive,41.0,4.9,6.333912630945903
10563,Three to Tango,63.0,5.4,6.3338911288666155
174682,Raze,57.0,5.3,6.333845899344727
18113,National Lampoon Presents Dorm Daze,34.0,4.6,6.333835707847732
1831,The Next Best Thing,29.0,4.3,6.333821093247688
12704,Ishtar,29.0,4.3,6.333821093247688
11359,The Indian in the Cupboard,136.0,5.9,6.333812583589302
10657,Needful Things,136.0,5.9,6.333812583589302
12500,American Ninja,71.0,5.5,6.333718586952144
16889,Revenge of the Nerds II: Nerds in Paradise,71.0,5.5,6.333718586952144
20850,Ilsa: She Wolf of the SS,48.0,5.1,6.333707086446916
84200,"For a Good Time, Call...",111.0,5.8,6.33369633930702
10479,Rules of Engagement,178.0,6.0,6.333626517241176
2768,American Gigolo,137.0,5.9,6.333616903676093
13203,Son in Law,81.0,5.6,6.3336088269532915
6488,Arachnophobia,445.0,6.2,6.333595514606116
28070,Surf Nazis Must Die,21.0,3.5,6.3335690971249745
15019,I Could Never Be Your Woman,94.0,5.7,6.333545847238765
708,The Living Daylights,447.0,6.2,6.3334897780346715
9043,The Family Stone,256.0,6.1,6.333445490958589
10013,Peggy Sue Got Married,138.0,5.9,6.333421400214033
13053,Bolt,1798.0,6.3,6.333349319770681
4296,Millennium,45.0,5.0,6.333331134664211
17894,The Beautician and the Beast,53.0,5.2,6.333299887294458
33519,Amityville: A New Generation,17.0,2.8,6.333299313099842
20678,Blankman,42.0,4.9,6.333236878628014
12772,Leap of Faith,49.0,5.1,6.333127595577497
16969,City Heat,49.0,5.1,6.333127595577497
27281,Operation Dumbo Drop,37.0,4.7,6.33312642934633
179538,Witching & Bitching,182.0,6.0,6.333036536883977
9395,Above the Law,140.0,5.9,6.333030921689549
10552,Cat's Eye,140.0,5.9,6.333030921689549
13702,A Dirty Shame,65.0,5.4,6.333020347609368
19142,The Return of Swamp Thing,35.0,4.6,6.333015907990597
9096,Medicine Man,114.0,5.8,6.332966564691408
26325,"Tarzan, the Ape Man",24.0,3.8,6.332950875545861
227300,Stretch,263.0,6.1,6.332748029025252
34746,Death Wish 5: The Face of Death,46.0,5.0,6.3327039651001735
9499,Le Divorce,40.0,4.8,6.332702183827314
118683,Maximum Conviction,40.0,4.8,6.332702183827314
9255,Hot Shots! Part Deux,463.0,6.2,6.332649873023344
11017,Billy Madison,464.0,6.2,6.33259772975283
12718,Teenage Caveman,21.0,3.4,6.332569549301371
13492,Frontier(s),186.0,6.0,6.332448639468971
12834,Leaves of Grass,143.0,5.9,6.332446521336384
34444,Even Cowgirls Get the Blues,29.0,4.2,6.332446001377327
117251,White House Down,1910.0,6.3,6.33241318678297
343921,A Deadly Adoption,38.0,4.7,6.332355341063158
174321,The English Teacher,117.0,5.8,6.332238783133305
71622,Atrocious,55.0,5.2,6.332238223192446
11460,Red Eye,471.0,6.2,6.332233871539902
11632,Vanity Fair,75.0,5.5,6.332171045548487
26255,Love Potion No. 9,67.0,5.4,6.3321511887117605
18222,Poison Ivy: The New Seduction,28.0,4.1,6.332129317395912
31000,Amos & Andrew,47.0,5.0,6.332077385272204
65599,The Woman,145.0,5.9,6.332057796626763
13191,"War, Inc.",86.0,5.6,6.331915323347591
3036,Mary Shelley's Frankenstein,272.0,6.1,6.33185739263365
10050,Get Over It,76.0,5.5,6.331785057447861
8665,K-19: The Widowmaker,273.0,6.1,6.331758853611303
11370,The Musketeer,56.0,5.2,6.331708136709526
21972,Like Mike,101.0,5.7,6.331512411841039
84194,Excision,148.0,5.9,6.331476018135377
23919,Porky's 3: Revenge,48.0,5.0,6.331451394348887
23730,C.H.U.D.,62.0,5.3,6.331432570603755
11718,Who's Harry Crumb?,77.0,5.5,6.331399427248993
17792,Omen IV: The Awakening,37.0,4.6,6.331378631807418
9051,10,69.0,5.4,6.331283647644065
17927,Fired Up!,194.0,6.0,6.331279049497445
12508,Rock Star,194.0,6.0,6.331279049497445
10632,The Hunted (2003),194.0,6.0,6.331279049497445
5289,Chaos (2005),278.0,6.1,6.3312674122032755
101519,A Fantastic Fear of Everything,102.0,5.7,6.331222986138415
14013,BASEketball,150.0,5.9,6.331089035451339
18172,All the Right Moves,78.0,5.5,6.331014154454326
10433,Mad Dog and Glory,78.0,5.5,6.331014154454326
12618,Random Hearts,63.0,5.3,6.330951256261096
12201,Edge of Darkness,496.0,6.2,6.330950521013496
9718,Talladega Nights: The Ballad of Ricky Bobby,497.0,6.2,6.330899704924315
9491,Blue Steel,70.0,5.4,6.330850482385503
14208,The Librarian: Return to King Solomon's Mines,123.0,5.8,6.33078916661963
9276,The Faculty,500.0,6.2,6.330747493015258
10478,Tin Cup,152.0,5.9,6.330702746300192
294652,Son of a Gun,284.0,6.1,6.330680426660765
32308,Ed,24.0,3.6,6.330669452508242
188222,Entourage,502.0,6.2,6.330646214916909
27932,Airport 1975,79.0,5.5,6.3306292385672265
15365,Witless Protection,27.0,3.9,6.330625783528188
28605,Ghoulies II,34.0,4.4,6.330618980867435
33468,The Brain That Wouldn't Die,34.0,4.4,6.330618980867435
14361,Captain Ron,90.0,5.6,6.330566139590642
157820,Mood Indigo,199.0,6.0,6.330552225632293
8915,Amelia,71.0,5.4,6.330417719893402
11052,Yu-Gi-Oh! The Movie,71.0,5.4,6.330417719893402
13335,Harold & Kumar Escape from Guantanamo Bay,508.0,6.2,6.330343319849578
11821,Doc Hollywood,154.0,5.9,6.330317148819228
9885,Wolf Creek,288.0,6.1,6.330290755550038
25983,The House of the Devil,201.0,6.0,6.3302623883051865
19042,All Dogs Go to Heaven 2,50.0,5.0,6.330201175898361
157825,White Bird in a Blizzard,289.0,6.1,6.330193543386189
14443,The Garbage Pail Kids Movie,20.0,3.0,6.330156429726762
16353,Ong Bak 2,156.0,5.9,6.329932241152402
9910,Two for the Money,156.0,5.9,6.329932241152402
26386,Ernest Saves Christmas,47.0,4.9,6.3298676483249325
12484,The Forsaken,47.0,4.9,6.3298676483249325
39180,See Spot Run,44.0,4.8,6.329815671086755
2026,Hostage,519.0,6.2,6.329791644550574
59859,Kick-Ass 2,2275.0,6.3,6.329696550960335
11551,Small Soldiers,522.0,6.2,6.329641997196224
34813,The Losers,522.0,6.2,6.329641997196224
40508,3 Ninjas Knuckle Up,32.0,4.2,6.329416887049748
68735,Warcraft,2325.0,6.3,6.329359469370757
9895,Man of the Year (2006),129.0,5.8,6.329347425068342
16146,Phantasm IV: Oblivion,48.0,4.9,6.329195702250859
10988,Diabolique (1996),74.0,5.4,6.329121843406167
10905,The Man with One Red Shoe,74.0,5.4,6.329121843406167
9415,Murder at 1600,130.0,5.8,6.32910789592738
11015,The Relic,130.0,5.8,6.32910789592738
849,Krull,130.0,5.8,6.32910789592738
14001,Dead Silence,533.0,6.2,6.329096230163116
19698,Porky's II: The Next Day,61.0,5.2,6.329065132116449
700,Octopussy,534.0,6.2,6.329046842749369
41848,The Amityville Curse,19.0,2.7,6.329027368257802
4967,Keeping the Faith,161.0,5.9,6.328972977801697
45658,Everything Must Go,210.0,6.0,6.328964385512659
10468,28 Days,210.0,6.0,6.328964385512659
37833,Reefer Madness,31.0,4.1,6.328957102065286
245706,True Story,536.0,6.2,6.3289481811979265
10383,Lost Souls,38.0,4.5,6.328766965511327
71688,The Iron Lady,540.0,6.2,6.328751309988631
16690,Return to Never Land,304.0,6.1,6.3287451475931595
152,Star Trek: The Motion Picture,541.0,6.2,6.328702186079365
2116,Out of Time,305.0,6.1,6.328649235667295
9922,The Postman (1997),306.0,6.1,6.328553404138692
15668,Xanadu,62.0,5.2,6.3285380119072405
239568,Search Party,62.0,5.2,6.3285380119072405
13220,Splinter,213.0,6.0,6.3285339822519955
25678,American Ninja 2: The Confrontation,49.0,4.9,6.328524387423243
325173,Close Range,57.0,5.1,6.328511193338503
1647,The Recruit,545.0,6.2,6.328506064726838
772,Home Alone 2: Lost in New York,2459.0,6.3,6.328492711883743
2637,The Mothman Prophecies,307.0,6.1,6.328457652906309
74725,Kill List,214.0,6.0,6.3283907646656266
1968,Fools Rush In,133.0,5.8,6.32839060738142
27418,Next of Kin,53.0,5.0,6.328330244311734
12518,Honeymoon in Vegas,85.0,5.5,6.328327210607504
25750,Children of the Corn IV: The Gathering,41.0,4.6,6.328113342891022
21661,Air Bud: Golden Receiver,41.0,4.6,6.328113342891022
34314,Turbulence,63.0,5.2,6.328011383655575
222899,About Last Night,217.0,6.0,6.327961860120905
11164,D2: The Mighty Ducks,135.0,5.8,6.327913494482816
13440,The Truth About Charlie,39.0,4.5,6.327903912128514
14451,Dead Snow,313.0,6.1,6.327884826095286
535,Flashdance,313.0,6.1,6.327884826095286
146239,Delivery Man,561.0,6.2,6.32772752025018
9449,The Borrowers,136.0,5.8,6.327675260996283
20309,Say It Isn't So,47.0,4.8,6.32765791137766
10567,Dinosaur,563.0,6.2,6.327630864982203
14024,Raise Your Voice,221.0,6.0,6.327391727158224
10395,Wolf,221.0,6.0,6.327391727158224
17414,Dunston Checks In,59.0,5.1,6.327362488419419
11172,Music and Lyrics,569.0,6.2,6.327341774893718
13532,Fanboys,320.0,6.1,6.327220148171718
10173,Marked for Death,100.0,5.6,6.327214841902206
10117,Action Jackson,51.0,4.9,6.327183647952657
9776,Head of State,71.0,5.3,6.327116852834661
12103,Don't Say a Word,223.0,6.0,6.3271074033759795
4515,Lions for Lambs,223.0,6.0,6.3271074033759795
18975,The Adventures of Pinocchio,55.0,5.0,6.327085877704262
8999,Derailed,322.0,6.1,6.327030951770318
29723,The Concorde... Airport '79,45.0,4.7,6.326978044003254
12662,Psycho III,79.0,5.4,6.32697005238876
17037,I'll Be Home for Christmas,65.0,5.2,6.3269596002726
12596,Pushing Tin,117.0,5.7,6.3269132181454815
244458,The Voices,578.0,6.2,6.3269105869578866
5968,The Woman in Red,101.0,5.6,6.32688140241854
25682,American Ninja 3: Blood Hunt,33.0,4.1,6.326847296246818
261037,Miss Meadows,60.0,5.1,6.326788941145687
25239,I Spit on Your Grave,140.0,5.8,6.326724473346117
9039,Trapped,140.0,5.8,6.326724473346117
1613,The 51st State,173.0,5.9,6.326688117625653
10589,After the Sunset,227.0,6.0,6.326540234770894
11495,Firestarter,174.0,5.9,6.326498810800912
2619,Splash,328.0,6.1,6.326465248283691
11607,DeepStar Six,56.0,5.0,6.326464568273936
210047,Cold Comes the Night,90.0,5.5,6.3264185785869325
48231,A Dangerous Method,589.0,6.2,6.326387528655356
16337,The Texas Chainsaw Massacre 2,142.0,5.8,6.326250363241619
11648,Must Love Dogs,142.0,5.8,6.326250363241619
455,Bend It Like Beckham,593.0,6.2,6.326198393013231
174671,Dark Touch,41.0,4.5,6.326180246872728
24940,Head Over Heels,73.0,5.3,6.3261627044774436
9669,Ringu 2,81.0,5.4,6.326112124114262
2087,The Getaway (1994),81.0,5.4,6.326112124114262
24831,Piranha,120.0,5.7,6.326058317054803
9623,The Juror,91.0,5.5,6.326037907185662
5852,Angel Eyes,91.0,5.5,6.326037907185662
43933,Monsters,597.0,6.2,6.326009822598373
20526,TRON: Legacy,2895.0,6.3,6.325995637062626
11141,Laws of Attraction,104.0,5.6,6.32588291609456
10783,Lucky Numbers,53.0,4.9,6.325845422820372
11418,National Lampoon’s European Vacation,232.0,6.0,6.325834033869554
12435,The Nanny Diaries,335.0,6.1,6.325808813683394
9621,Elizabethtown,335.0,6.1,6.325808813683394
11415,House (1986),144.0,5.8,6.325777105872306
3638,No Reservations,336.0,6.1,6.3257153478361365
11157,She-Devil,82.0,5.4,6.325683755223162
295315,Sex Ed,62.0,5.1,6.325643453210725
1428,Once Upon a Time in Mexico,605.0,6.2,6.325634367345654
10730,King Kong (1976),179.0,5.9,6.3255547907677085
77805,Lovelace,234.0,6.0,6.325552408048884
2133,The Perfect Storm,609.0,6.2,6.325447477492967
9080,Spies Like Us,180.0,5.9,6.325366488021731
72431,Red Tails,180.0,5.9,6.325366488021731
14043,Nancy Drew,146.0,5.8,6.325304698939649
75780,Jack Reacher,3046.0,6.3,6.325229858778316
5971,We're No Angels (1989),106.0,5.6,6.325218781127068
13600,City of Ember,614.0,6.2,6.325214645633629
85414,Brake,75.0,5.3,6.325210327202354
19064,Once Bitten,75.0,5.3,6.325210327202354
35614,A Troll in Central Park,40.0,4.4,6.325154836012507
12610,Osmosis Jones,237.0,6.0,6.325130880944654
14123,Bratz,63.0,5.1,6.325071511050054
24795,Angels in the Outfield,124.0,5.7,6.324922069286831
3536,U-571,345.0,6.1,6.324877624117905
49370,Perfect,32.0,3.9,6.324871324891553
11504,Suburban Commando,45.0,4.6,6.324860347116268
15992,Abandon,45.0,4.6,6.324860347116268
15489,Snow Day,51.0,4.8,6.324790349189194
10496,Bats,35.0,4.1,6.3247414806991715
9054,Gone Fishin',48.0,4.7,6.324684318054802
31867,Repo Men,627.0,6.2,6.324613308189924
14444,The Rugrats Movie,149.0,5.8,6.324597678101668
26044,Arthur 2: On the Rocks,43.0,4.5,6.324459829296362
41579,Getting Even with Dad,43.0,4.5,6.324459829296362
10760,Sydney White,242.0,6.0,6.324430756305999
4244,The Kid (2000),242.0,6.0,6.324430756305999
16643,Life or Something Like It,126.0,5.7,6.324355490652423
87504,Hyde Park on Hudson,77.0,5.3,6.3242597160827625
11431,Fever Pitch (2005),186.0,5.9,6.324240161788528
19326,Jury Duty,34.0,4.0,6.324185526906839
9099,Sgt. Bilko,96.0,5.5,6.324139798526949
12779,Swept Away (2002),52.0,4.8,6.324075139944518
10529,Outlander,354.0,6.1,6.324046095690015
7342,Carrie (2002),86.0,5.4,6.323974235141492
11950,Cannonball Run II,86.0,5.4,6.323974235141492
9012,Jackass: The Movie,355.0,6.1,6.3239540830837235
56272,Elektra Luxx,49.0,4.7,6.3239211792689884
9101,Down Periscope,110.0,5.6,6.323894150370883
9927,The Ringer,110.0,5.6,6.323894150370883
133694,Promised Land,246.0,6.0,6.323872823837449
13374,Ice Princess,189.0,5.9,6.323679232510507
29427,The Crazies (2010),649.0,6.2,6.323608711997183
11510,Repossessed,44.0,4.5,6.3236008355209465
18998,Darkman II: The Return of Durant,44.0,4.5,6.3236008355209465
10307,Stigmata,248.0,6.0,6.323594576603756
11001,Blue Streak,359.0,6.1,6.323586787184943
10407,Housesitter,111.0,5.6,6.323563748421787
25602,Ninja,87.0,5.4,6.3235478412537045
272692,The Possession of Michael King,129.0,5.7,6.323507546392953
9882,The Siege,361.0,6.1,6.323403590653112
246127,Every Thing Will Be Fine,79.0,5.3,6.323310866210293
37108,A Kid in King Arthur's Court,40.0,4.3,6.323267999058805
6020,Sorority Boys,47.0,4.6,6.323238437483116
25749,Children of the Corn III: Urban Harvest,50.0,4.7,6.323158757062238
8080,Suspect Zero,99.0,5.5,6.323005114667484
10169,Men at Work,99.0,5.5,6.323005114667484
12309,Bachelor Party,156.0,5.8,6.322955340953381
9989,Antitrust,156.0,5.8,6.322955340953381
4942,Leatherheads,131.0,5.7,6.322943528621051
36668,X-Men: The Last Stand,3581.0,6.3,6.322845457848013
19366,Josie and the Pussycats,73.0,5.2,6.322772007991227
16784,Welcome to Mooseport,54.0,4.8,6.322646732399875
16379,The Mod Squad,37.0,4.1,6.322639644112858
23966,Deadgirl,100.0,5.5,6.322627580726491
10351,Wishmaster,114.0,5.6,6.322574349736646
4599,Raising Helen,195.0,5.9,6.322561812173768
9409,Another Stakeout,58.0,4.9,6.322510813912726
2207,16 Blocks,675.0,6.2,6.322442147626895
20697,Ready to Rumble,51.0,4.7,6.3223970504257325
228973,Backcountry,159.0,5.8,6.322254625875841
918,Blind Date,115.0,5.6,6.322245151190102
10326,Forever Young,258.0,6.0,6.322210481235575
11353,Bowfinger,258.0,6.0,6.322210481235575
619,The Bodyguard,681.0,6.2,6.322176060633012
9431,Bordello of Blood,63.0,5.0,6.322131638444534
12253,Biker Boyz,63.0,5.0,6.322131638444534
26389,From Paris with Love,684.0,6.2,6.322043450353556
10207,Message in a Bottle,198.0,5.9,6.322005309425015
1901,In Good Company,198.0,5.9,6.322005309425015
8346,My Big Fat Greek Wedding,686.0,6.2,6.321955203313406
100529,Lola Versus,55.0,4.8,6.321933532216077
27352,Braddock: Missing in Action III,55.0,4.8,6.321933532216077
10001,Young Einstein,46.0,4.5,6.321885272280492
16314,3 Ninjas,102.0,5.5,6.321873551000121
10349,The Dark Half,91.0,5.4,6.321846193880427
63492,What's Your Number?,689.0,6.2,6.321823071779813
46221,The Tunnel (2011),117.0,5.6,6.321587653157657
7090,Ken Park,136.0,5.7,6.321537938403265
10824,Candyman: Farewell to the Flesh,64.0,5.0,6.3215149581868575
13252,Cleaner,201.0,5.9,6.321450270547234
17918,Swamp Thing,92.0,5.4,6.3214217613686845
13067,In the Land of Women,163.0,5.8,6.32132325491193
9429,A Night at the Roxbury,202.0,5.9,6.321265581894745
95516,Cleanskin,118.0,5.6,6.321259352853666
1408,Cutthroat Island,137.0,5.7,6.321257581183479
33061,Troll,60.0,4.9,6.321181333491302
245703,Midnight Special,705.0,6.2,6.321123178012071
9424,Disturbing Behavior,104.0,5.5,6.3211209023121935
80304,Casa De Mi Padre,104.0,5.5,6.3211209023121935
10035,100 Girls,119.0,5.6,6.320931351147008
76170,The Wolverine,4110.0,6.3,6.320893059653908
127867,The Brass Teapot,165.0,5.8,6.320858814051411
5203,Wild Orchid,50.0,4.6,6.320811284116864
18885,3 Ninjas Kick Back,50.0,4.6,6.320811284116864
265010,The Canal,139.0,5.7,6.320697624824676
51588,Prom,139.0,5.7,6.320697624824676
10023,Dragnet,139.0,5.7,6.320697624824676
264999,Magic Mike XXL,716.0,6.2,6.320646647688519
84165,2 Days in New York,94.0,5.4,6.320574067759016
41154,Men in Black 3,4228.0,6.3,6.320502222529462
36355,Flipper (1996),85.0,5.3,6.320474835263962
9582,A Guy Thing,85.0,5.3,6.320474835263962
38073,Going the Distance,271.0,6.0,6.3204287605456155
284537,Welcome to Me,140.0,5.7,6.320418025002686
126277,American Mary,167.0,5.8,6.320395199984296
29794,Howling II: Stirba - Werewolf Bitch,41.0,4.2,6.3203809588178474
37530,House II: The Second Story,66.0,5.0,6.320283321887609
16232,Mr. 3000,66.0,5.0,6.320283321887609
9822,Mighty Joe Young (1998),208.0,5.9,6.320160840317627
12475,In the Army Now,54.0,4.7,6.320116213877886
12121,Made in America,86.0,5.3,6.320003691038442
22907,Takers,399.0,6.1,6.319979021200393
1727,Bird on a Wire,209.0,5.9,6.319977279802842
11069,Tremors 2: Aftershocks,209.0,5.9,6.319977279802842
11892,Murder by Numbers,275.0,6.0,6.319884496318271
2665,Airplane II: The Sequel,276.0,6.0,6.319748719032541
12770,Stealing Harvard,46.0,4.4,6.319721533716557
339527,Solace,740.0,6.2,6.3196198495025495
206647,Spectre,4552.0,6.3,6.3195005985576955
8845,Under Siege,405.0,6.1,6.319447874043629
11357,Halloween 4: The Return of Michael Myers,212.0,5.9,6.3194275593292675
10641,Autumn in New York,144.0,5.7,6.319302140158149
8867,The Punisher (1989),109.0,5.5,6.319245297793332
11133,Poltergeist II: The Other Side,172.0,5.8,6.319239767581303
9699,Trail of the Pink Panther,63.0,4.9,6.3191917658390135
2043,Along Came a Spider,408.0,6.1,6.31918326116068
11529,Sweet Home Alabama,408.0,6.1,6.31918326116068
10804,King Ralph,88.0,5.3,6.319062706522159
9988,Beerfest,173.0,5.8,6.31900929652443
8584,Shanghai Noon,756.0,6.2,6.318944972444759
2210,Earth Girls Are Easy,110.0,5.5,6.318871204641528
244316,Into the Grizzly Maze,74.0,5.1,6.318815197476596
72105,Ted,4811.0,6.3,6.318767658248095
8984,Disclosure,217.0,5.9,6.318514549556896
10533,The Scarlet Letter (1995),111.0,5.5,6.318497452979171
25748,Children of the Corn II: The Final Sacrifice,50.0,4.5,6.3184638111714895
277546,The Runner,53.0,4.6,6.318390958346287
10092,Cry_Wolf,127.0,5.6,6.318318038290271
25018,Leatherface: Texas Chainsaw Massacre III,75.0,5.1,6.318249608856221
16577,Astro Boy,420.0,6.1,6.318131160465095
38357,Morning Glory,420.0,6.1,6.318131160465095
32302,3 Ninjas: High Noon at Mega Mountain,38.0,3.9,6.318001838855834
10303,The Jewel of the Nile,289.0,6.0,6.3179940457184465
8069,Barbarella,149.0,5.7,6.31791291621827
70981,Prometheus,5152.0,6.3,6.317882727978583
3980,Critters,221.0,5.9,6.317786998676509
82525,Savages,784.0,6.2,6.317782082300568
4513,30 Days of Night,784.0,6.2,6.317782082300568
12277,Undercover Brother,113.0,5.5,6.317750972254139
46837,Kaboom,113.0,5.5,6.317750972254139
9027,The Guru,76.0,5.1,6.317684544912783
59963,Dark Tide,61.0,4.8,6.317668322289037
13394,Shrek the Halls,179.0,5.8,6.317630755264488
10485,Ghost Dad,51.0,4.5,6.3176104528988075
27214,Amityville 3-D,40.0,4.0,6.3176074881977
12237,Faces of Death,40.0,4.0,6.3176074881977
11824,Teen Wolf,292.0,6.0,6.31759185252839
6963,The Weather Man,292.0,6.0,6.31759185252839
17680,The Girlfriend Experience,83.0,5.2,6.317581078899056
11067,Major League II,83.0,5.2,6.317581078899056
2332,Taxi 2,430.0,6.1,6.31726209470496
24122,The Rebound,224.0,5.9,6.317242993382979
17813,Alex & Emma,71.0,5.0,6.317214251658436
20616,Swimfan,71.0,5.0,6.317214251658436
12138,3000 Miles to Graceland,181.0,5.8,6.317172867425071
12499,Fathers' Day,77.0,5.1,6.317120004916533
244264,Laggies,432.0,6.1,6.317089111887066
70436,The Raven (2012),432.0,6.1,6.317089111887066
15120,Smokey and the Bandit Part 3,49.0,4.4,6.317016367037606
9291,The Longest Yard (2005),804.0,6.2,6.31696527145225
11285,Cocoon: The Return,103.0,5.4,6.316778668592828
19158,Graveyard Shift,52.0,4.5,6.3167578951686085
12540,Bring It On Again,93.0,5.3,6.316717823513985
10068,Nine 1/2 Weeks,183.0,5.8,6.3167157889501375
9264,Poison Ivy,85.0,5.2,6.3165486475921915
37302,Left Behind,41.0,4.0,6.3165147667812604
10985,The New Guy,155.0,5.7,6.316254052486505
26602,Summer Catch,63.0,4.8,6.316251893233493
10342,Teaching Mrs. Tingle,94.0,5.3,6.316250141265766
11823,Wimbledon,303.0,6.0,6.316125808180916
6723,The Rookie (1990),134.0,5.6,6.3160468820907045
7341,The Rage: Carrie 2,79.0,5.1,6.3159924938533605
9893,Sleepover,105.0,5.4,6.315939492713661
240832,Lucy,6048.0,6.3,6.3159113915076635
11323,The Informant!,305.0,6.0,6.31586070760591
1665,Last Days,95.0,5.3,6.315782889080078
7007,Rising Sun,188.0,5.8,6.315576619680642
11037,Iron Eagle,64.0,4.8,6.315544669700652
11398,The Art of War,136.0,5.6,6.315400615810246
13505,The Perfect Score,136.0,5.6,6.315400615810246
49526,Premium Rush,848.0,6.2,6.315207566592569
2662,House of 1000 Corpses,310.0,6.0,6.315199897322
10862,Bounce,120.0,5.5,6.315148978206192
11096,Hide and Seek,455.0,6.1,6.315119428235158
10571,Boys and Girls,107.0,5.4,6.315101851713442
11478,The Skulls,160.0,5.7,6.314878454699754
9849,My Favorite Martian,81.0,5.1,6.314867069855718
256030,Muck,35.0,3.5,6.314812167949461
10028,Honey,313.0,6.0,6.31480473666592
9772,Air Force One,859.0,6.2,6.3147763638730545
289727,The Rewrite,192.0,5.8,6.314668894387955
9644,National Lampoon's Loaded Weapon 1,161.0,5.7,6.314604071757385
58547,10 Years,161.0,5.7,6.314604071757385
31646,Piranha Part Two: The Spawning,41.0,3.9,6.3145816707629665
228968,Kidnapping Mr. Heineken,193.0,5.8,6.314442462264772
211067,The Sacrament,139.0,5.6,6.314433400754733
207774,The Borderlands,82.0,5.1,6.314305138696415
1257,Because I Said So,194.0,5.8,6.314216229294714
9730,Friday the 13th: The Final Chapter,241.0,5.9,6.3141868608133365
8090,Untraceable,241.0,5.9,6.3141868608133365
8978,Assault on Precinct 13 (2005),318.0,6.0,6.314148332786219
149509,Horns,878.0,6.2,6.314039113103573
9618,Tango & Cash,468.0,6.1,6.314021858594051
10680,D3: The Mighty Ducks,99.0,5.3,6.313918169120317
10472,Down to You,71.0,4.9,6.313913384599695
16325,Echelon Conspiracy,110.0,5.4,6.313848258912174
9725,Friday the 13th Part 2,321.0,6.0,6.31375580274671
199373,The Frozen Ground,473.0,6.1,6.313602692808208
12634,The Big Bounce,77.0,5.0,6.313550149333418
15357,District 13: Ultimatum,323.0,6.0,6.313494660565019
13376,Eight Crazy Nights,100.0,5.3,6.313453058375061
11317,My Girl 2,111.0,5.4,6.313431157536555
31586,North,67.0,4.8,6.313426952003873
10280,Thinner,125.0,5.5,6.313300525909755
10592,Hart's War,246.0,5.9,6.313296500184748
9032,Big Daddy,898.0,6.2,6.313273223057712
10391,Bless the Child,72.0,4.9,6.313256346385702
253235,And So It Goes,166.0,5.7,6.313235822081842
299551,The Atticus Institute,143.0,5.6,6.313147841653979
8224,8MM,479.0,6.1,6.3131018560756225
8835,Legally Blonde,908.0,6.2,6.312894122928668
2057,Original Sin,200.0,5.8,6.312862999015204
6499,Turbo: A Power Rangers Movie,60.0,4.6,6.312769922009726
11374,Edtv,168.0,5.7,6.312690226475105
14817,Good Burger,113.0,5.4,6.31259809599157
254024,The Face of an Angel,64.0,4.7,6.31255952545755
2149,Body of Evidence,57.0,4.5,6.312507075319831
11519,1941,145.0,5.6,6.312506795480669
11699,The Bad Lieutenant: Port of Call - New Orleans,331.0,6.0,6.312454424440454
8854,Steel,49.0,4.2,6.312413158883352
201,Star Trek: Nemesis,488.0,6.1,6.312354989234492
9298,Ali G Indahouse,332.0,6.0,6.312324880119702
41215,Black Death,252.0,5.9,6.312233107315643
1722,Captain Corelli's Mandolin,146.0,5.6,6.312186704375531
2085,Romeo Must Die,334.0,6.0,6.312066113467434
11853,Bad Girls,61.0,4.6,6.31196991737533
8494,Weekend at Bernie's II,74.0,4.9,6.311944100190215
9456,The Crow: Salvation,74.0,4.9,6.311944100190215
24402,Emmanuelle,74.0,4.9,6.311944100190215
55465,A Very Harold & Kumar Christmas,335.0,6.0,6.311936890869257
12088,Fortress,171.0,5.7,6.3118736509494715
12192,Pathology,147.0,5.6,6.311866900740795
11238,Aladdin and the King of Thieves,494.0,6.1,6.311859979644016
49527,Man on a Ledge,936.0,6.2,6.311846016878501
11456,Domestic Disturbance,115.0,5.4,6.311766552588766
11595,Another 48 Hrs.,205.0,5.8,6.311740735948145
8780,Baby Mama,205.0,5.8,6.311740735948145
10861,Maximum Risk,104.0,5.3,6.31159687474746
13962,Blank Check,87.0,5.1,6.311503262467854
12705,Smokey and the Bandit II,87.0,5.1,6.311503262467854
9073,Free Willy 2 - The Adventure Home,130.0,5.5,6.311460437840093
10019,Mannequin,130.0,5.5,6.311460437840093
11862,Father of the Bride Part II,173.0,5.7,6.311330475423207
38570,The 41–Year–Old Virgin Who Knocked Up Sarah Marshall and Felt Superbad About It,34.0,3.2,6.311318618985649
4226,Shriek If You Know What I Did Last Friday the Thirteenth,70.0,4.8,6.311315144354387
10646,Tomcats,75.0,4.9,6.311288890510088
8592,Dick Tracy,258.0,5.9,6.311175172524953
12572,"New York, I Love You",174.0,5.7,6.311059249142489
2124,Color of Night,117.0,5.4,6.31093652318201
7233,Rebound,96.0,5.2,6.310904200282504
18215,Boxing Helena,59.0,4.5,6.310812311930954
80038,Friends with Kids,175.0,5.7,6.310788263422565
10768,Omen III: The Final Conflict,132.0,5.5,6.310726731890284
87496,The Company You Keep,261.0,5.9,6.3106482387939575
18487,The Taking of Pelham 1 2 3,971.0,6.2,6.310562937643918
9057,Terminal Velocity,82.0,5.0,6.310512266520833
328429,Approaching the Unknown,89.0,5.1,6.310386129050792
13523,Sex Drive,348.0,6.0,6.310266683665113
88042,Parental Guidance,212.0,5.8,6.310177793845727
1273,TMNT,349.0,6.0,6.310138946707307
10184,He's Just Not That Into You,988.0,6.2,6.309950290782025
20737,Air Bud,108.0,5.3,6.309747478052384
16871,Drag Me to Hell,995.0,6.2,6.309699993367278
253310,Premature,120.0,5.4,6.3096943087818875
14248,Igor,154.0,5.6,6.309636292040875
14536,New in Town,99.0,5.2,6.309374696346733
4954,Drop Zone,91.0,5.1,6.309271053964722
11081,Taking Lives,356.0,6.0,6.309247724544722
9472,DodgeBall: A True Underdog Story,1009.0,6.2,6.309202801795016
10696,Glitter,38.0,3.4,6.309030899976258
11508,Addams Family Reunion,46.0,3.9,6.3089028408968755
257445,Goosebumps,1022.0,6.2,6.308745142444176
306952,Naomi and Ely's No Kiss List,272.0,5.9,6.308727649229241
13824,Superstar,85.0,5.0,6.30869627224865
334536,The Blackcoat's Daughter,85.0,5.0,6.30869627224865
8989,Harry and the Hendersons,157.0,5.6,6.30868459044892
14636,The Condemned,219.0,5.8,6.308624369649063
172533,Drinking Buddies,361.0,6.0,6.308614266824275
3682,54,138.0,5.5,6.308533553328395
4824,The Jackal,536.0,6.1,6.308458492939359
10877,Exit Wounds,111.0,5.3,6.3083648620939385
28597,Problem Child 2,101.0,5.2,6.3083573647285425
11525,Lawnmower Man 2: Beyond Cyberspace,32.0,2.8,6.308204263644837
2284,Mr. Magorium's Wonder Emporium,365.0,6.0,6.308109366083034
11041,The Beverly Hillbillies,86.0,5.0,6.308092058729295
13559,The Mangler,59.0,4.4,6.308053949182877
13595,Airheads,222.0,5.8,6.307961508549149
9067,Tank Girl,140.0,5.5,6.307805128315824
1450,Blood: The Last Vampire (2009),94.0,5.1,6.307602288279267
296100,The Night Before,548.0,6.1,6.30750660956438
9759,Cellular,548.0,6.1,6.30750660956438
11962,Joe's Apartment,87.0,5.0,6.307488402872569
9586,The Bonfire of the Vanities,113.0,5.3,6.307445219729002
10724,Firefox,141.0,5.5,6.307441407778074
4959,The International,373.0,6.0,6.307104504618812
304372,The Perfect Guy,162.0,5.6,6.307104081092224
73499,The Double,226.0,5.8,6.307080376679769
8838,Mercury Rising,374.0,6.0,6.306979357609044
11933,Nothing but Trouble,88.0,5.0,6.3068853039067845
9335,Transporter 2,1076.0,6.2,6.3068844546348055
9266,Blue Crush,164.0,5.6,6.306473849508552
11137,The Prince & Me,286.0,5.9,6.3063090913183775
38303,You Again,380.0,6.0,6.306230612250133
12569,Extract,192.0,5.7,6.306218004183505
5820,The Sentinel,230.0,5.8,6.306202296415384
12122,Village of the Damned (1995),165.0,5.6,6.306159154816238
11678,Vertical Limit,287.0,5.9,6.306137431971403
72358,A Thousand Words,381.0,6.0,6.306106176315941
6947,The Village,1101.0,6.2,6.306044418995808
3513,Legionnaire,106.0,5.2,6.305822180106917
21724,Dance Flick,73.0,4.7,6.305818525560144
10489,Cujo,194.0,5.7,6.305684819193348
2749,15 Minutes,194.0,5.7,6.305684819193348
11358,Walking Tall,387.0,6.0,6.305361679241458
15379,Missing in Action,107.0,5.2,6.3053165342621975
10127,Critters 2,91.0,5.0,6.305079340659487
9278,Freejack,91.0,5.0,6.305079340659487
14289,Fire Down Below,91.0,5.0,6.305079340659487
2182,Attack of the Killer Tomatoes!,74.0,4.7,6.305073002903835
28355,Case 39,580.0,6.1,6.305010242525128
134597,The Collection,294.0,5.9,6.304939865879532
46503,All Good Things,294.0,5.9,6.304939865879532
13279,Lakeview Terrace,294.0,5.9,6.304939865879532
11859,Fair Game (1995),54.0,4.1,6.304933102745947
9710,Allan Quatermain and the Lost City of Gold,70.0,4.6,6.304803365010681
10763,Dr. T and the Women,70.0,4.6,6.304803365010681
80585,Rock of Ages,392.0,6.0,6.30474402581149
23759,Centurion,394.0,6.0,6.304497663495509
9691,Assassins,394.0,6.0,6.304497663495509
245906,She's Funny That Way,238.0,5.8,6.304455227509098
11683,Land of the Dead,395.0,6.0,6.304374631651029
37534,The New Daughter,109.0,5.2,6.304306628568361
2565,Joe Versus the Volcano,150.0,5.5,6.304182602571678
4477,The Devil's Own,300.0,5.9,6.303918987627771
10596,Replicant,93.0,5.0,6.303878135532209
9827,Phantoms,110.0,5.2,6.303802367453464
146243,Haunt,101.0,5.1,6.3037263553060425
9566,The Fan (1996),202.0,5.7,6.303561425361956
18498,Ghoulies,58.0,4.2,6.303520659793126
9350,Cliffhanger,600.0,6.1,6.3034802867981545
11077,Problem Child,152.0,5.5,6.303461992699081
16558,Duplicity,203.0,5.7,6.30329704750639
4421,G.I. Jane,404.0,6.0,6.303271802815964
49022,Something Borrowed,304.0,5.9,6.303241256991427
17709,Dudley Do-Right,49.0,3.8,6.303206742574843
11802,Space Chimps,102.0,5.1,6.303174680723534
10294,Vacancy,406.0,6.0,6.303027814157451
1537,Changing Lanes,306.0,5.9,6.30290324382519
13411,Malibu's Most Wanted,77.0,4.7,6.302840582584072
9074,The Man,137.0,5.4,6.302718597444558
208277,Wetlands,103.0,5.1,6.302623511580528
4380,Shall We Dance? (2004),308.0,5.9,6.302565796857017
10761,Made of Honor,410.0,6.0,6.302541012712991
41556,The Romantics,83.0,4.8,6.3022316718392535
10003,The Saint,310.0,5.9,6.302228914665458
15028,Clockstoppers,89.0,4.9,6.302179393072553
1649,Bill & Ted's Bogus Journey,311.0,5.9,6.302060684918009
11066,Boomerang,139.0,5.4,6.301904952614847
14846,Little Black Book,114.0,5.2,6.301789919827122
9981,Kicking & Screaming,179.0,5.6,6.301782684258047
16028,They,74.0,4.6,6.301637454260644
9103,The Quest,126.0,5.3,6.301508191302936
8850,The Shadow,140.0,5.4,6.301498679972393
12110,Dracula: Dead and Loving It,210.0,5.7,6.301452867793931
96,Beverly Hills Cop II,627.0,6.1,6.301450708215783
9304,Multiplicity,158.0,5.5,6.301307890973754
5516,The Ladykillers (2004),421.0,6.0,6.301210337913478
4964,Knocked Up,1255.0,6.2,6.30114754182363
10431,War,422.0,6.0,6.3010899476826925
38031,You Will Meet a Tall Dark Stranger,254.0,5.8,6.300997019903902
12154,Three Men and a Baby,255.0,5.8,6.300782455557813
6520,First Knight,319.0,5.9,6.300719896039816
49010,Hobo with a Shotgun,213.0,5.7,6.300665951985309
10833,Heartbreakers,256.0,5.8,6.300568074918005
11217,Club Dread,107.0,5.1,6.300423875536575
15566,Surviving Christmas,107.0,5.1,6.300423875536575
13944,Passengers,214.0,5.7,6.30040410410197
48572,Red State,321.0,5.9,6.3003860949227235
1634,Free Willy,429.0,6.0,6.300249903188471
11232,Kate & Leopold,430.0,6.0,6.300130279330152
22327,Youth in Revolt,323.0,5.9,6.300052849457838
37861,Valhalla Rising,323.0,5.9,6.300052849457838
13655,Camp Rock,432.0,6.0,6.2998913173449775
74461,Knights of Badassdom,162.0,5.5,6.299878228597744
10199,The Tale of Despereaux,260.0,5.8,6.29971238471109
97795,Emergo,100.0,5.0,6.299691274847916
13680,The Game Plan,434.0,6.0,6.2996527355773635
342521,Keanu,434.0,6.0,6.2996527355773635
73935,Vamps,93.0,4.9,6.299598239538284
13476,Win a Date with Tad Hamilton!,163.0,5.5,6.299521609757112
2320,Executive Decision,261.0,5.8,6.299498919073331
121824,Stand Up Guys,327.0,5.9,6.299388019944209
64807,Grudge Match,437.0,6.0,6.2992955738511744
9945,Vampires,262.0,5.8,6.299285635732921
10546,The Crow: City of Angels,119.0,5.2,6.299284656133479
10225,Friday the 13th Part VI: Jason Lives,219.0,5.7,6.299098281652369
9838,King Solomon's Mines (1985),101.0,5.0,6.2990953458835435
6623,The Peacemaker,263.0,5.8,6.299072534456439
12120,My Stepmother is an Alien,132.0,5.3,6.298791561565458
8843,The Cell,442.0,6.0,6.298702192590937
25704,Post Grad,102.0,5.0,6.298499963154387
39538,Contagion,1351.0,6.2,6.298317374081439
9373,The Texas Chainsaw Massacre,670.0,6.1,6.29830069441434
11931,In Her Shoes,446.0,6.0,6.298229178964236
11025,New York Minute,191.0,5.6,6.298074371784809
6951,Turner & Hooch,335.0,5.9,6.298064968055121
7484,Open Season,676.0,6.1,6.297868972443156
10829,Tremors 3: Back to Perfection,149.0,5.4,6.297858630568076
11630,Three Men and a Little Lady,122.0,5.2,6.2977869591065705
9923,Domino,450.0,6.0,6.297757661062359
12242,Mulan II,450.0,6.0,6.297757661062359
11966,Short Circuit 2,168.0,5.5,6.297743274808031
1268,Mr. Bean's Holiday,682.0,6.1,6.297439126198777
7095,Jack,340.0,5.9,6.297242502780931
9980,Maximum Overdrive,170.0,5.5,6.297034153916627
8860,Metro,136.0,5.3,6.296988648031189
253344,Some Kind of Beautiful,171.0,5.5,6.296680066018665
11472,Nine Months,171.0,5.5,6.296680066018665
9413,Picture Perfect,114.0,5.1,6.296593812349741
14219,Skinwalkers,76.0,4.5,6.2965337761101665
16300,Down to Earth,98.0,4.9,6.296385130331144
79548,Gone,346.0,5.9,6.296260019623122
10406,Encino Man,197.0,5.6,6.29623487323161
8007,Behind Enemy Lines,464.0,6.0,6.296119025375779
20662,Robin Hood (2010),1434.0,6.2,6.295995103688076
123109,No One Lives,173.0,5.5,6.295972833220762
15045,Fat Albert,69.0,4.3,6.295964072968061
49021,Killer Elite,703.0,6.1,6.295949260534582
8871,How the Grinch Stole Christmas,1440.0,6.2,6.295831473346131
157375,The Lifeguard,126.0,5.2,6.295796366465565
12437,Underworld: Rise of the Lycans,1447.0,6.2,6.295641274927265
2928,Michael,174.0,5.5,6.295619687484067
9091,Sudden Death,174.0,5.5,6.295619687484067
10906,Pet Sematary II,107.0,5.0,6.295531216810953
10878,Saving Silverman,155.0,5.4,6.295448217904076
10167,Half Past Dead,82.0,4.6,6.295340777818504
9616,The Order,93.0,4.8,6.295318343544358
8873,Wayne's World 2,281.0,5.8,6.295267580679266
11212,Baby's Day Out,281.0,5.8,6.295267580679266
193610,The Other Woman,1467.0,6.2,6.295101987511725
9794,Employee of the Month (2006),156.0,5.4,6.295047740157299
9622,Beverly Hills Ninja,176.0,5.5,6.294914335248881
8944,What Just Happened,128.0,5.2,6.294803774815875
11870,Big Fat Liar,202.0,5.6,6.29470934709556
50321,Mars Needs Moms,202.0,5.6,6.29470934709556
9593,Last Action Hero,725.0,6.1,6.29441237619377
9792,The Hills Have Eyes (2006),726.0,6.1,6.294343090434511
10154,Mickey Blue Eyes,142.0,5.3,6.29429644888711
18509,Caddyshack II,59.0,3.9,6.294262135442491
218836,Planes: Fire & Rescue,286.0,5.8,6.2942209237746845
2119,Days of Thunder,359.0,5.9,6.294147889298557
308638,The D Train,79.0,4.5,6.294037376782562
10131,A Nightmare on Elm Street 4: The Dream Master,287.0,5.8,6.294012123029516
8922,Jeepers Creepers,731.0,6.1,6.293997401093834
25769,Carriers,288.0,5.8,6.293803498640053
10358,Zack and Miri Make a Porno,734.0,6.1,6.293790577161895
97051,Would You Rather,289.0,5.8,6.29359505038296
11247,A Cinderella Story,737.0,6.1,6.293584193757331
1497,Teenage Mutant Ninja Turtles II: The Secret of the Ooze,290.0,5.8,6.293386778035281
11811,Leprechaun,120.0,5.1,6.293330300508972
11310,City Slickers II: The Legend of Curly's Gold,103.0,4.9,6.293186740238995
11258,Hard Rain,181.0,5.5,6.293156414164273
10982,Hoodwinked!,491.0,6.0,6.293009196835689
18736,The Lizzie McGuire Movie,292.0,5.8,6.292970760178214
10140,The Chronicles of Narnia: The Voyage of the Dawn Treader,1555.0,6.2,6.29279962437027
10685,The Watcher,112.0,5.0,6.292576014327295
11428,Sleepwalkers,97.0,4.8,6.292570796115994
59968,Our Idiot Brother,369.0,5.9,6.292538432636319
33217,Diary of a Wimpy Kid,369.0,5.9,6.292538432636319
11856,Air America,146.0,5.3,6.292509712529353
76544,Man of Tai Chi,295.0,5.8,6.292348047160872
9354,"Honey, I Shrunk the Kids",756.0,6.1,6.292287238704742
9271,Virtuosity,163.0,5.4,6.292254394705506
9453,Caligula,147.0,5.3,6.292064031345434
137321,Winter's Tale,501.0,6.0,6.291873920302491
10723,Bulletproof,164.0,5.4,6.291856768022779
9293,John Tucker Must Die,375.0,5.9,6.291579052365512
10984,Valentine,114.0,5.0,6.2913977048723595
4478,Indecent Proposal,300.0,5.8,6.291313680793594
9986,Charlotte's Web (2006),300.0,5.8,6.291313680793594
332567,The Shallows,1619.0,6.2,6.291193986024336
310133,Cop Car,301.0,5.8,6.291107328841308
2103,Solaris (2002),378.0,5.9,6.291101118657708
10805,Staying Alive,93.0,4.7,6.291038447550433
10944,In the Cut,93.0,4.7,6.291038447550433
9801,Bridget Jones: The Edge of Reason,775.0,6.1,6.291007546403514
10665,The Strangers,509.0,6.0,6.290972013598066
77866,Contraband,777.0,6.1,6.290873832095316
1977,The Grudge 3,150.0,5.3,6.290729386131847
45649,Rubber,252.0,5.7,6.290620294004894
123553,The Mortal Instruments: City of Bones,1649.0,6.2,6.290460315800617
157834,The Zero Theorem,383.0,5.9,6.290307149801951
707,A View to a Kill,515.0,6.0,6.290299232973551
7220,The Punisher (2004),786.0,6.1,6.290274427189837
206821,The Longest Week,116.0,5.0,6.290221541749454
20048,Confessions of a Shopaholic,787.0,6.1,6.290208058949307
3512,Under Siege 2: Dark Territory,217.0,5.6,6.29017261786487
6279,Sister Act 2: Back in the Habit,384.0,5.9,6.290148742711789
256274,"As Above, So Below",788.0,6.1,6.29014173699148
8077,Alien³,1664.0,6.2,6.290097889823505
2020,The Bachelor,84.0,4.5,6.289892092980297
9824,Mystery Men,255.0,5.7,6.289861450825377
4961,Mimic,255.0,5.7,6.289861450825377
38575,The Karate Kid (2010),1675.0,6.2,6.289833951079166
9315,Flightplan,796.0,6.1,6.289612821712726
23082,The Invention of Lying,523.0,6.0,6.289407016886499
12208,Casino Royale (1967),153.0,5.3,6.289398327147816
10384,Supernova,109.0,4.9,6.28936795934339
9728,Friday the 13th Part III,257.0,5.7,6.289356637756355
5174,Rush Hour 3,801.0,6.1,6.289283741336959
302699,Central Intelligence,1699.0,6.2,6.289263418305273
4564,Sex and the City,525.0,6.0,6.289184819134615
34636,The Neverending Story II: The Next Chapter,193.0,5.5,6.288968958668125
9406,An American Werewolf in Paris,154.0,5.3,6.288955435262523
6795,Zathura: A Space Adventure,808.0,6.1,6.288824943162005
9896,Rat Race,531.0,6.0,6.288520268333256
74998,Seeking Justice,314.0,5.8,6.288440441364571
34544,The A-Team,1737.0,6.2,6.28837474805924
41733,Due Date,1737.0,6.2,6.28837474805924
139567,Fire with Fire,223.0,5.6,6.2883744738725165
48838,London Boulevard,261.0,5.7,6.2883495993527045
1534,Pathfinder,173.0,5.4,6.288294012119539
8766,Hellraiser: Bloodline,111.0,4.9,6.288099680323474
11335,Popeye,157.0,5.3,6.287629135476749
10069,Stay Alive,157.0,5.3,6.287629135476749
9477,King Arthur,827.0,6.1,6.287590771979124
1969,Bandidas,319.0,5.8,6.28742241172376
3134,Baise-moi,75.0,4.2,6.286926376298621
97614,Deadfall,228.0,5.6,6.286883162375577
8998,Friends with Money,132.0,5.1,6.286856391240631
9713,Holy Man,113.0,4.9,6.2868337146787265
82682,Gangster Squad,1805.0,6.2,6.286827885714028
10642,Loser,122.0,5.0,6.286705871888423
11186,Child's Play 2,323.0,5.8,6.2866110383506575
16991,Observe and Report,229.0,5.6,6.28658567513576
11569,Hellraiser III: Hell on Earth,160.0,5.3,6.286306388358987
31117,Superbabies: Baby Geniuses 2,36.0,1.9,6.2862600697581295
9564,Asterix & Obelix Take on Caesar,409.0,5.9,6.286229934150832
12767,Cold Creek Manor,114.0,4.9,6.286201597394979
579,Jaws 2,412.0,5.9,6.285764961016358
10781,The Texas Chainsaw Massacre: The Beginning,412.0,5.9,6.285764961016358
75736,Catch.44,107.0,4.8,6.285745899359708
4233,Scream 2,856.0,6.1,6.285737834297149
11887,High School Musical 3: Senior Year,858.0,6.1,6.285611393864672
3177,Battle Royale II: Requiem,115.0,4.9,6.2855700560854295
10527,Madagascar: Escape 2 Africa,1866.0,6.2,6.2854856231337735
168530,Ride Along,867.0,6.1,6.285044535741941
8688,Snake Eyes,331.0,5.8,6.284996368487407
12589,Jimmy Neutron: Boy Genius,235.0,5.6,6.2848061489901355
11511,Kazaam,60.0,3.6,6.284731883737804
9541,Jersey Girl,333.0,5.8,6.284594373942566
364067,A Very Murray Christmas,149.0,5.2,6.28448910680128
9625,The Glimmer Man,102.0,4.7,6.2844758104469465
13972,The Women (2008),96.0,4.6,6.284433003793614
244761,The Captive,334.0,5.8,6.284393626464804
240483,Robot Overlords,109.0,4.8,6.2843884029350665
13649,High School Musical 2,884.0,6.1,6.283983196276831
10033,Just Friends,424.0,5.9,6.283916210229722
5227,Hercules in New York,63.0,3.7,6.283913294572768
49494,The Eagle,426.0,5.9,6.28360980650241
11866,Flight of the Phoenix,282.0,5.7,6.283118607339153
23685,Monkeybone,79.0,4.2,6.283059818247163
2274,The Seeker: The Dark Is Rising,111.0,4.8,6.2830333848808575
4597,Armored,211.0,5.5,6.282770027545216
11377,House on Haunted Hill (1999),211.0,5.5,6.282770027545216
9070,Mighty Morphin Power Rangers: The Movie,153.0,5.2,6.282546404802935
10823,Children of the Corn,243.0,5.6,6.2824477473061044
6957,The 40 Year Old Virgin,2020.0,6.2,6.282274660570181
12100,Windtalkers,345.0,5.8,6.282196331720123
4723,Southland Tales,154.0,5.2,6.282061816336406
1641,Forces of Nature,141.0,5.1,6.282046869404856
290764,Tracers,437.0,5.9,6.281933290134772
8689,Cannibal Holocaust,347.0,5.8,6.281798963557022
325358,Superfast!,94.0,4.5,6.281658729319769
36670,Never Say Never Again,348.0,5.8,6.281600524971566
13256,Mutant Chronicles,142.0,5.1,6.281514883145307
87421,Riddick,2066.0,6.2,6.281361809622576
2114,Final Fantasy: The Spirits Within,441.0,5.9,6.28132727527508
87826,Here Comes the Boom,598.0,6.0,6.281301739989438
10678,Bringing Down the House,191.0,5.4,6.28125321764227
9446,Jungle 2 Jungle,122.0,4.9,6.28116532827935
13888,Return to the Blue Lagoon,156.0,5.2,6.281093939759258
584,2 Fast 2 Furious,2087.0,6.2,6.2809517739845
9676,The Black Dahlia,292.0,5.7,6.2806602140031265
180296,They Came Together,173.0,5.3,6.280615191018316
10065,The Amityville Horror (2005),606.0,6.0,6.280463893447277
4614,The Sum of All Fears,447.0,5.9,6.280421850295698
27576,Salt,2125.0,6.2,6.280220215366345
9705,Swordfish,946.0,6.1,6.2802134848906
9651,Supergirl,108.0,4.7,6.280130713501092
2309,Inkheart,610.0,6.0,6.280046839013631
10350,Wing Commander,75.0,4.0,6.279965657952488
73937,The Big Year,252.0,5.6,6.27981388734952
2155,Reindeer Games,175.0,5.3,6.279745446508665
1844,Entrapment,613.0,6.0,6.279734861250566
1705,Battle for the Planet of the Apes,220.0,5.5,6.279706947805263
10344,The Fly II,159.0,5.2,6.279645367071491
2123,"Me, Myself & Irene",956.0,6.1,6.279619886560949
8398,The Hitcher,253.0,5.6,6.279522490668344
12657,Soul Plane,109.0,4.7,6.279408846526743
109099,Passion,146.0,5.1,6.279391717965234
14442,Ella Enchanted,454.0,5.9,6.279370940470299
58151,Fright Night (2011),617.0,6.0,6.279319970561083
9604,Red Heat,360.0,5.8,6.279231949263187
664,Twister,966.0,6.1,6.279030185854894
8856,"The Karate Kid, Part II",457.0,5.9,6.278922325865592
10163,The Lawnmower Man,198.0,5.4,6.278545180800594
390989,Sharknado 4: The 4th Awakens,88.0,4.3,6.278471364470912
1852,World Trade Center,461.0,5.9,6.278325820895615
277547,Playing It Cool,258.0,5.6,6.278069246393085
1493,Miss Congeniality,987.0,6.1,6.277804331536124
9656,Black Christmas (2006),119.0,4.8,6.27763796111995
256092,Drive Hard,74.0,3.9,6.277588613758311
14144,Daddy Day Camp,94.0,4.4,6.27733480282652
11675,Halloween: H20,306.0,5.7,6.277253083511688
14191,Aquamarine,372.0,5.8,6.276886557476586
2176,The Glass House,203.0,5.4,6.276621036205222
13460,Doomsday,374.0,5.8,6.276497888956463
9438,Mr. Magoo,75.0,3.9,6.276485298779421
19901,Daybreakers,646.0,6.0,6.276348427008828
10538,Passenger 57,264.0,5.6,6.276333537236167
11638,Guess Who,230.0,5.5,6.276331519991651
6557,27 Dresses,1013.0,6.1,6.276309670251608
2539,Spanglish,375.0,5.8,6.276303792176914
11568,Blues Brothers 2000,166.0,5.2,6.276280413457429
333381,Return to Sender,140.0,5.0,6.276272886598668
10735,What a Girl Wants,377.0,5.8,6.275916072612269
225565,That Awkward Moment,1020.0,6.1,6.275911545219992
3981,What Women Want (2000),1021.0,6.1,6.275854816944715
11058,Godsend,114.0,4.7,6.275809382440217
9543,Prince of Persia: The Sands of Time,2372.0,6.2,6.275769493054665
9902,Wrong Turn,652.0,6.0,6.2757415013469195
11355,Never Been Kissed,378.0,5.8,6.275722449441491
11804,White Noise,267.0,5.6,6.275469010675436
109414,This Is the End,2394.0,6.2,6.275396907565957
74,War of the Worlds,2397.0,6.2,6.275346384168845
70868,I Don't Know How She Does It,142.0,5.0,6.275124100274405
817,Austin Powers: The Spy Who Shagged Me,1034.0,6.1,6.275120664944753
9349,Universal Soldier,382.0,5.8,6.274949529683671
49017,Dracula Untold,2439.0,6.2,6.27464610022344
9992,Arthur and the Invisibles,663.0,6.0,6.274635700470193
9754,Firewall,270.0,5.6,6.274606691463527
11152,The Ruins,270.0,5.6,6.274606691463527
11361,Halloween 5: The Revenge of Michael Myers,187.0,5.3,6.2745592071306
84348,V/H/S,385.0,5.8,6.2743714860766815
11228,Daylight,385.0,5.8,6.2743714860766815
10947,High School Musical,1048.0,6.1,6.274336864273634
1248,Hannibal Rising,666.0,6.0,6.274335656004193
435,The Day After Tomorrow,2462.0,6.2,6.274268099517766
112205,The Family,1052.0,6.1,6.274114208274305
252512,While We're Young,387.0,5.8,6.273986904722315
275601,Ricki and the Flash,273.0,5.6,6.273746571157362
65055,Shark Night,134.0,4.9,6.273679168276029
301728,Infini,157.0,5.1,6.273592165495301
77930,Magic Mike,1062.0,6.1,6.273560048570063
11523,View from the Top,145.0,5.0,6.273404793188483
11888,Snow Dogs,190.0,5.3,6.273271215050866
214756,Ted 2,2524.0,6.2,6.273267953519198
9963,Premonition,391.0,5.8,6.273219609706677
9610,Conan the Destroyer,391.0,5.8,6.273219609706677
353069,Mother's Day,391.0,5.8,6.273219609706677
330,The Lost World: Jurassic Park,2528.0,6.2,6.273204352174982
3489,88 Minutes,323.0,5.7,6.273169227243477
16258,The Butterfly Effect 3: Revelations,158.0,5.1,6.273067760497202
14239,Cool World,135.0,4.9,6.273058983094297
205724,Welcome to the Jungle,135.0,4.9,6.273058983094297
7288,Duplex,500.0,5.9,6.272606831374528
6278,Reign of Fire,684.0,6.0,6.27254906731479
10206,Buffy the Vampire Slayer,192.0,5.3,6.272414443365705
208134,Bad Grandpa,688.0,6.0,6.2721552031665
2642,Two Weeks Notice,505.0,5.9,6.271886107895593
157851,Maps to the Stars,398.0,5.8,6.271882804174706
77950,Turbo,1094.0,6.1,6.271810203249803
11078,National Security,244.0,5.5,6.27165472346854
7520,Cocktail,330.0,5.7,6.271504385819089
11775,Intolerable Cruelty,400.0,5.8,6.271502245853632
214,Saw III,1104.0,6.1,6.271270589866271
1825,Over the Top,331.0,5.7,6.271267340510883
2082,Halloween (2007),510.0,5.9,6.271168167186515
10032,Van Wilder 2: The Rise of Taj,162.0,5.1,6.270974818619823
10281,Friday the 13th Part VII: The New Blood,196.0,5.3,6.2707054173442796
10956,Joe Dirt,247.0,5.5,6.270659874343976
11979,Queen of the Damned,247.0,5.5,6.270659874343976
12212,Urban Legends: Final Cut,102.0,4.4,6.270451657739506
34803,Death at a Funeral (2010),248.0,5.5,6.270328827768944
6038,Shanghai Knights,707.0,6.0,6.270299788157201
9796,Turistas,197.0,5.3,6.270279099060021
57800,Ice Age: Continental Drift,2731.0,6.2,6.270115464638941
9273,Ace Ventura: When Nature Calls,1128.0,6.1,6.269989243786441
9423,Virus,151.0,5.0,6.269980050922125
14113,Zoom,140.0,4.9,6.269966438255237
10663,The Waterboy,521.0,5.9,6.269598413889046
195589,Neighbors (2014),2773.0,6.2,6.269508648266459
9683,Bubble Boy,165.0,5.1,6.269410006728307
9825,Lake Placid,251.0,5.5,6.269337392309879
10160,A Nightmare on Elm Street 5: The Dream Child,251.0,5.5,6.269337392309879
11074,Striking Distance,223.0,5.4,6.269008009120785
58428,The Innkeepers,223.0,5.4,6.269008009120785
6116,Spice World,124.0,4.7,6.268659449898914
8011,Highlander: The Final Dimension,110.0,4.5,6.268641747347982
11517,Money Train,224.0,5.4,6.268630827320347
11007,Cheaper by the Dozen (2003),725.0,6.0,6.268565213142735
10550,Ballistic: Ecks vs. Sever,99.0,4.3,6.268483441384481
11130,The Princess Diaries 2: Royal Engagement,726.0,6.0,6.268469500384795
9745,Jack Frost,254.0,5.5,6.268348505582687
9682,Pulse,154.0,5.0,6.268274578484172
76489,The Three Stooges,143.0,4.9,6.268117589061704
9877,Urban Legend,293.0,5.6,6.268068014330144
8849,Alfie (2004),255.0,5.5,6.268019441360506
27793,The Neverending Story III: Escape from Fantasia,105.0,4.4,6.267883473125112
158852,Tomorrowland,2904.0,6.2,6.267681657040041
867,Sliver,144.0,4.9,6.267502414444891
5689,The Blue Lagoon,422.0,5.8,6.267356259959117
42194,TEKKEN,185.0,5.2,6.267251813331294
169,Predator 2,743.0,6.0,6.266852758498986
12118,Police Academy 3: Back in Training,259.0,5.5,6.266705998249092
11467,America's Sweethearts,260.0,5.5,6.266378339111825
34016,She's Out of My League,544.0,5.9,6.266358731913609
117263,Olympus Has Fallen,3010.0,6.2,6.266272162713723
12158,Vampire in Brooklyn,113.0,4.5,6.2662222096284514
12211,Highlander: Endgame,107.0,4.4,6.266175264457218
8960,Hancock,3050.0,6.2,6.265755415667739
22804,Saw VI,755.0,6.0,6.265723203091665
709,Licence to Kill,549.0,5.9,6.265661954242079
27902,Love Wrecked,137.0,4.8,6.265640629966717
9598,Babe,756.0,6.0,6.265629504964725
3132,Bad Company (2002),232.0,5.4,6.265625119316903
9285,Road Trip,550.0,5.9,6.265522916635189
2900,The Astronaut's Wife,263.0,5.5,6.265397039887626
698,Moonraker,551.0,5.9,6.26538398472214
296099,Vacation,1218.0,6.1,6.265350291728108
12180,Star Wars: The Clone Wars,434.0,5.8,6.265125398120373
10535,Spy Hard,148.0,4.9,6.265047238315363
192712,Kite,98.0,4.2,6.26488762120559
13908,The Master of Disguise,79.0,3.7,6.264763887354832
7459,Speed Racer,359.0,5.7,6.264708991412172
88794,J. Edgar,766.0,6.0,6.264696145260709
9296,S1m0ne,266.0,5.5,6.264418250433604
9536,Bio-Dome,110.0,4.4,6.263618801618628
9619,Dante's Peak,445.0,5.8,6.263099069131949
4858,The Invasion,366.0,5.7,6.2630928655960725
10136,The Golden Child,311.0,5.6,6.2630385389091
13166,Freddy Got Fingered,117.0,4.5,6.263006438291593
10014,A Nightmare on Elm Street Part 2: Freddy's Revenge,367.0,5.7,6.26286274529709
9750,Balls of Fury,164.0,5.0,6.2626226050512335
59861,Larry Crowne,369.0,5.7,6.262403068500669
297596,Dying of the Light,118.0,4.5,6.262204324304336
8975,The Marine,165.0,5.0,6.262060177110722
1577,Resident Evil: Apocalypse,1286.0,6.1,6.262009832173596
22824,The Fourth Kind,451.0,5.8,6.262001222704801
7183,Perfect Stranger,242.0,5.4,6.261897110017319
10762,Without a Paddle,217.0,5.3,6.261830686172844
11187,Child's Play 3,274.0,5.5,6.2618203422352705
9955,Blades of Glory,578.0,5.9,6.2616723394363
6073,The Mexican,453.0,5.8,6.26163642969846
13186,Wrong Turn 2: Dead End,275.0,5.5,6.261496844775776
2067,Mission to Mars,374.0,5.7,6.261257154630173
82390,The Paperboy,244.0,5.4,6.261155358163779
17711,The Adventures of Rocky & Bullwinkle,89.0,3.9,6.261145713181361
10710,Envy,144.0,4.8,6.261027448730734
9594,Double Impact,219.0,5.3,6.2609939296655925
7737,Resident Evil: Extinction,1308.0,6.1,6.260957804750576
10306,Poltergeist III,127.0,4.6,6.260772556969897
12139,Dennis the Menace,280.0,5.5,6.259883469821273
9620,Paycheck,594.0,5.9,6.259508216161377
11968,Into the Blue,466.0,5.8,6.2592792453130315
2122,The Whole Ten Yards,282.0,5.5,6.259240032432826
10461,Get Carter (2000),147.0,4.8,6.259059249019831
40205,16 Wishes,283.0,5.5,6.258918722192477
41210,The Switch,599.0,5.9,6.25883722899073
384798,Kill Command,203.0,5.2,6.258837028671111
9826,The Phantom,138.0,4.7,6.25875785955712
9932,Analyze That,385.0,5.7,6.258752508004104
316727,The Purge: Election Year,1356.0,6.1,6.258709234594424
8457,Drillbit Taylor,284.0,5.5,6.258597683793953
22787,Whiteout,225.0,5.3,6.258492372765012
9398,Zoolander,1363.0,6.1,6.258386556471837
9042,The Cave,204.0,5.2,6.2583734296305575
19840,"I Love You, Beth Cooper",204.0,5.2,6.2583734296305575
41630,No Strings Attached,1367.0,6.1,6.258202757395585
4806,Runaway Bride,472.0,5.8,6.258199414018579
11375,Hollywood Homicide,172.0,5.0,6.258137167612387
13477,When in Rome,389.0,5.7,6.257847260821285
10987,Halloween: The Curse of Michael Myers,173.0,5.0,6.257578727714647
11597,Toys,173.0,5.0,6.257578727714647
8831,Timecop,288.0,5.5,6.257316241730068
11917,Saw V,848.0,6.0,6.257283080177159
16996,17 Again,1388.0,6.1,6.257244768409208
10727,Darkness Falls,161.0,4.9,6.257128447580139
13260,Semi-Pro,255.0,5.4,6.2570984366280715
1499,Teenage Mutant Ninja Turtles III,189.0,5.1,6.2570404789020095
45243,The Hangover Part II,3836.0,6.2,6.257019074638006
9408,Surf's Up,616.0,5.9,6.256574489365423
10438,Beethoven's 2nd,175.0,5.0,6.256463333823239
27581,The Other Guys,1406.0,6.1,6.2564328216425125
10153,Sphere,483.0,5.8,6.256232854563965
262500,Insurgent,3921.0,6.2,6.256211432290673
693,Meet the Fockers,1412.0,6.1,6.256164032876963
22345,Baby Geniuses,75.0,3.3,6.2556031437410216
27579,The American,488.0,5.8,6.255344533423436
32823,Get Him to the Greek,626.0,5.9,6.255256747022197
9486,Johnny English,875.0,6.0,6.254932230530031
254191,Honeymoon,261.0,5.4,6.254901640190826
60935,The Thing (2011),876.0,6.0,6.254845986774036
10488,Nim's Island,341.0,5.6,6.254822278281135
2080,X-Men Origins: Wolverine,4086.0,6.2,6.254707221856277
36643,The World Is Not Enough,878.0,6.0,6.254673674201631
1792,Stuck on You,194.0,5.1,6.254496358585156
87516,Oldboy (2013),632.0,5.9,6.254470766276928
13812,Quarantine,343.0,5.6,6.254281761738671
6068,Six Days Seven Nights,343.0,5.6,6.254281761738671
13700,Home on the Range,405.0,5.7,6.254255415442852
13121,Teeth,213.0,5.2,6.254219234874164
7552,Fun with Dick and Jane,639.0,5.9,6.253558173046475
16780,Texas Chainsaw Massacre: The Next Generation,96.0,3.9,6.253549941223243
11649,Masters of the Universe,196.0,5.1,6.253481840376421
22949,Old Dogs,215.0,5.2,6.253300505285393
10157,Police Academy 2: Their First Assignment,349.0,5.6,6.252665552853996
33909,Wall Street: Money Never Sleeps,504.0,5.8,6.252525008070866
9038,The Heartbreak Kid,414.0,5.7,6.252255255560343
11351,Jeepers Creepers 2,304.0,5.5,6.252233475787962
11619,Flushed Away,909.0,6.0,6.2520323172367265
9679,Gone in Sixty Seconds,1511.0,6.1,6.251858698841453
9557,Boat Trip,148.0,4.7,6.251761482351361
77883,The Possession,509.0,5.8,6.251651053363222
7916,Far Cry,73.0,3.1,6.251567381780679
9731,Friday the 13th: A New Beginning,200.0,5.1,6.251458143645569
144340,Admission,307.0,5.5,6.251288043153276
8870,Red Planet,271.0,5.4,6.251265230908659
10330,Freaky Friday (2003),919.0,6.0,6.251191915371952
10025,Just My Luck,512.0,5.8,6.251128299004501
9290,Crocodile Dundee in Los Angeles,149.0,4.7,6.25106529738429
10053,When a Stranger Calls (2006),273.0,5.4,6.250541658175786
75,Mars Attacks!,1544.0,6.1,6.250475860485027
9396,Crocodile Dundee II,310.0,5.5,6.250344984039295
44603,Hereafter,517.0,5.8,6.2502597256800145
10495,"The Karate Kid, Part III",311.0,5.5,6.250031156906131
1642,The Net,359.0,5.6,6.249989542468978
10314,She's All That,425.0,5.7,6.249830134176216
9292,Hudson Hawk,275.0,5.4,6.249819314467276
136797,Need for Speed,1560.0,6.1,6.249814419045512
10253,Dragon Wars: D-War,104.0,4.0,6.2496906955766915
13455,Push,671.0,5.9,6.2494454623329085
109443,Anchorman 2: The Legend Continues,940.0,6.0,6.249445187703344
714,Tomorrow Never Dies,941.0,6.0,6.249362615933635
227159,Horrible Bosses 2,1575.0,6.1,6.249199577177448
479,Shaft (2000),316.0,5.5,6.248465950710455
134374,Pain & Gain,1595.0,6.1,6.24838759564204
2636,The Specialist,317.0,5.5,6.2481536930702415
11637,Are We There Yet?,227.0,5.2,6.247821580270363
22293,Manos: The Hands of Fate,56.0,2.0,6.247811041740075
72571,Paranormal Activity 3,685.0,5.9,6.247676086223879
57157,Young Adult,368.0,5.6,6.247599826223866
9353,Nacho Libre,368.0,5.6,6.247599826223866
41515,Yogi Bear,228.0,5.2,6.247367574949507
11586,Exorcist II: The Heretic,137.0,4.5,6.247101646227796
20856,Aliens in the Attic,254.0,5.3,6.246582829368544
7364,Sahara (2005),440.0,5.7,6.246557270820736
71552,American Reunion,1641.0,6.1,6.246553163736334
9641,Cheaper by the Dozen 2,542.0,5.8,6.245966549554612
82687,The Guilt Trip,287.0,5.4,6.245510887261967
10796,The One,445.0,5.7,6.245474957763406
5137,Sky Captain and the World of Tomorrow,445.0,5.7,6.245474957763406
9494,Look Who's Talking,546.0,5.8,6.245287227329048
9306,The Island of Dr. Moreau (1996),148.0,4.6,6.245118604369359
45772,Gnomeo & Juliet,547.0,5.8,6.245117720019305
15969,The Return of Jafar,447.0,5.7,6.245043231803049
2959,License to Wed,258.0,5.3,6.244963320261217
116741,The Internship,1691.0,6.1,6.244609977487029
10061,Escape from L.A.,381.0,5.6,6.24417887181971
8617,Prom Night (2008),170.0,4.8,6.244144089692978
10577,Dracula 2000,150.0,4.6,6.243643128592441
11547,Cabin Fever,332.0,5.5,6.243500899523089
14125,Captivity,134.0,4.4,6.243416515551261
172,Star Trek V: The Final Frontier,384.0,5.6,6.243394547212692
43935,Dylan Dog: Dead of Night,142.0,4.5,6.2431701859198965
17130,Crossroads,161.0,4.7,6.242759541535827
9037,Grease 2,185.0,4.9,6.242747961149127
58233,Johnny English Reborn,1026.0,6.0,6.242538352067713
9208,Broken Arrow,459.0,5.7,6.242467159496924
9615,The Fast and the Furious: Tokyo Drift,1749.0,6.1,6.242419460845587
14175,Valiant,239.0,5.2,6.242399359453508
4551,Be Cool,296.0,5.4,6.242308127109036
9978,Stormbreaker,219.0,5.1,6.241941753672204
50359,Hop,338.0,5.5,6.241655945989253
11459,Sky High,568.0,5.8,6.241587641233677
23514,The Rum Diary,391.0,5.6,6.241571862888652
6637,National Treasure: Book of Secrets,1782.0,6.1,6.241202499930013
8839,Casper,1045.0,6.0,6.241063695292633
72207,The Five-Year Engagement,466.0,5.7,6.240975665117034
331446,Sharknado 3: Oh Hell No!,137.0,4.4,6.24092198498149
10513,Plan 9 from Outer Space,137.0,4.4,6.24092198498149
1588,Bring It On,574.0,5.8,6.240589308240439
34806,The Back-Up Plan,468.0,5.7,6.240551029103676
9072,Little Man,269.0,5.3,6.2405381104768995
49012,Arthur (2011),270.0,5.3,6.240137872978027
48171,The Rite,577.0,5.8,6.240091832591775
8869,Eight Legged Freaks,303.0,5.4,6.239833817161381
20829,Funny People,398.0,5.6,6.239759476423944
138103,The Expendables 3,1830.0,6.1,6.239469045538872
49520,The Change-Up,753.0,5.9,6.239330731077044
10313,The Men Who Stare at Goats,755.0,5.9,6.239091340095845
11665,Get Smart,1072.0,6.0,6.23899871336941
9874,Cobra,402.0,5.6,6.238728417012717
129139,The To Do List,348.0,5.5,6.238601286931243
889,The Flintstones in Viva Rock Vegas,140.0,4.4,6.238434196538082
9957,The Benchwarmers,248.0,5.2,6.238369378468057
23488,Dorian Gray,588.0,5.8,6.238277327013143
9009,Dark Water (2005),275.0,5.3,6.238141784158777
10658,Howard the Duck,227.0,5.1,6.237981748457797
6282,Coyote Ugly,590.0,5.8,6.237949023241901
9355,Mad Max Beyond Thunderdome,765.0,5.9,6.237899433946014
23172,The Spy Next Door,351.0,5.5,6.237689789837189
52520,Underworld: Awakening,1885.0,6.1,6.237534393776646
11132,Confessions of a Teenage Drama Queen,228.0,5.1,6.237488678092989
266294,Sisters (2015),593.0,5.8,6.2374574887688565
181533,Night at the Museum: Secret of the Tomb,1893.0,6.1,6.237257452171487
134366,Grave Encounters 2,251.0,5.2,6.237032967075533
261392,American Ultra,1099.0,6.0,6.236968808759091
24418,Cirque du Freak: The Vampire's Assistant,354.0,5.5,6.23678053970078
9626,Red Sonja,211.0,5.0,6.236719262578718
10402,Deuce Bigalow: Male Gigolo,314.0,5.4,6.23597485102225
11692,The Adventures of Pluto Nash,143.0,4.4,6.235953122924363
4379,Monster-in-Law,413.0,5.6,6.235910064222994
97370,Under the Skin,1118.0,6.0,6.23556090451843
10145,The Forgotten,359.0,5.5,6.235270093525786
10329,Congo,214.0,5.0,6.235101896120105
82,Miami Vice,494.0,5.7,6.235090811633759
6466,Freddy vs. Jason,608.0,5.8,6.235016274337213
76494,What to Expect When You're Expecting,611.0,5.8,6.234531297350272
26914,Troll 2,101.0,3.6,6.234261213968552
11237,Anacondas: The Hunt for the Blood Orchid,200.0,4.9,6.233913899254245
13486,The Scorpion King: Rise of a Warrior,138.0,4.3,6.233870012671482
11812,The Sweetest Thing,286.0,5.3,6.23378008605622
5851,Showtime,286.0,5.3,6.23378008605622
10610,The Medallion,286.0,5.3,6.23378008605622
286565,Paper Towns,1997.0,6.1,6.233756115381526
806,The Omen (2006),287.0,5.3,6.23338557832008
11932,Bride of Chucky,366.0,5.5,6.233165843375668
1975,The Grudge 2,288.0,5.3,6.232991403790077
11806,Beethoven,425.0,5.6,6.232863727661116
15159,The Pink Panther 2,323.0,5.4,6.232843793921934
8273,American Wedding,1158.0,6.0,6.232650903999355
9562,Timeline,324.0,5.4,6.232497345870219
12123,Chain Reaction,291.0,5.3,6.231810875220782
11867,Barb Wire,117.0,3.9,6.2310530483646485
115782,Jobs,1183.0,6.0,6.230868384316252
9906,The Ant Bully,375.0,5.5,6.230478011611118
57431,The Sitter,330.0,5.4,6.23042469536908
3563,I Now Pronounce You Chuck & Larry,640.0,5.8,6.229898341735956
951,Kindergarten Cop,643.0,5.8,6.2294247028424
4970,Gothika,643.0,5.8,6.2294247028424
70578,Trespass,333.0,5.4,6.229392235481346
10483,Death Race,1205.0,6.0,6.229322210263387
2135,The Time Machine (2002),644.0,5.8,6.229267055050465
9886,Johnny Mnemonic,380.0,5.5,6.22899327002773
10283,Friday the 13th Part VIII: Jason Takes Manhattan,194.0,4.8,6.228902128281059
10216,Species II,161.0,4.5,6.2283906354915155
49529,John Carter,2170.0,6.1,6.228311390629234
11895,Police Academy 6: City Under Siege,183.0,4.7,6.227761105903672
10366,Universal Soldier: The Return,138.0,4.2,6.227648050950073
38167,Eat Pray Love,655.0,5.8,6.227540538073718
34851,Predators,1231.0,6.0,6.227521404613393
9890,The Stepford Wives (2004),339.0,5.4,6.2273349984930295
14435,My Bloody Valentine,303.0,5.3,6.227118485324793
260346,Taken 3,2225.0,6.1,6.226672085530543
11452,National Lampoon’s Van Wilder,867.0,5.9,6.226204039635798
8427,I Spy,276.0,5.2,6.226028563681196
8656,Deep Impact,870.0,5.9,6.225872301091446
10030,Good Luck Chuck,454.0,5.6,6.225620866475153
10676,Halloween III: Season of the Witch,232.0,5.0,6.225485842948469
38117,Beastly,878.0,5.9,6.22499095475066
15092,Crank: High Voltage,878.0,5.9,6.22499095475066
2800,Rumor Has It...,309.0,5.3,6.224789968230692
1738,Next,880.0,5.9,6.224771362558392
8046,Gigli,105.0,3.5,6.224633055495418
10521,Bride Wars,884.0,5.9,6.2243330672260715
14405,Beverly Hills Chihuahua,217.0,4.9,6.224041443916808
11231,The Next Karate Kid,202.0,4.8,6.2238927209644
284536,The Gambler (2014),550.0,5.7,6.2236970264091385
9447,Babe: Pig in the City,312.0,5.3,6.223630090346669
55779,Final Destination 5,892.0,5.9,6.223460016018007
228967,The Interview (2014),2340.0,6.1,6.223376281316465
1691,Hostel: Part II,464.0,5.6,6.2231616166216766
316023,Mike and Dave Need Wedding Dates,901.0,5.9,6.222483434678447
11817,Bulletproof Monk,285.0,5.2,6.22212393268556
1656,The Legend of Zorro,909.0,5.9,6.221620299638573
8916,Antz,1320.0,6.0,6.221565609672117
23048,Hot Tub Time Machine,911.0,5.9,6.221405237334197
6877,Failure to Launch,407.0,5.5,6.2210788293309935
73861,A Serbian Film,408.0,5.5,6.220789000825866
13767,The Santa Clause 3: The Escape Clause,241.0,5.0,6.220733748941043
53182,300: Rise of an Empire,2438.0,6.1,6.220700095088417
83,Open Water,320.0,5.3,6.220551259236532
9493,Twins,566.0,5.7,6.22053024229661
151960,Planes,568.0,5.7,6.220137085143116
10202,Bedtime Stories,924.0,5.9,6.220014312689863
38322,"Big Mommas: Like Father, Like Son",322.0,5.3,6.219784755971071
11825,Police Academy 5: Assignment Miami Beach,195.0,4.7,6.219702408670394
3093,Basic Instinct 2,183.0,4.6,6.219674316535811
9405,Double Team,163.0,4.4,6.219582244189445
9506,Anger Management,937.0,5.9,6.218635374999491
11535,Rollerball (2002),106.0,3.4,6.218537475516235
663,Saw IV,938.0,5.9,6.218529794928582
2770,American Pie 2,1375.0,6.0,6.218038464986386
9954,The Covenant,295.0,5.2,6.217820162363298
9928,Robots,1383.0,6.0,6.217534759267306
81796,Lockout,722.0,5.8,6.217317223578119
42888,How Do You Know,229.0,4.9,6.217160178697986
254474,Zombeavers,213.0,4.8,6.217061861185248
11982,Look Who's Talking Now!,200.0,4.7,6.21636965486292
298312,The Visit,1405.0,6.0,6.216161492877864
7303,Maid in Manhattan,493.0,5.6,6.216137894092273
257091,Get Hard,961.0,5.9,6.2161206184267135
24150,Halloween II (2009),273.0,5.1,6.2157342887034215
5549,RoboCop 2,498.0,5.6,6.214942878878455
250066,American Heist,160.0,4.3,6.214876222507071
11565,Big Momma's House 2,376.0,5.4,6.214870821720602
266647,Pan,979.0,5.9,6.214260447083056
9884,Collateral Damage,431.0,5.5,6.214186660269904
11852,The Hot Chick,431.0,5.5,6.214186660269904
12193,Four Christmases,337.0,5.3,6.214076416394511
1620,Hitman,982.0,5.9,6.213952544817752
10477,Driven,180.0,4.5,6.213859596276339
332411,I Am Wrath,180.0,4.5,6.213859596276339
9530,RV,503.0,5.6,6.2137524902165024
8452,The 6th Day,603.0,5.7,6.213351719042365
9894,The Cable Guy,603.0,5.7,6.213351719042365
37786,Sex and the City 2,434.0,5.5,6.213334391934889
132232,Mama,1452.0,6.0,6.213285011000924
44564,The Dilemma,306.0,5.2,6.213127682727933
2752,40 Days and 40 Nights,306.0,5.2,6.213127682727933
11127,Starship Troopers 3: Marauder,154.0,4.2,6.2131256270752315
64689,Killing Them Softly,751.0,5.8,6.213042263058236
70435,Haywire,508.0,5.6,6.212566701290487
15512,Monsters vs Aliens,1464.0,6.0,6.2125628168017935
437,Cube²: Hypercube,383.0,5.4,6.212554860880129
11284,Freddy's Dead: The Final Nightmare,280.0,5.1,6.212424837223125
818,Austin Powers in Goldmember,997.0,5.9,6.212422039553686
4247,Scary Movie,1468.0,6.0,6.212323171015576
82675,Taken 2,2783.0,6.1,6.212137076179009
41439,Saw: The Final Chapter,758.0,5.8,6.212023465742776
24438,Did You Hear About the Morgans?,281.0,5.1,6.211953660435297
8968,Boogeyman,194.0,4.6,6.2118393080783285
168705,BloodRayne,120.0,3.6,6.211510259144395
18162,Land of the Lost,387.0,5.4,6.211237355684029
9600,Big Momma's House,514.0,5.6,6.21114978877955
11397,Not Another Teen Movie,444.0,5.5,6.2105081299568985
9804,Waterworld,1017.0,5.9,6.2104044284230335
306,Beverly Hills Cop III,445.0,5.5,6.210226735026322
9257,S.W.A.T.,780.0,5.8,6.208853999057576
9544,FearDotCom,106.0,3.2,6.208839175006159
76163,The Expendables 2,2940.0,6.1,6.208629965359159
254473,Brick Mansions,628.0,5.7,6.208612416996146
10708,Daddy Day Care,526.0,5.6,6.208335537751957
1636,Bedazzled (2000),526.0,5.6,6.208335537751957
9612,Coneheads,228.0,4.8,6.207851987523436
9358,Final Destination 2,1046.0,5.9,6.207524750749281
11469,Black Knight,291.0,5.1,6.207263752759322
10764,Quantum of Solace,3015.0,6.1,6.207030882462971
9348,Species,457.0,5.5,6.206867299160296
5966,Along Came Polly,795.0,5.8,6.206720810659216
146227,Getaway,248.0,4.9,6.20640992916717
290595,The Huntsman: Winter's War,1575.0,6.0,6.206107332413498
87428,That's My Boy,460.0,5.5,6.206032400088471
62206,30 Minutes or Less,537.0,5.6,6.205778480523019
1724,The Incredible Hulk,3086.0,6.1,6.205559866937294
11252,Psycho (1998),233.0,4.8,6.2048085754576245
334074,Survivor,407.0,5.4,6.204713401799277
9397,Evolution,650.0,5.7,6.2045136338045435
608,Men in Black II,3188.0,6.1,6.20351597767722
12620,The House Bunny,548.0,5.6,6.203242829812102
124905,Godzilla (2014),3232.0,6.1,6.202658533044309
9268,Eraser,553.0,5.6,6.202097265274583
94348,Alex Cross,303.0,5.1,6.201687821651614
11199,Wild Hogs,666.0,5.7,6.201573952404345
13387,Transporter 3,1110.0,5.9,6.201354878479196
44040,Devil,836.0,5.8,6.201002072945254
7131,Van Helsing,1674.0,6.0,6.200671824239724
38356,Transformers: Dark of the Moon,3351.0,6.1,6.200409135529643
1819,"You, Me and Dupree",421.0,5.4,6.200208718528844
10679,Iron Sky,563.0,5.6,6.199819139448236
81836,To Rome with Love,564.0,5.6,6.199592274666584
10587,Police Academy 4: Citizens on Patrol,261.0,4.9,6.199155041587694
10802,Showgirls,261.0,4.9,6.199155041587694
11011,Ri¢hie Ri¢h,426.0,5.4,6.198612101041407
9946,End of Days,488.0,5.5,6.198334077612381
12096,The Pink Panther (2006),570.0,5.6,6.198234681637281
35056,Date Night,1148.0,5.9,6.197807275392963
10204,Around the World in 80 Days,687.0,5.7,6.197767214660443
16866,Planet 51,573.0,5.6,6.197558187905808
10022,The Pacifier,865.0,5.8,6.197053258834518
37710,The Tourist,1744.0,6.0,6.1969983903044525
38365,Grown Ups,1746.0,6.0,6.196895410186937
2018,The Wedding Planner,433.0,5.4,6.196387510537303
274167,Daddy's Home,870.0,5.8,6.196380275802882
10923,Agent Cody Banks,289.0,5.0,6.195999069041015
1370,Rambo III,703.0,5.7,6.194905404195087
1970,The Grudge,889.0,5.8,6.193843612928717
54054,One for the Money,392.0,5.3,6.193738544309032
271718,Trainwreck,1193.0,5.9,6.19371270401464
137094,Jack Ryan: Shadow Recruit,1194.0,5.9,6.193622991983602
9876,Stop! Or My Mom Will Shoot,220.0,4.6,6.193618119787263
6519,The Dukes of Hazzard,321.0,5.1,6.193428432330833
77953,The Campaign,594.0,5.6,6.192865234804208
9793,The Hills Have Eyes 2,355.0,5.2,6.1927398897738
9378,Thir13en Ghosts,447.0,5.4,6.191975304064075
19959,Surrogates,1219.0,5.9,6.191397867383475
72710,The Host (2013),1859.0,6.0,6.191246904531592
259694,How to Be Single,1225.0,5.9,6.190868846610301
10481,102 Dalmatians,327.0,5.1,6.190702754359132
9312,Mortal Kombat,452.0,5.4,6.190411340905118
50647,Wanderlust,402.0,5.3,6.190137591250715
8676,Fool's Gold,454.0,5.4,6.189787483811722
41436,Paranormal Activity 2,734.0,5.7,6.189453257735466
11059,House of the Dead,106.0,2.8,6.189442573986008
8010,Highlander II: The Quickening,213.0,4.5,6.18919383091856
17473,The Room,191.0,4.3,6.188736869858302
8914,Deep Blue Sea,616.0,5.6,6.1880272240229655
62838,New Year's Eve,744.0,5.7,6.18772003562553
11849,Dungeons & Dragons,159.0,3.9,6.187325306328732
4234,Scream 3,749.0,5.7,6.186858019620253
9341,The Core,531.0,5.5,6.186833142957434
59108,Tower Heist,945.0,5.8,6.186552503216488
4256,Scary Movie 3,948.0,5.8,6.186169518850944
9320,The Avengers (1998),205.0,4.4,6.18613623694379
8836,The X Files: I Want to Believe,534.0,5.5,6.18604487255101
9029,What Happens in Vegas,949.0,5.8,6.1860420259841575
12090,Just Married,415.0,5.3,6.185499506845714
9697,Lady in the Water,415.0,5.3,6.185499506845714
11453,Deuce Bigalow: European Gigolo,232.0,4.6,6.185346566580036
11618,The Haunting (1999),374.0,5.2,6.185053482998722
9889,Shallow Hal,764.0,5.7,6.184290157915827
38778,Dinner for Schmucks,542.0,5.5,6.183951636989536
11546,Police Academy: Mission to Moscow,178.0,4.1,6.183844635445742
10192,Shrek Forever After,2021.0,6.0,6.183692070033702
146238,Runner Runner,547.0,5.5,6.182649839016621
58224,Mr. Popper's Penguins,775.0,5.7,6.18242420869182
9879,Striptease,210.0,4.4,6.182236291012779
9356,Look Who's Talking Too,317.0,5.0,6.18202799165803
9383,Hollow Man,645.0,5.6,6.181769204794478
8277,American Pie Presents: Beta House,480.0,5.4,6.181766048010592
308531,Teenage Mutant Ninja Turtles: Out of the Shadows,984.0,5.8,6.1816322050309935
11158,Honey I Blew Up the Kid,272.0,4.8,6.181514060504991
32657,Percy Jackson & the Olympians: The Lightning Thief,2079.0,6.0,6.181130332080144
71670,Hostel: Part III,273.0,4.8,6.180926919231057
10327,"Legally Blonde 2: Red, White & Blonde",386.0,5.2,6.180259938200171
23827,Paranormal Activity,1351.0,5.9,6.180186827148374
10137,Stuart Little,998.0,5.8,6.179896357837103
10357,Volcano,387.0,5.2,6.179862581164886
64686,47 Ronin,1357.0,5.9,6.179697695516291
9286,Final Destination 3,1000.0,5.8,6.179649667885749
37821,Killers,792.0,5.7,6.179568583925456
239573,Unfinished Business,322.0,5.0,6.179567432546354
267193,Grimsby,794.0,5.7,6.17923484911175
10040,Miss Congeniality 2: Armed and Fabulous,433.0,5.3,6.179156765795067
7978,The Wolfman,562.0,5.5,6.178774009578044
2022,Mr. Deeds,660.0,5.6,6.178584278765931
77948,The Cold Light of Day,277.0,4.8,6.1785833363477005
9384,Starsky & Hutch,661.0,5.6,6.178373189808173
238215,The Cobbler,565.0,5.5,6.178004119021045
9339,Click,2167.0,6.0,6.177377175291612
8078,Alien: Resurrection,1388.0,5.9,6.177197478223364
10628,Kangaroo Jack,207.0,4.3,6.175522855595757
59962,This Means War,1411.0,5.9,6.175371172490214
10285,Jason Goes to Hell: The Final Friday,197.0,4.2,6.175107927097527
1734,The Mummy Returns,2258.0,6.0,6.173656218860225
72545,Journey 2: The Mysterious Island,1050.0,5.8,6.173584879823867
9279,Jingle All the Way,583.0,5.5,6.173421203779535
10603,George of the Jungle,508.0,5.4,6.173307828437457
94365,The Human Centipede 3 (Final Sequence),159.0,3.7,6.173122220060615
13184,Bangkok Dangerous,336.0,5.0,6.172732049340721
9836,Happy Feet,1457.0,5.9,6.171789817386369
84174,Bachelorette,457.0,5.3,6.170839785807647
3597,I Know What You Did Last Summer,698.0,5.6,6.170669736534032
503,Poseidon,594.0,5.5,6.170650907685152
11024,Scooby-Doo 2: Monsters Unleashed,519.0,5.4,6.170034819678991
810,Shrek the Third,2355.0,6.0,6.169858058062597
246403,Tusk,374.0,5.1,6.169812748672431
13836,Race to Witch Mountain,520.0,5.4,6.169738646745019
10336,Spawn,344.0,5.0,6.168861566700928
11531,Book of Shadows: Blair Witch 2,216.0,4.3,6.16817090729533
18480,Brüno,528.0,5.4,6.167377439983403
12556,Ghosts of Girlfriends Past,716.0,5.6,6.1669958313291415
3600,I Still Know What You Did Last Summer,381.0,5.1,6.166769741199421
11260,Meet Dave,381.0,5.1,6.166769741199421
27022,The Sorcerer's Apprentice,1526.0,5.9,6.166589108169751
13811,Knowing,1528.0,5.9,6.1664413294543206
36669,Die Another Day,1112.0,5.8,6.166328418241111
10016,Ghosts of Mars,299.0,4.8,6.165834504552308
11674,101 Dalmatians,722.0,5.6,6.165781685827624
321258,The Boy,1133.0,5.8,6.16393407759371
37958,Immortals,898.0,5.7,6.162498361156069
37834,Knight and Day,1583.0,5.9,6.162440654282673
10304,Starship Troopers 2: Hero of the Federation,176.0,3.8,6.16228728234434
46529,I Am Number Four,1606.0,5.9,6.160803047953638
1690,Hostel,913.0,5.7,6.160180422193727
10992,Cats & Dogs,363.0,5.0,6.159770766738867
109418,Grown Ups 2,1180.0,5.8,6.158687094772839
10771,The Tuxedo,494.0,5.3,6.158321643623502
49040,The Bourne Legacy,2683.0,6.0,6.158160802570826
10320,The Ring Two,646.0,5.5,6.157857625636829
23629,Sucker Punch,1661.0,5.9,6.156968682982856
9678,Little Nicky,447.0,5.2,6.156596685571426
9531,Superman III,500.0,5.3,6.156325508093069
10048,Stealth,341.0,4.9,6.156224620336939
76285,Percy Jackson: Sea of Monsters,1685.0,5.9,6.1553306138473864
18501,Gamer,778.0,5.6,6.154695496633851
58431,Pride and Prejudice and Zombies,662.0,5.5,6.1540188532266145
8275,American Pie Presents: The Naked Mile,507.0,5.3,6.154008386170863
10152,Dumb and Dumberer: When Harry Met Lloyd,211.0,4.1,6.1538278856390205
138697,Don Jon,1708.0,5.9,6.153780275506465
227348,Paranormal Activity: The Marked Ones,455.0,5.2,6.1535777804709015
49730,Red Riding Hood,958.0,5.7,6.153363944306099
23742,Cop Out,518.0,5.3,6.150392422719726
37707,Splice,682.0,5.5,6.149282932205404
27578,The Expendables,2977.0,6.0,6.148965679827705
8859,"Dude, Where’s My Car?",523.0,5.3,6.148758906089134
109439,The Hangover Part III,2991.0,6.0,6.148554411817256
76493,The Dictator,1789.0,5.9,6.1484671537767905
254128,San Andreas,3017.0,6.0,6.1477966224123675
12177,The Love Guru,243.0,4.3,6.146456873632543
10066,House of Wax (2005),696.0,5.5,6.146008391579356
9488,Spy Kids 2: The Island of Lost Dreams,533.0,5.3,6.14551062768316
2157,Lost in Space,395.0,5.0,6.144775447829134
8247,Jumper,1855.0,5.9,6.144299672068188
22825,The Box,610.0,5.4,6.14398483042611
9645,Ghost Ship,540.0,5.3,6.143251586711468
8373,Transformers: Revenge of the Fallen,3192.0,6.0,6.14289058026057
77931,The Smurfs 2,711.0,5.5,6.1425364103995825
4442,The Brothers Grimm,847.0,5.6,6.141619089702494
299245,The Gallows,370.0,4.9,6.1413547193227265
2268,The Golden Compass,1347.0,5.8,6.141207777938025
32856,Valentine's Day,1043.0,5.7,6.141024350247271
9767,The Break-Up,851.0,5.6,6.140879917639235
88751,Journey to the Center of the Earth (2008),1353.0,5.8,6.140611425917859
70074,Bullet to the Head,490.0,5.2,6.140591059983547
2312,In the Name of the King: A Dungeon Siege Tale,227.0,4.1,6.1395834303321335
48988,Hall Pass,627.0,5.4,6.139312508396799
8274,American Pie Presents: Band Camp,553.0,5.3,6.13908809305331
8285,The Spirit,323.0,4.7,6.138751116171669
10996,Stuart Little 2,632.0,5.4,6.137949443981163
35791,Resident Evil: Afterlife,1382.0,5.8,6.137758198300009
955,Mission: Impossible II,1966.0,5.9,6.137597349103354
23023,Tooth Fairy,500.0,5.2,6.136945287546159
10588,The Cat in the Hat,380.0,4.9,6.136308459360846
26123,American Pie Presents: The Book of Love,454.0,5.1,6.136037409816576
27573,The Bounty Hunter,878.0,5.6,6.135942796397746
9482,Judge Dredd,643.0,5.4,6.134968322813387
77987,Only God Forgives,886.0,5.6,6.134497208181093
18360,Night at the Museum: Battle of the Smithsonian,2026.0,5.9,6.134125353354209
11090,The Animal,310.0,4.6,6.133606140130427
38319,Your Highness,511.0,5.2,6.132967442291328
7451,xXx,1454.0,5.8,6.130876779412475
14199,The Adventures of Sharkboy and Lavagirl,278.0,4.4,6.130839074028166
268920,Hot Pursuit,659.0,5.4,6.1306748916937925
89492,This Is 40,909.0,5.6,6.130384246844114
12107,Nutty Professor II: The Klumps,338.0,4.7,6.12982567654613
11918,Superhero Movie,394.0,4.9,6.129312231291948
23437,A Nightmare on Elm Street (2010),771.0,5.5,6.129013835600314
11470,Jason X,298.0,4.5,6.1288134715215685
347969,The Ridiculous 6,397.0,4.9,6.127823328934664
188161,A Million Ways to Die in the West,1494.0,5.8,6.127173573946114
9757,Norbit,434.0,5.0,6.127016048292413
9513,Garfield: A Tail of Two Kitties,477.0,5.1,6.126718158198131
133805,Carrie (2013),1505.0,5.8,6.126169680080535
296,Terminator 3: Rise of the Machines,2177.0,5.9,6.1258205979879286
10756,The Haunted Mansion,481.0,5.1,6.125114506181188
43593,Piranha 3D,599.0,5.3,6.124680189852262
52451,The Three Musketeers (2011),945.0,5.6,6.124072131640098
19899,Couples Retreat,601.0,5.3,6.124064974954667
9381,Babylon A.D.,687.0,5.4,6.123280866876783
152760,The Monuments Men,1545.0,5.8,6.122570516725668
8698,The League of Extraordinary Gentlemen,1181.0,5.7,6.12236066011583
1966,Alexander,957.0,5.6,6.122001348262142
9607,Super Mario Bros.,236.0,4.0,6.121467214147419
9982,Chicken Little,974.0,5.6,6.119095595738212
5559,Bee Movie,1208.0,5.7,6.1188923172811975
3050,Doctor Dolittle (1998),705.0,5.4,6.118606077166454
157353,Transcendence,2339.0,5.9,6.117541948789807
38321,Priest (2011),710.0,5.4,6.117318229575696
17692,Jaws 3-D,266.0,4.2,6.117015279355789
59965,Abduction,987.0,5.6,6.116895285089328
10555,Shark Tale,1612.0,5.8,6.116716638796493
57201,The Lone Ranger,2361.0,5.9,6.116464268817419
326,Snakes on a Plane,504.0,5.1,6.115989858396917
10808,Dr. Dolittle 2,422.0,4.9,6.115554665203026
9327,The Nutty Professor (1996),717.0,5.4,6.115522978460363
8202,Æon Flux,717.0,5.4,6.115522978460363
24021,The Twilight Saga: Eclipse,2382.0,5.9,6.11544548787071
324668,Jason Bourne,2386.0,5.9,6.115252520651757
267860,London Has Fallen,1656.0,5.8,6.112986521394749
9823,Mortal Kombat: Annihilation,225.0,3.8,6.112068372244393
109491,Beautiful Creatures,1017.0,5.6,6.111888146274468
106747,Machete Kills,642.0,5.3,6.111652306105812
271969,Ben-Hur (2016),642.0,5.3,6.111652306105812
2310,Beowulf,855.0,5.5,6.111011088640254
6171,Dreamcatcher (2003),574.0,5.2,6.110820473107902
36648,Blade: Trinity,1276.0,5.7,6.110404503822975
19585,G-Force,519.0,5.1,6.110126010352147
534,Terminator Salvation,2496.0,5.9,6.110078124674596
74997,The Human Centipede 2 (Full Sequence),326.0,4.5,6.109857642346979
12536,Home Alone 4,239.0,3.9,6.108416306778806
6280,Junior,381.0,4.7,6.10484243670319
10054,Spy Kids,893.0,5.5,6.103201195649006
270487,"Hail, Caesar!",1338.0,5.7,6.102959959801844
274854,The Last Witch Hunter,1345.0,5.7,6.102136379977726
287424,Maggie,604.0,5.2,6.100639726747784
1375,Rocky V,688.0,5.3,6.098163620948613
23398,Alvin and the Chipmunks: The Squeakquel,688.0,5.3,6.098163620948613
11451,Herbie Fully Loaded,559.0,5.1,6.0948149811874845
226486,Tammy,508.0,5.0,6.094790082731396
13051,Max Payne,625.0,5.2,6.093647570049248
9574,Flubber,707.0,5.3,6.0927221495199815
10073,Date Movie,225.0,3.6,6.092545172174978
22894,Legion,643.0,5.2,6.087740132798881
332,Inspector Gadget,322.0,4.3,6.085727011222013
124459,The Incredible Burt Wonderstone,732.0,5.3,6.085674352177213
19912,The Final Destination,851.0,5.4,6.082810008565385
4474,My Super Ex-Girlfriend,453.0,4.8,6.082793578477552
5550,RoboCop 3,309.0,4.2,6.082509887023468
9637,Scooby-Doo,853.0,5.4,6.082344395439648
49013,Cars 2,2088.0,5.8,6.080546070515412
580,Jaws: The Revenge,227.0,3.5,6.080544439456735
9722,Bewitched,463.0,4.8,6.0777490688392275
395,AVP: Alien vs. Predator,1241.0,5.6,6.077360994475892
4327,Charlie's Angels,1253.0,5.6,6.075642297245597
9920,Ultraviolet,468.0,4.8,6.075241662750333
888,The Flintstones,559.0,5.0,6.073632313838729
869,Planet of the Apes (2001),1270.0,5.6,6.073228554039527
4257,Scary Movie 4,779.0,5.3,6.072758178563708
71469,The Darkest Hour,474.0,4.8,6.072245734883108
328111,The Secret Life of Pets,3536.0,5.9,6.071174421888498
10661,You Don't Mess with the Zohan,1068.0,5.5,6.069668195049068
40264,Vampires Suck,326.0,4.2,6.069208418547648
222936,Aloha,704.0,5.2,6.068288580831091
9714,Home Alone 3,632.0,5.1,6.068036650603704
256961,Paul Blart: Mall Cop 2,576.0,5.0,6.066760290895806
559,Spider-Man 3,3687.0,5.9,6.066692444811332
9334,The Scorpion King,802.0,5.3,6.066591021566895
37169,The Human Centipede (First Sequence),528.0,4.9,6.066148505379595
39451,Little Fockers,1092.0,5.5,6.065357901166384
71668,Piranha 3DD,319.0,4.1,6.061365178350826
62764,Mirror Mirror,1148.0,5.5,6.055549805481718
11411,Superman IV: The Quest for Peace,327.0,4.1,6.054846172377786
64635,Total Recall (2012),2540.0,5.8,6.05309840898813
11667,Street Fighter,330.0,4.1,6.052412703419039
23047,Season of the Witch,756.0,5.2,6.052367635044593
19994,Jennifer's Body,858.0,5.3,6.051979099237466
8814,Doom,619.0,5.0,6.0497645360620655
249070,Hitman: Agent 47,1183.0,5.5,6.049590706141593
50619,The Twilight Saga: Breaking Dawn - Part 1,2622.0,5.8,6.048684480822789
41513,The Smurfs,1201.0,5.5,6.046575532880633
98566,Teenage Mutant Ninja Turtles (2014),2677.0,5.8,6.045809183322237
4248,Scary Movie 2,1019.0,5.4,6.045793573502223
20533,Jonah Hex,427.0,4.5,6.044999698679556
6477,Alvin and the Chipmunks,1212.0,5.5,6.044749159192793
325133,Neighbors 2: Sorority Rising,1490.0,5.6,6.044065601648402
100241,"I, Frankenstein",701.0,5.1,6.0440180494452305
80035,The Watch,899.0,5.3,6.04162943137841
9947,Elektra,590.0,4.9,6.039068894400537
14560,Paul Blart: Mall Cop,807.0,5.2,6.037309961933776
40805,The Green Hornet,1274.0,5.5,6.03467910809783
42684,Skyline,516.0,4.7,6.031784893624574
72331,Abraham Lincoln: Vampire Hunter,1297.0,5.5,6.031037473046599
331,Jurassic Park III,2109.0,5.7,6.028792894306381
71679,Resident Evil: Retribution,1618.0,5.6,6.028694815939835
12279,Spy Kids 3-D: Game Over,525.0,4.7,6.027183629092579
8920,Garfield,851.0,5.2,6.024740099491535
91314,Transformers: Age of Extinction,3136.0,5.8,6.0241781448450835
109431,Identity Thief,1667.0,5.6,6.023088643991703
58595,Snow White and the Huntsman,3183.0,5.8,6.022176154933016
100042,Dumb and Dumber To,1140.0,5.4,6.021525798414483
38745,Gulliver's Travels (2010),633.0,4.9,6.02101476053916
224141,Into the Woods (2014),1688.0,5.6,6.02073063459035
1995,Lara Croft: Tomb Raider,2235.0,5.7,6.0191918781456835
184315,Hercules (2014),1707.0,5.6,6.018619732133963
9708,The Wicker Man (2006),355.0,4.0,6.017787632027234
13805,Disaster Movie,250.0,3.1,6.0121513314039845
109091,The Counselor,724.0,5.0,6.010453822145442
1996,Lara Croft Tomb Raider: The Cradle of Life,1443.0,5.5,6.009029930769586
62213,Dark Shadows,2383.0,5.7,6.008606861964556
97020,RoboCop (2014),2385.0,5.7,6.008468626659809
11679,xXx: State of the Union,565.0,4.7,6.0071124197450665
57165,Wrath of the Titans,1459.0,5.5,6.006728547903958
44943,Battle: Los Angeles,1462.0,5.5,6.006299353351887
87101,Terminator Genisys,3677.0,5.8,6.003111368798533
9471,Charlie's Angels: Full Throttle,930.0,5.2,6.003093737306172
8966,Twilight (2008),3688.0,5.8,6.002724017129953
9360,Anaconda,624.0,4.8,6.001668667913502
929,Godzilla (1998),1075.0,5.3,6.000257371623865
17610,Year One,538.0,4.6,6.000042779504847
201088,Blackhat,842.0,5.1,5.998464037579257
297761,Suicide Squad,7717.0,5.9,5.998123088778112
217,Indiana Jones and the Kingdom of the Crystal Skull,2558.0,5.7,5.996962449919623
49524,R.I.P.D.,1280.0,5.4,5.995628504770819
147441,Exodus: Gods and Kings,1957.0,5.6,5.99269547420818
68737,Seventh Son,980.0,5.2,5.989971076195596
5491,Battlefield Earth,259.0,3.0,5.989872376324724
14869,G.I. Joe: The Rise of Cobra,1988.0,5.6,5.9897029202927055
7278,Meet the Spartans,370.0,3.8,5.975228880019884
2698,Evan Almighty,1194.0,5.3,5.974804744912022
96936,The Bling Ring,1205.0,5.3,5.972545090368107
440,Aliens vs Predator: Requiem,758.0,4.9,5.971638680950938
7840,"10,000 BC",934.0,5.1,5.9710386683935415
10200,The Day the Earth Stood Still (2008),1057.0,5.2,5.970580339056955
1452,Superman Returns,1429.0,5.4,5.970336423888831
1639,Speed 2: Cruise Control,439.0,4.1,5.967927904327086
18823,Clash of the Titans (2010),2280.0,5.6,5.96360325109341
60304,Hansel & Gretel: Witch Hunters,3290.0,5.7,5.95648227536657
18239,The Twilight Saga: New Moon,2518.0,5.6,5.944782347481968
68728,Oz: The Great and Powerful,3576.0,5.7,5.94351293674886
243688,Poltergeist (2015),924.0,5.0,5.9431788127647645
257344,Pixels,2564.0,5.6,5.941367153954007
8487,Wild Wild West,1042.0,5.1,5.940906162688291
52449,Bad Teacher,1634.0,5.4,5.938855395092749
44833,Battleship,2141.0,5.5,5.924853882326186
9760,Epic Movie,334.0,3.2,5.924651295430607
1927,Hulk,1571.0,5.3,5.905123870391189
86834,Noah,2408.0,5.5,5.899578202654823
8645,The Happening,968.0,4.9,5.897804096066115
329833,Zoolander 2,814.0,4.7,5.894646415661885
258489,The Legend of Tarzan,2488.0,5.5,5.892580259110698
1735,The Mummy: Tomb of the Dragon Emperor,1418.0,5.2,5.891053901457915
2486,Eragon,990.0,4.9,5.890653591949288
242512,Ouija,1006.0,4.9,5.8855172619792
49849,Cowboys & Aliens,2054.0,5.4,5.884108901802081
81005,Jack the Giant Slayer,2634.0,5.5,5.880421301584597
205321,Sharknado,484.0,3.8,5.878512449386577
414,Batman Forever,1529.0,5.2,5.869799247594096
9738,Fantastic Four (2005),3040.0,5.5,5.850254786590633
209112,Batman v Superman: Dawn of Justice,7189.0,5.7,5.84859255844564
87818,Movie 43,816.0,4.5,5.837466805229618
225886,Sex Tape,1733.0,5.2,5.833963727456357
1250,Ghost Rider,1754.0,5.2,5.83049126738865
14161,2012,4994.0,5.6,5.824102798946092
1979,Fantastic 4: Rise of the Silver Surfer,2648.0,5.4,5.823287470173058
71880,Jack and Jill,619.0,4.0,5.820416085738792
43074,Ghostbusters (2016),2203.0,5.3,5.815830676193912
72559,G.I. Joe: Retaliation,3045.0,5.4,5.7904978574629435
9480,Daredevil,1551.0,5.0,5.780308733142762
122081,Spring Breakers,1580.0,5.0,5.774125874562415
71676,Ghost Rider: Spirit of Vengeance,1163.0,4.7,5.766080881482821
10196,The Last Airbender,1180.0,4.7,5.760521478735782
314,Catwoman,833.0,4.2,5.743872017921596
14164,Dragonball Evolution,475.0,2.9,5.718511906144822
76757,Jupiter Ascending,2816.0,5.2,5.693728897273198
44912,Green Lantern,2551.0,5.1,5.666895992097672
216015,Fifty Shades of Grey,3350.0,5.2,5.645173895635265
47964,A Good Day to Die Hard,3519.0,5.2,5.631736663946761
241251,The Boy Next Door,1034.0,4.1,5.611012378042266
82700,After Earth,2579.0,5.0,5.608133161893713
47933,Independence Day: Resurgence,2550.0,4.9,5.556866055703564
415,Batman & Robin,1447.0,4.2,5.475102282313249
166424,Fantastic Four (2015),2322.0,4.4,5.32714183364298
